ref x,ref y),x,y0.000000,0.000000,0.000014,0.000001
0.000000,0.000000,0.012304,0.000069
0.000000,0.000000,0.033841,0.000267
0.100005,0.000314,0.060371,0.000571
0.100005,0.000314,0.089253,0.000985
0.100005,0.000314,0.119237,0.001486
0.100005,0.000314,0.149736,0.002038
0.200009,0.000626,0.180466,0.002647
0.200009,0.000626,0.211298,0.003237
0.200009,0.000626,0.242175,0.003683
0.300014,0.000931,0.273072,0.003915
0.300014,0.000931,0.303977,0.003925
0.300014,0.000931,0.334883,0.003922
0.400019,0.001228,0.365787,0.003837
0.400019,0.001228,0.396691,0.003670
0.400019,0.001228,0.427593,0.003446
0.500023,0.001512,0.458490,0.003223
0.500023,0.001512,0.489382,0.002993
0.500023,0.001512,0.520271,0.002741
0.600027,0.001781,0.551156,0.002517
0.600027,0.001781,0.582039,0.002308
0.600027,0.001781,0.612919,0.002094
0.600027,0.001781,0.643798,0.001929
0.700031,0.002032,0.674675,0.001787
0.700031,0.002032,0.705552,0.001649
0.700031,0.002032,0.736427,0.001580
0.800034,0.002262,0.767302,0.001542
0.800034,0.002262,0.798176,0.001519
0.800034,0.002262,0.829049,0.001504
0.900037,0.002467,0.859921,0.001498
0.900037,0.002467,0.890793,0.001498
0.900037,0.002467,0.921665,0.001469
1.000040,0.002646,0.952536,0.001433
1.000040,0.002646,0.983407,0.001393
1.000040,0.002646,1.014277,0.001340
1.000040,0.002646,1.045147,0.001282
1.100042,0.002794,1.076017,0.001221
1.100042,0.002794,1.106887,0.001155
1.100042,0.002794,1.137757,0.001085
1.200044,0.002909,1.168627,0.001014
1.200044,0.002909,1.199496,0.000942
1.200044,0.002909,1.230365,0.000868
1.300045,0.002987,1.261235,0.000792
1.300045,0.002987,1.292104,0.000721
1.300045,0.002987,1.322973,0.000648
1.400046,0.003027,1.353843,0.000575
1.400046,0.003027,1.384714,0.000507
1.400046,0.003027,1.415586,0.000438
1.400046,0.003027,1.446458,0.000371
1.500046,0.003024,1.477332,0.000309
1.500046,0.003024,1.508207,0.000248
1.500046,0.003024,1.539082,0.000187
1.600045,0.002975,1.569959,0.000128
1.600045,0.002975,1.600837,0.000069
1.600045,0.002975,1.631716,0.000010
1.700043,0.002879,1.662597,-0.000050
1.700043,0.002879,1.693478,-0.000109
1.700043,0.002879,1.724360,-0.000169
1.800041,0.002730,1.755244,-0.000230
1.800041,0.002730,1.786128,-0.000292
1.800041,0.002730,1.817014,-0.000355
1.800041,0.002730,1.847900,-0.000418
1.900038,0.002528,1.878787,-0.000481
1.900038,0.002528,1.909676,-0.000545
1.900038,0.002528,1.940565,-0.000610
2.000034,0.002268,1.971454,-0.000674
2.000034,0.002268,2.002344,-0.000739
2.000034,0.002268,2.033235,-0.000802
2.100029,0.001947,2.064126,-0.000867
2.100029,0.001947,2.095018,-0.000929
2.100029,0.001947,2.125910,-0.000992
2.200024,0.001563,2.156802,-0.001054
2.200024,0.001563,2.187694,-0.001115
2.200024,0.001563,2.218587,-0.001174
2.200024,0.001563,2.249479,-0.001234
2.300017,0.001113,2.280371,-0.001293
2.300017,0.001113,2.311263,-0.001350
2.300017,0.001113,2.342154,-0.001408
2.400009,0.000593,2.373045,-0.001463
2.400009,0.000593,2.403936,-0.001518
2.400009,0.000593,2.434826,-0.001573
2.500000,-0.000000,2.465715,-0.001627
2.500000,-0.000000,2.496604,-0.001680
2.500000,-0.000000,2.527492,-0.001734
2.599990,-0.000665,2.558379,-0.001785
2.599990,-0.000665,2.589265,-0.001835
2.599990,-0.000665,2.620151,-0.001885
2.699979,-0.001391,2.651036,-0.001933
2.699979,-0.001391,2.681920,-0.001981
2.699979,-0.001391,2.712803,-0.002028
2.699979,-0.001391,2.743685,-0.002073
2.799967,-0.002162,2.774566,-0.002116
2.799967,-0.002162,2.805447,-0.002159
2.799967,-0.002162,2.836327,-0.002199
2.899955,-0.002963,2.867206,-0.002238
2.899955,-0.002963,2.898084,-0.002276
2.899955,-0.002963,2.928962,-0.002309
2.999943,-0.003780,2.959840,-0.002341
2.999943,-0.003780,2.990717,-0.002371
2.999943,-0.003780,3.021593,-0.002399
3.099931,-0.004596,3.052469,-0.002426
3.099931,-0.004596,3.083346,-0.002451
3.099931,-0.004596,3.114221,-0.002474
3.099931,-0.004596,3.145097,-0.002496
3.199919,-0.005397,3.175973,-0.002515
3.199919,-0.005397,3.206850,-0.002532
3.199919,-0.005397,3.237726,-0.002546
3.299907,-0.006169,3.268603,-0.002559
3.299907,-0.006169,3.299480,-0.002570
3.299907,-0.006169,3.330357,-0.002579
3.399896,-0.006894,3.361235,-0.002586
3.399896,-0.006894,3.392114,-0.002589
3.399896,-0.006894,3.422994,-0.002590
3.499886,-0.007559,3.453874,-0.002588
3.499886,-0.007559,3.484755,-0.002581
3.499886,-0.007559,3.515637,-0.002573
3.499886,-0.007559,3.546519,-0.002560
3.599877,-0.008149,3.577403,-0.002543
3.599877,-0.008149,3.608288,-0.002525
3.599877,-0.008149,3.639173,-0.002499
3.699870,-0.008648,3.670059,-0.002468
3.699870,-0.008648,3.700947,-0.002434
3.699870,-0.008648,3.731835,-0.002394
3.799864,-0.009041,3.762724,-0.002349
3.799864,-0.009041,3.793614,-0.002301
3.799864,-0.009041,3.824505,-0.002240
3.899860,-0.009313,3.855396,-0.002173
3.899860,-0.009313,3.886288,-0.002100
3.899860,-0.009313,3.917181,-0.002018
3.899860,-0.009313,3.948074,-0.001930
3.999857,-0.009449,3.978968,-0.001836
3.999857,-0.009449,4.009862,-0.001732
3.999857,-0.009449,4.040756,-0.001621
4.099858,-0.009434,4.071650,-0.001504
4.099858,-0.009434,4.102545,-0.001378
4.099858,-0.009434,4.133439,-0.001246
4.199861,-0.009253,4.164334,-0.001108
4.199861,-0.009253,4.195228,-0.000955
4.199861,-0.009253,4.226121,-0.000795
4.299866,-0.008890,4.257015,-0.000626
4.299866,-0.008890,4.287906,-0.000425
4.299866,-0.008890,4.318797,-0.000213
4.299866,-0.008890,4.349687,0.000011
4.399874,-0.008331,4.380576,0.000251
4.399874,-0.008331,4.411464,0.000502
4.399874,-0.008331,4.442351,0.000766
4.499886,-0.007559,4.473238,0.001054
4.499886,-0.007559,4.504123,0.001354
4.499886,-0.007559,4.535007,0.001678
4.599901,-0.006562,4.565888,0.002048
4.599901,-0.006562,4.596766,0.002437
4.599901,-0.006562,4.627641,0.002868
4.699920,-0.005322,4.658508,0.003379
4.699920,-0.005322,4.689371,0.003926
4.699920,-0.005322,4.720232,0.004505
4.799942,-0.003825,4.751090,0.005119
4.799942,-0.003825,4.781946,0.005760
4.799942,-0.003825,4.812793,0.006461
4.799942,-0.003825,4.843625,0.007251
4.899969,-0.002056,4.874449,0.008089
4.899969,-0.002056,4.905256,0.009017
4.899969,-0.002056,4.936037,0.010077
5.000000,-0.000000,4.966803,0.011232
5.000000,-0.000000,4.997562,0.012510
5.000000,-0.000000,5.028311,0.013901
5.100033,0.002374,5.059053,0.015372
5.100033,0.002374,5.089759,0.016974
5.100033,0.002374,5.120421,0.018734
5.200058,0.005159,5.151057,0.020616
5.200058,0.005159,5.181641,0.022687
5.200058,0.005159,5.212170,0.025000
5.200058,0.005159,5.242658,0.027521
5.300062,0.008463,5.273124,0.030287
5.300062,0.008463,5.303584,0.033279
5.300062,0.008463,5.334020,0.036461
5.400031,0.012395,5.364103,0.040103
5.400031,0.012395,5.393729,0.044680
5.400031,0.012395,5.422937,0.050040
5.499953,0.017064,5.450373,0.055807
5.499953,0.017064,5.476241,0.061869
5.499953,0.017064,5.501186,0.068221
5.499953,0.017064,5.524173,0.074508
5.499953,0.017064,5.545681,0.080752
5.599815,0.022577,5.566423,0.087062
5.599815,0.022577,5.586686,0.093473
5.599815,0.022577,5.606663,0.100011
5.599815,0.022577,5.626574,0.106728
5.699603,0.029043,5.647460,0.113949
5.699603,0.029043,5.669002,0.121574
5.699603,0.029043,5.691165,0.129585
5.699603,0.029043,5.716365,0.137904
5.799305,0.036572,5.743863,0.145606
5.799305,0.036572,5.772554,0.152516
5.799305,0.036572,5.801444,0.158032
5.799305,0.036572,5.830424,0.162082
5.898909,0.045270,5.858842,0.164794
5.898909,0.045270,5.884334,0.166356
5.898909,0.045270,5.908073,0.167094
5.898909,0.045270,5.932054,0.167148
5.998400,0.055242,5.960057,0.166320
5.998400,0.055242,5.990270,0.164530
5.998400,0.055242,6.021393,0.161893
6.097766,0.066519,6.052753,0.159250
6.097766,0.066519,6.084349,0.157155
6.097766,0.066519,6.116129,0.155476
6.196996,0.079071,6.148111,0.154679
6.196996,0.079071,6.180231,0.154733
6.196996,0.079071,6.212713,0.155617
6.296077,0.092867,6.245873,0.157822
6.296077,0.092867,6.279277,0.161259
6.296077,0.092867,6.312825,0.165855
6.394998,0.107876,6.346532,0.171702
6.394998,0.107876,6.380142,0.178641
6.394998,0.107876,6.413426,0.186659
6.493745,0.124066,6.446283,0.195612
6.493745,0.124066,6.478729,0.205371
6.493745,0.124066,6.510839,0.215591
6.592308,0.141406,6.542542,0.226308
6.592308,0.141406,6.573919,0.237476
6.592308,0.141406,6.604938,0.248957
6.690674,0.159866,6.635585,0.260661
6.690674,0.159866,6.665975,0.272619
6.690674,0.159866,6.695766,0.284420
6.788831,0.179414,6.725102,0.295689
6.788831,0.179414,6.754333,0.306613
6.788831,0.179414,6.783561,0.317137
6.886767,0.200018,6.812879,0.327195
6.886767,0.200018,6.842364,0.336908
6.886767,0.200018,6.872309,0.346197
6.886767,0.200018,6.902748,0.354868
6.984470,0.221658,6.933548,0.363002
6.984470,0.221658,6.964877,0.370608
6.984470,0.221658,6.996618,0.377727
7.081928,0.244333,7.028625,0.384415
7.081928,0.244333,7.060858,0.390912
7.081928,0.244333,7.093245,0.397283
7.179130,0.268049,7.125746,0.403550
7.179130,0.268049,7.158412,0.410023
7.179130,0.268049,7.191156,0.416792
7.276062,0.292810,7.223941,0.423817
7.276062,0.292810,7.256842,0.431314
7.372713,0.318621,7.289772,0.439265
7.372713,0.318621,7.322722,0.447628
7.372713,0.318621,7.355930,0.456750
7.469071,0.345487,7.389176,0.466616
7.469071,0.345487,7.422315,0.477113
7.469071,0.345487,7.455314,0.488259
7.565124,0.373412,7.488140,0.499920
7.565124,0.373412,7.520773,0.512016
7.565124,0.373412,7.553219,0.524419
7.660861,0.402400,7.585464,0.537147
7.660861,0.402400,7.617472,0.550111
7.660861,0.402400,7.649165,0.563002
7.756268,0.432457,7.680689,0.575864
7.756268,0.432457,7.712108,0.588686
7.756268,0.432457,7.743450,0.601252
7.851334,0.463587,7.774800,0.613632
7.851334,0.463587,7.806199,0.625887
7.851334,0.463587,7.837672,0.638020
7.946048,0.495785,7.869232,0.649950
7.946048,0.495785,7.900914,0.661715
7.946048,0.495785,7.932726,0.673331
8.040398,0.529047,7.964630,0.684854
8.040398,0.529047,7.996633,0.696367
8.134372,0.563365,8.028748,0.707902
8.134372,0.563365,8.060935,0.719435
8.134372,0.563365,8.093181,0.731051
8.227959,0.598732,8.125484,0.742816
8.227959,0.598732,8.157799,0.754696
8.227959,0.598732,8.190144,0.766788
8.321147,0.635144,8.222502,0.779178
8.321147,0.635144,8.254819,0.791810
8.321147,0.635144,8.287103,0.804768
8.413924,0.672591,8.319341,0.818086
8.413924,0.672591,8.351488,0.831697
8.413924,0.672591,8.383564,0.845699
8.506281,0.711070,8.415565,0.860090
8.506281,0.711070,8.447441,0.874805
8.506281,0.711070,8.479174,0.889835
8.598203,0.750571,8.510765,0.905130
8.598203,0.750571,8.542211,0.920665
8.689681,0.791090,8.573539,0.936297
8.689681,0.791090,8.604743,0.952029
8.689681,0.791090,8.635852,0.967875
8.780703,0.832621,8.666913,0.983701
8.780703,0.832621,8.697933,0.999518
8.780703,0.832621,8.728938,1.015354
8.871257,0.875157,8.759987,1.031130
8.871257,0.875157,8.791047,1.046898
8.871257,0.875157,8.822130,1.062678
8.961333,0.918694,8.853314,1.078391
8.961333,0.918694,8.884547,1.094089
8.961333,0.918694,8.915820,1.109794
9.050920,0.963227,8.947127,1.125627
9.050920,0.963227,8.978474,1.141528
9.140006,1.008752,9.009828,1.157518
9.140006,1.008752,9.041192,1.173704
9.140006,1.008752,9.072559,1.190020
9.228581,1.055262,9.103900,1.206479
9.228581,1.055262,9.135214,1.223187
9.228581,1.055262,9.166490,1.240073
9.316634,1.102752,9.197704,1.257156
9.316634,1.102752,9.228866,1.274534
9.316634,1.102752,9.259956,1.292135
9.404154,1.151219,9.290951,1.309957
9.404154,1.151219,9.321831,1.328016
9.491128,1.200656,9.352608,1.346251
9.491128,1.200656,9.383300,1.364625
9.491128,1.200656,9.413914,1.383092
9.577548,1.251059,9.444433,1.401687
9.577548,1.251059,9.474890,1.420383
9.577548,1.251059,9.505301,1.439153
9.663402,1.302421,9.535642,1.458034
9.663402,1.302421,9.565930,1.477011
9.663402,1.302421,9.596178,1.496085
9.748679,1.354735,9.626367,1.515273
9.748679,1.354735,9.656521,1.534535
9.833369,1.407993,9.686642,1.553883
9.833369,1.407993,9.716710,1.573335
9.833369,1.407993,9.746714,1.592901
9.917463,1.462191,9.776653,1.612578
9.917463,1.462191,9.806522,1.632363
9.917463,1.462191,9.836316,1.652275
10.000950,1.517319,9.866033,1.672307
10.000950,1.517319,9.895675,1.692451
10.000950,1.517319,9.925227,1.712742
10.083818,1.573372,9.954696,1.733159
10.083818,1.573372,9.984084,1.753694
10.166059,1.630343,10.013382,1.774360
10.166059,1.630343,10.042598,1.795145
10.166059,1.630343,10.071730,1.816045
10.247661,1.688224,10.100781,1.837052
10.247661,1.688224,10.129752,1.858170
10.247661,1.688224,10.158637,1.879399
10.328614,1.747010,10.187458,1.900707
10.328614,1.747010,10.216199,1.922117
10.408908,1.806692,10.244861,1.943633
10.408908,1.806692,10.273444,1.965252
10.408908,1.806692,10.301947,1.986976
10.488534,1.867262,10.330371,2.008806
10.488534,1.867262,10.358711,2.030746
10.488534,1.867262,10.386969,2.052792
10.567482,1.928714,10.415144,2.074947
10.567482,1.928714,10.443226,2.097227
10.567482,1.928714,10.471225,2.119614
10.645741,1.991039,10.499133,2.142115
10.645741,1.991039,10.526945,2.164741
10.723305,2.054230,10.554668,2.187478
10.723305,2.054230,10.582297,2.210330
10.723305,2.054230,10.609827,2.233309
10.800160,2.118278,10.637261,2.256402
10.800160,2.118278,10.664603,2.279604
10.800160,2.118278,10.691852,2.302914
10.876299,2.183177,10.719005,2.326333
10.876299,2.183177,10.746070,2.349850
10.876299,2.183177,10.773052,2.373457
10.951713,2.248918,10.799940,2.397168
10.951713,2.248918,10.826734,2.420984
11.026389,2.315493,10.853434,2.444908
11.026389,2.315493,10.880040,2.468935
11.026389,2.315493,10.906554,2.493061
11.100322,2.382895,10.932978,2.517284
11.100322,2.382895,10.959308,2.541607
11.100322,2.382895,10.985538,2.566039
11.173499,2.451116,11.011669,2.590580
11.173499,2.451116,11.037704,2.615223
11.245914,2.520145,11.063640,2.639968
11.245914,2.520145,11.089479,2.664813
11.245914,2.520145,11.115220,2.689759
11.317558,2.589975,11.140863,2.714804
11.317558,2.589975,11.166408,2.739948
11.317558,2.589975,11.191853,2.765192
11.388421,2.660597,11.217185,2.790553
11.388421,2.660597,11.242417,2.816021
11.388421,2.660597,11.267544,2.841591
11.458495,2.732002,11.292584,2.867239
11.458495,2.732002,11.317527,2.892978
11.527772,2.804181,11.342372,2.918811
11.527772,2.804181,11.367108,2.944752
11.527772,2.804181,11.391744,2.970789
11.596242,2.877126,11.416278,2.996923
11.596242,2.877126,11.440706,3.023160
11.596242,2.877126,11.465031,3.049494
11.663897,2.950828,11.489251,3.075926
11.663897,2.950828,11.513355,3.102466
11.663897,2.950828,11.537353,3.129105
11.730727,3.025277,11.561245,3.155839
11.730727,3.025277,11.585034,3.182664
11.796725,3.100465,11.608718,3.209583
11.796725,3.100465,11.632295,3.236595
11.796725,3.100465,11.655784,3.263679
11.861883,3.176383,11.679170,3.290853
11.861883,3.176383,11.702451,3.318118
11.861883,3.176383,11.725624,3.345480
11.926194,3.253019,11.748691,3.372933
11.926194,3.253019,11.771650,3.400475
11.989649,3.330366,11.794513,3.428099
11.989649,3.330366,11.817265,3.455814
11.989649,3.330366,11.839913,3.483617
12.052241,3.408413,11.862441,3.511520
12.052241,3.408413,11.884863,3.539511
12.052241,3.408413,11.907176,3.567590
12.113961,3.487150,11.929374,3.595757
12.113961,3.487150,11.951465,3.624010
12.113961,3.487150,11.973443,3.652352
12.174804,3.566569,11.995299,3.680789
12.174804,3.566569,12.017046,3.709310
12.234758,3.646659,12.038671,3.737923
12.234758,3.646659,12.060178,3.766627
12.234758,3.646659,12.081565,3.795418
12.293819,3.727411,12.102830,3.824304
12.293819,3.727411,12.123963,3.853288
12.293819,3.727411,12.144974,3.882358
12.351978,3.808814,12.165871,3.911505
12.351978,3.808814,12.186656,3.940727
12.351978,3.808814,12.207323,3.970030
12.409228,3.890860,12.227867,3.999417
12.409228,3.890860,12.248293,4.028885
12.465563,3.973537,12.268598,4.058433
12.465563,3.973537,12.288784,4.088061
12.465563,3.973537,12.308851,4.117768
12.520975,4.056834,12.328796,4.147554
12.520975,4.056834,12.348605,4.177431
12.520975,4.056834,12.368299,4.207384
12.575459,4.140743,12.387871,4.237417
12.575459,4.140743,12.407322,4.267530
12.629006,4.225251,12.426649,4.297721
12.629006,4.225251,12.445855,4.327988
12.629006,4.225251,12.464956,4.358316
12.681611,4.310349,12.483938,4.388718
12.681611,4.310349,12.502803,4.419191
12.681611,4.310349,12.521561,4.449727
12.733268,4.396028,12.540201,4.480335
12.733268,4.396028,12.558724,4.511016
12.733268,4.396028,12.577120,4.541776
12.783968,4.482274,12.595395,4.572610
12.783968,4.482274,12.613549,4.603518
12.833705,4.569080,12.631570,4.634508
12.833705,4.569080,12.649469,4.665570
12.833705,4.569080,12.667251,4.696702
12.882475,4.656433,12.684896,4.727914
12.882475,4.656433,12.702413,4.759199
12.882475,4.656433,12.719806,4.790556
12.930270,4.744323,12.737066,4.821990
12.930270,4.744323,12.754201,4.853495
12.930270,4.744323,12.771212,4.885066
12.977085,4.832739,12.788117,4.916693
12.977085,4.832739,12.804899,4.948385
13.022915,4.921669,12.821558,4.980146
13.022915,4.921669,12.838085,5.011977
13.022915,4.921669,12.854490,5.043875
13.067755,5.011104,12.870773,5.075834
13.067755,5.011104,12.886945,5.107846
13.067755,5.011104,12.902997,5.139921
13.111597,5.101031,12.918933,5.172062
13.111597,5.101031,12.934774,5.204264
13.154437,5.191440,12.950505,5.236526
13.154437,5.191440,12.966141,5.268849
13.154437,5.191440,12.981623,5.301252
13.196270,5.282319,12.996956,5.333725
13.196270,5.282319,13.012160,5.366273
13.196270,5.282319,13.027198,5.398914
13.237089,5.373658,13.042023,5.431645
13.237089,5.373658,13.056648,5.464462
13.237089,5.373658,13.071071,5.497357
13.276890,5.465445,13.085299,5.530326
13.276890,5.465445,13.099450,5.563316
13.315668,5.557670,13.113475,5.596345
13.315668,5.557670,13.127364,5.629424
13.315668,5.557670,13.141164,5.662523
13.353418,5.650319,13.154859,5.695651
13.353418,5.650319,13.168433,5.728825
13.353418,5.650319,13.181895,5.762038
13.390137,5.743382,13.195240,5.795294
13.390137,5.743382,13.208460,5.828599
13.425818,5.836848,13.221530,5.861967
13.425818,5.836848,13.234456,5.895392
13.425818,5.836848,13.247259,5.928867
13.460461,5.930705,13.259897,5.962411
13.460461,5.930705,13.272393,5.996012
13.460461,5.930705,13.284754,6.029663
13.494057,6.024940,13.296955,6.063377
13.494057,6.024940,13.309012,6.097144
13.494057,6.024940,13.320927,6.130960
13.526603,6.119543,13.332728,6.164811
13.526603,6.119543,13.344396,6.198706
13.558096,6.214502,13.355928,6.232647
13.558096,6.214502,13.367335,6.266628
13.558096,6.214502,13.378607,6.300653
13.588531,6.309806,13.389745,6.334722
13.588531,6.309806,13.400751,6.368835
13.588531,6.309806,13.411622,6.402992
13.617903,6.405442,13.422357,6.437195
13.617903,6.405442,13.432942,6.471449
13.617903,6.405442,13.443392,6.505747
13.646211,6.501399,13.453710,6.540088
13.646211,6.501399,13.463870,6.574478
13.673450,6.597664,13.473890,6.608911
13.673450,6.597664,13.483766,6.643389
13.673450,6.597664,13.493498,6.677913
13.699618,6.694227,13.503087,6.712479
13.699618,6.694227,13.512537,6.747084
13.699618,6.694227,13.521855,6.781726
13.724712,6.791074,13.531032,6.816406
13.724712,6.791074,13.540076,6.851124
13.724712,6.791074,13.548984,6.885875
13.748728,6.888194,13.557756,6.920663
13.748728,6.888194,13.566389,6.955488
13.771664,6.985574,13.574878,6.990349
13.771664,6.985574,13.583260,7.025243
13.771664,6.985574,13.591551,7.060170
13.793514,7.083204,13.599737,7.095128
13.793514,7.083204,13.607812,7.130118
13.793514,7.083204,13.615769,7.165147
13.814278,7.181071,13.623571,7.200216
13.814278,7.181071,13.631192,7.235322
13.833952,7.279162,13.638630,7.270479
13.833952,7.279162,13.645835,7.305686
13.833952,7.279162,13.652829,7.340927
13.852533,7.377467,13.659631,7.376207
13.852533,7.377467,13.666204,7.411522
13.852533,7.377467,13.672586,7.446862
13.870022,7.475972,13.678868,7.482212
13.870022,7.475972,13.684996,7.517579
13.870022,7.475972,13.690970,7.552967
13.886415,7.574665,13.696846,7.588355
13.886415,7.574665,13.702592,7.623756
13.901710,7.673534,13.708194,7.659172
13.901710,7.673534,13.713726,7.694585
13.901710,7.673534,13.719137,7.730007
13.915906,7.772567,13.724418,7.765447
13.915906,7.772567,13.729545,7.800909
13.915906,7.772567,13.734544,7.836392
13.929000,7.871751,13.739406,7.871895
13.929000,7.871751,13.744097,7.907428
13.929000,7.871751,13.748642,7.942982
13.940990,7.971076,13.753045,7.978555
13.940990,7.971076,13.757298,8.014147
13.951876,8.070527,13.761405,8.049756
13.951876,8.070527,13.765365,8.085385
13.951876,8.070527,13.769157,8.121035
13.961654,8.170093,13.772798,8.156703
13.961654,8.170093,13.776293,8.192385
13.961654,8.170093,13.779651,8.228079
13.970325,8.269761,13.782864,8.263786
13.970325,8.269761,13.785929,8.299507
13.977887,8.369520,13.788840,8.335243
13.977887,8.369520,13.791604,8.370993
13.977887,8.369520,13.794221,8.406754
13.984341,8.469357,13.796703,8.442525
13.984341,8.469357,13.799045,8.478307
13.984341,8.469357,13.801230,8.514100
13.989684,8.569260,13.803264,8.549904
13.989684,8.569260,13.805153,8.585718
13.989684,8.569260,13.806891,8.621543
13.993917,8.669215,13.808478,8.657379
13.993917,8.669215,13.809917,8.693223
13.997039,8.769212,13.811209,8.729075
13.997039,8.769212,13.812354,8.764934
13.997039,8.769212,13.813350,8.800799
13.999049,8.869237,13.814203,8.836669
13.999049,8.869237,13.814909,8.872544
13.999049,8.869237,13.815467,8.908421
13.999948,8.969277,13.815881,8.944303
13.999948,8.969277,13.816144,8.980186
13.999948,8.969277,13.816263,9.016072
13.999733,9.069323,13.816237,9.051957
13.999733,9.069323,13.816064,9.087841
13.998405,9.169359,13.815749,9.123724
13.998405,9.169359,13.815275,9.159606
13.998405,9.169359,13.814657,9.195487
13.995966,9.269375,13.813885,9.231363
13.995966,9.269375,13.812966,9.267237
13.995966,9.269375,13.811892,9.303104
13.992415,9.369357,13.810671,9.338967
13.992415,9.369357,13.809291,9.374824
13.992415,9.369357,13.807755,9.410673
13.987754,9.469294,13.806068,9.446514
13.987754,9.469294,13.804223,9.482347
13.981982,9.569172,13.802226,9.518169
13.981982,9.569172,13.800077,9.553981
13.981982,9.569172,13.797771,9.589780
13.975101,9.668980,13.795316,9.625568
13.975101,9.668980,13.792707,9.661342
13.975101,9.668980,13.789956,9.697102
13.967111,9.768705,13.787055,9.732847
13.967111,9.768705,13.784005,9.768577
13.958013,9.868337,13.780812,9.804292
13.958013,9.868337,13.777470,9.839991
13.958013,9.868337,13.773975,9.875673
13.947807,9.967859,13.770335,9.911339
13.947807,9.967859,13.766549,9.946991
13.947807,9.967859,13.762618,9.982626
13.936495,10.067263,13.758554,10.018243
13.936495,10.067263,13.754345,10.053844
13.936495,10.067263,13.749991,10.089426
13.924078,10.166534,13.745494,10.124991
13.924078,10.166534,13.740851,10.160538
13.910559,10.265662,13.736064,10.196065
13.910559,10.265662,13.731134,10.231574
13.910559,10.265662,13.726059,10.267063
13.895939,10.364634,13.720837,10.302532
13.895939,10.364634,13.715473,10.337982
13.895939,10.364634,13.709961,10.373411
13.880219,10.463436,13.704300,10.408817
13.880219,10.463436,13.698487,10.444201
13.880219,10.463436,13.692526,10.479562
13.863404,10.562058,13.686417,10.514899
13.863404,10.562058,13.680157,10.550213
13.845493,10.660487,13.673751,10.585502
13.845493,10.660487,13.667198,10.620766
13.845493,10.660487,13.660495,10.656004
13.826490,10.758711,13.653646,10.691217
13.826490,10.758711,13.646649,10.726401
13.826490,10.758711,13.639507,10.761558
13.806396,10.856717,13.632219,10.796686
13.806396,10.856717,13.624787,10.831785
13.806396,10.856717,13.617208,10.866853
13.785212,10.954494,13.609484,10.901891
13.785212,10.954494,13.601619,10.936897
13.762942,11.052029,13.593612,10.971871
13.762942,11.052029,13.585460,11.006811
13.762942,11.052029,13.577165,11.041718
13.739590,11.149310,13.568725,11.076591
13.739590,11.149310,13.560141,11.111429
13.739590,11.149310,13.551413,11.146231
13.715158,11.246326,13.542542,11.180997
13.715158,11.246326,13.533527,11.215725
13.689649,11.343065,13.524363,11.250415
13.689649,11.343065,13.515054,11.285065
13.689649,11.343065,13.505601,11.319675
13.663067,11.439514,13.496003,11.354245
13.663067,11.439514,13.486260,11.388773
13.663067,11.439514,13.476374,11.423259
13.635415,11.535662,13.466346,11.457703
13.635415,11.535662,13.456175,11.492103
13.635415,11.535662,13.445859,11.526459
13.606696,11.631496,13.435393,11.560769
13.606696,11.631496,13.424784,11.595035
13.576913,11.727006,13.414034,11.629255
13.576913,11.727006,13.403146,11.663427
13.576913,11.727006,13.392118,11.697554
13.546070,11.822178,13.380948,11.731634
13.546070,11.822178,13.369631,11.765664
13.546070,11.822178,13.358174,11.799648
13.514170,11.917001,13.346573,11.833580
13.514170,11.917001,13.334834,11.867465
13.514170,11.917001,13.322953,11.901299
13.481218,12.011463,13.310944,11.935084
13.481218,12.011463,13.298805,11.968821
13.447218,12.105555,13.286527,12.002506
13.447218,12.105555,13.274113,12.036142
13.447218,12.105555,13.261559,12.069726
13.412174,12.199261,13.248867,12.103259
13.412174,12.199261,13.236037,12.136739
13.412174,12.199261,13.223070,12.170166
13.376092,12.292573,13.209966,12.203542
13.376092,12.292573,13.196722,12.236863
13.338975,12.385478,13.183336,12.270129
13.338975,12.385478,13.169811,12.303339
13.338975,12.385478,13.156153,12.336494
13.300827,12.477965,13.142363,12.369595
13.300827,12.477965,13.128438,12.402639
13.300827,12.477965,13.114374,12.435626
13.261655,12.570022,13.100171,12.468555
13.261655,12.570022,13.085833,12.501426
13.261655,12.570022,13.071360,12.534239
13.221460,12.661638,13.056754,12.566993
13.221460,12.661638,13.042012,12.599687
13.180249,12.752801,13.027139,12.632321
13.180249,12.752801,13.012132,12.664895
13.180249,12.752801,12.996991,12.697408
13.138027,12.843500,12.981719,12.729859
13.138027,12.843500,12.966314,12.762248
13.138027,12.843500,12.950775,12.794574
13.094799,12.933724,12.935109,12.826837
13.094799,12.933724,12.919312,12.859037
13.094799,12.933724,12.903385,12.891174
13.050571,13.023462,12.887315,12.923242
13.050571,13.023462,12.871109,12.955243
13.005349,13.112703,12.854771,12.987177
13.005349,13.112703,12.838307,13.019046
13.005349,13.112703,12.821713,13.050846
12.959139,13.201437,12.804987,13.082578
12.959139,13.201437,12.788124,13.114239
12.959139,13.201437,12.771127,13.145827
12.911944,13.289651,12.754001,13.177346
12.911944,13.289651,12.736758,13.208799
12.911944,13.289651,12.719387,13.240180
12.863772,13.377336,12.701889,13.271490
12.863772,13.377336,12.684253,13.302724
12.814630,13.464478,12.666488,13.333886
12.814630,13.464478,12.648597,13.364974
12.814630,13.464478,12.630591,13.395992
12.764520,13.551069,12.612460,13.426937
12.764520,13.551069,12.594205,13.457809
12.764520,13.551069,12.575823,13.488606
12.713449,13.637098,12.557307,13.519323
12.713449,13.637098,12.538668,13.549964
12.661427,13.722553,12.519912,13.580534
12.661427,13.722553,12.501030,13.611025
12.661427,13.722553,12.482021,13.641437
12.608457,13.807425,12.462884,13.671769
12.608457,13.807425,12.443624,13.702024
12.608457,13.807425,12.424238,13.732199
12.554547,13.891704,12.404729,13.762291
12.554547,13.891704,12.385096,13.792304
12.554547,13.891704,12.365341,13.822235
12.499704,13.975378,12.345465,13.852085
12.499704,13.975378,12.325466,13.881853
12.443935,14.058437,12.305346,13.911538
12.443935,14.058437,12.285104,13.941140
12.443935,14.058437,12.264740,13.970657
12.387247,14.140872,12.244262,14.000093
12.387247,14.140872,12.223668,14.029446
12.387247,14.140872,12.202956,14.058716
12.329645,14.222671,12.182121,14.087898
12.329645,14.222671,12.161163,14.116993
12.329645,14.222671,12.140087,14.146002
12.271138,14.303824,12.118897,14.174926
12.271138,14.303824,12.097585,14.203758
12.211731,14.384322,12.076159,14.232507
12.211731,14.384322,12.054621,14.261172
12.211731,14.384322,12.032968,14.289750
12.151433,14.464154,12.011199,14.318241
12.151433,14.464154,11.989319,14.346645
12.151433,14.464154,11.967325,14.374961
12.090251,14.543311,11.945218,14.403189
12.090251,14.543311,11.922993,14.431325
12.028193,14.621783,11.900650,14.459370
12.028193,14.621783,11.878194,14.487323
12.028193,14.621783,11.855623,14.515186
11.965268,14.699561,11.832938,14.542956
11.965268,14.699561,11.810141,14.570633
11.965268,14.699561,11.787241,14.598223
11.901482,14.776635,11.764230,14.625721
11.901482,14.776635,11.741110,14.653127
11.901482,14.776635,11.717876,14.680440
11.836843,14.852995,11.694536,14.707662
11.836843,14.852995,11.671080,14.734784
11.771359,14.928632,11.647521,14.761814
11.771359,14.928632,11.623853,14.788752
11.771359,14.928632,11.600075,14.815592
11.705039,15.003536,11.576182,14.842335
11.705039,15.003536,11.552180,14.868982
11.705039,15.003536,11.528069,14.895532
11.637890,15.077698,11.503852,14.921985
11.637890,15.077698,11.479527,14.948342
11.637890,15.077698,11.455097,14.974601
11.569920,15.151109,11.430565,15.000766
11.569920,15.151109,11.405927,15.026830
11.501138,15.223759,11.381185,15.052799
11.501138,15.223759,11.356346,15.078679
11.501138,15.223759,11.331440,15.104509
11.431553,15.295641,11.306473,15.130292
11.431553,15.295641,11.281462,15.156044
11.431553,15.295641,11.256445,15.181812
11.361173,15.366744,11.231218,15.207357
11.361173,15.366744,11.205871,15.232786
11.290008,15.437062,11.180415,15.258107
11.290008,15.437062,11.154823,15.283292
11.290008,15.437062,11.129060,15.308334
11.218065,15.506584,11.103172,15.333267
11.218065,15.506584,11.077147,15.358074
11.218065,15.506584,11.050982,15.382747
11.145354,15.575302,11.024703,15.407297
11.145354,15.575302,10.998294,15.431707
11.145354,15.575302,10.971704,15.455901
11.071885,15.643209,10.944914,15.479835
11.071885,15.643209,10.918090,15.503725
10.997664,15.710293,10.891167,15.527483
10.997664,15.710293,10.864143,15.551116
10.997664,15.710293,10.837071,15.574673
10.922702,15.776546,10.809958,15.598126
10.922702,15.776546,10.782769,15.621466
10.922702,15.776546,10.755558,15.644762
10.847008,15.841964,10.728316,15.667977
10.847008,15.841964,10.701018,15.691113
10.847008,15.841964,10.673685,15.714197
10.770591,15.906535,10.646289,15.737208
10.770591,15.906535,10.618817,15.760139
10.693461,15.970254,10.591307,15.783024
10.693461,15.970254,10.563734,15.805836
10.693461,15.970254,10.536083,15.828565
10.615628,16.033112,10.508319,15.851177
10.615628,16.033112,10.480466,15.873691
10.615628,16.033112,10.452526,15.896102
10.537102,16.095100,10.424439,15.918353
10.537102,16.095100,10.396238,15.940494
10.457891,16.156214,10.367927,15.962516
10.457891,16.156214,10.339474,15.984375
10.457891,16.156214,10.310919,16.006104
10.378006,16.216442,10.282262,16.027703
10.378006,16.216442,10.253457,16.049120
10.378006,16.216442,10.224553,16.070404
10.297457,16.275778,10.195552,16.091556
10.297457,16.275778,10.166444,16.112564
10.297457,16.275778,10.137233,16.133428
10.216252,16.334215,10.107942,16.154165
10.216252,16.334215,10.078599,16.174813
10.134402,16.391747,10.049171,16.195336
10.134402,16.391747,10.019678,16.215750
10.134402,16.391747,9.990147,16.236095
10.051918,16.448364,9.960539,16.256322
10.051918,16.448364,9.930865,16.276449
10.051918,16.448364,9.901137,16.296495
9.968810,16.504061,9.871372,16.316507
9.968810,16.504061,9.841635,16.336591
9.885088,16.558832,9.811866,16.356626
9.885088,16.558832,9.781976,16.376457
9.885088,16.558832,9.751987,16.396156
9.800763,16.612667,9.721894,16.415716
9.800763,16.612667,9.691721,16.435157
9.800763,16.612667,9.661439,16.454431
9.715845,16.665562,9.631025,16.473540
9.715845,16.665562,9.600514,16.492519
9.715845,16.665562,9.569884,16.511334
9.630343,16.717510,9.539149,16.529993
9.630343,16.717510,9.508324,16.548500
9.544271,16.768501,9.477407,16.566860
9.544271,16.768501,9.446405,16.585076
9.544271,16.768501,9.415324,16.603152
9.457636,16.818533,9.384176,16.621099
9.457636,16.818533,9.352950,16.638898
9.457636,16.818533,9.321602,16.656450
9.370449,16.867596,9.290130,16.673718
9.370449,16.867596,9.258641,16.690961
9.370449,16.867596,9.227078,16.708045
9.282722,16.915688,9.195495,16.725059
9.282722,16.915688,9.163872,16.741951
9.194468,16.962801,9.132192,16.758710
9.194468,16.962801,9.100502,16.775419
9.194468,16.962801,9.068769,16.792030
9.105694,17.008930,9.036980,16.808532
9.105694,17.008930,9.005174,16.824987
9.105694,17.008930,8.973329,16.841344
9.016413,17.054073,8.941434,16.857599
9.016413,17.054073,8.909480,16.873747
8.926636,17.098223,8.877467,16.889787
8.926636,17.098223,8.845387,16.905714
8.926636,17.098223,8.813209,16.921474
8.836374,17.141375,8.780963,16.937108
8.836374,17.141375,8.748642,16.952609
8.836374,17.141375,8.716213,16.967916
8.745638,17.183523,8.683712,16.983083
8.745638,17.183523,8.651136,16.998103
8.745638,17.183523,8.618468,17.012942
8.654439,17.224663,8.585732,17.027635
8.654439,17.224663,8.552943,17.042192
8.562788,17.264791,8.520120,17.056643
8.562788,17.264791,8.487242,17.070961
8.562788,17.264791,8.454315,17.085154
8.470696,17.303898,8.421352,17.099255
8.470696,17.303898,8.388332,17.113214
8.470696,17.303898,8.355273,17.127070
8.378177,17.341980,8.322196,17.140855
8.378177,17.341980,8.289071,17.154526
8.378177,17.341980,8.255904,17.168089
8.285239,17.379028,8.222698,17.181559
8.285239,17.379028,8.189442,17.194911
8.191895,17.415037,8.156147,17.208165
8.191895,17.415037,8.122828,17.221377
8.191895,17.415037,8.089518,17.234672
8.098158,17.450001,8.056176,17.247897
8.098158,17.450001,8.022769,17.260923
8.098158,17.450001,7.989315,17.273825
8.004038,17.483912,7.955800,17.286592
8.004038,17.483912,7.922226,17.299220
7.909546,17.516764,7.888603,17.311723
7.909546,17.516764,7.854905,17.324034
7.909546,17.516764,7.821116,17.336173
7.814695,17.548552,7.787263,17.348165
7.814695,17.548552,7.753339,17.359986
7.814695,17.548552,7.719357,17.371651
7.719496,17.579268,7.685326,17.383164
7.719496,17.579268,7.651199,17.394443
7.719496,17.579268,7.616972,17.405537
7.623960,17.608912,7.582676,17.416454
7.623960,17.608912,7.548270,17.427098
7.528100,17.637489,7.513764,17.437524
7.528100,17.637489,7.479172,17.447675
7.528100,17.637489,7.444479,17.457425
7.431928,17.665005,7.409744,17.466988
7.431928,17.665005,7.374978,17.476367
7.431928,17.665005,7.340207,17.485615
7.335455,17.691462,7.305408,17.494676
7.335455,17.691462,7.270573,17.503554
7.238694,17.716867,7.235749,17.512349
7.238694,17.716867,7.200927,17.521007
7.238694,17.716867,7.166084,17.529529
7.141657,17.741224,7.131243,17.537982
7.141657,17.741224,7.096392,17.546311
7.141657,17.741224,7.061518,17.554518
7.044355,17.764540,7.026626,17.562629
7.044355,17.764540,6.991701,17.570616
7.044355,17.764540,6.956743,17.578474
6.946801,17.786814,6.921752,17.586207
6.946801,17.786814,6.886728,17.593806
6.849007,17.808056,6.851682,17.601288
6.849007,17.808056,6.816628,17.608696
6.849007,17.808056,6.781547,17.615980
6.750984,17.828255,6.746449,17.623164
6.750984,17.828255,6.711385,17.630308
6.750984,17.828255,6.676328,17.637372
6.652745,17.847387,6.641267,17.644388
6.652745,17.847387,6.606227,17.651392
6.652745,17.847387,6.571183,17.658336
6.554302,17.865417,6.536136,17.665252
6.554302,17.865417,6.501119,17.672196
6.455666,17.882318,6.466102,17.679093
6.455666,17.882318,6.431080,17.685973
6.455666,17.882318,6.396046,17.692837
6.356850,17.898056,6.360990,17.699652
6.356850,17.898056,6.325909,17.706409
6.356850,17.898056,6.290809,17.713115
6.257866,17.912601,6.255689,17.719767
6.257866,17.912601,6.220560,17.726389
6.257866,17.912601,6.185419,17.732985
6.158726,17.925920,6.150265,17.739582
6.158726,17.925920,6.115106,17.746263
6.059443,17.937984,6.079913,17.752704
6.059443,17.937984,6.044706,17.759069
6.059443,17.937984,6.009473,17.765311
5.960026,17.948761,5.974219,17.771446
5.960026,17.948761,5.938948,17.777484
5.960026,17.948761,5.903616,17.783322
5.860491,17.958231,5.868217,17.788982
5.860491,17.958231,5.832886,17.794457
5.860491,17.958231,5.801966,17.798899
5.760848,17.966465,5.775441,17.802175
5.760848,17.966465,5.751016,17.804653
5.760848,17.966465,5.726164,17.806597
5.760848,17.966465,5.700646,17.808016
5.661111,17.973572,5.674525,17.808983
5.661111,17.973572,5.643687,17.809406
5.661111,17.973572,5.609321,17.809066
5.561293,17.979656,5.573347,17.808127
5.561293,17.979656,5.537014,17.806779
5.461406,17.984831,5.500693,17.804923
5.461406,17.984831,5.464558,17.802637
5.461406,17.984831,5.429400,17.800494
5.361465,17.989202,5.394803,17.798747
5.361465,17.989202,5.360375,17.797321
5.361465,17.989202,5.325824,17.796565
5.261480,17.992880,5.291108,17.796554
5.261480,17.992880,5.256226,17.797180
5.261480,17.992880,5.221168,17.798626
5.161467,17.995972,5.185994,17.800837
5.161467,17.995972,5.150733,17.803722
5.161467,17.995972,5.115389,17.807318
5.061437,17.998585,5.080018,17.811506
5.061437,17.998585,5.044655,17.816163
5.061437,17.998585,5.009322,17.821120
4.961404,18.000828,4.974022,17.826375
4.961404,18.000828,4.938754,17.831823
4.861374,18.002771,4.903506,17.837107
4.861374,18.002771,4.868251,17.842218
4.861374,18.002771,4.832945,17.847136
4.761350,18.004435,4.797536,17.851674
4.761350,18.004435,4.762062,17.855888
4.761350,18.004435,4.726466,17.859759
4.661328,18.005831,4.690684,17.863095
4.661328,18.005831,4.654809,17.865960
4.661328,18.005831,4.618805,17.868338
4.561311,18.006975,4.582622,17.870136
4.561311,18.006975,4.546370,17.871407
4.561311,18.006975,4.510230,17.872268
4.461298,18.007883,4.474287,17.872759
4.461298,18.007883,4.438456,17.872904
4.361287,18.008570,4.402903,17.872830
4.361287,18.008570,4.367678,17.872639
4.361287,18.008570,4.332614,17.872329
4.261280,18.009052,4.297850,17.872037
4.261280,18.009052,4.263378,17.871911
4.261280,18.009052,4.229031,17.871916
4.161275,18.009344,4.194861,17.872170
4.161275,18.009344,4.160841,17.872771
4.161275,18.009344,4.126877,17.873655
4.061274,18.009459,4.092933,17.874874
4.061274,18.009459,4.058997,17.876366
4.061274,18.009459,4.025059,17.878146
3.961274,18.009415,3.991189,17.880223
3.961274,18.009415,3.957387,17.882688
3.961274,18.009415,3.923628,17.885399
3.861277,18.009224,3.889906,17.888082
3.861277,18.009224,3.856219,17.890886
3.861277,18.009224,3.822554,17.893782
3.761282,18.008904,3.788945,17.896599
3.761282,18.008904,3.755372,17.899358
3.761282,18.008904,3.721819,17.902063
3.661289,18.008467,3.688313,17.904544
3.661289,18.008467,3.654833,17.906840
3.661289,18.008467,3.621370,17.908966
3.561297,18.007931,3.587954,17.910749
3.561297,18.007931,3.554565,17.912240
3.561297,18.007931,3.521206,17.913469
3.461306,18.007311,3.487917,17.914372
3.461306,18.007311,3.454671,17.915030
3.461306,18.007311,3.421477,17.915417
3.361316,18.006620,3.388394,17.915699
3.361316,18.006620,3.355379,17.915819
3.361316,18.006620,3.322454,17.915828
3.261328,18.005875,3.289733,17.915881
3.261328,18.005875,3.257121,17.915953
3.261328,18.005875,3.224580,17.916060
3.161340,18.005091,3.192126,17.916294
3.161340,18.005091,3.159715,17.916604
3.161340,18.005091,3.127340,17.917017
3.061352,18.004282,3.095026,17.917602
3.061352,18.004282,3.062741,17.918313
3.061352,18.004282,3.030482,17.919174
2.961364,18.003464,2.998260,17.920204
2.961364,18.003464,2.966055,17.921357
2.961364,18.003464,2.933874,17.922626
2.861376,18.002651,2.901722,17.923995
2.861376,18.002651,2.869584,17.925437
2.861376,18.002651,2.837468,17.926888
2.761388,18.001860,2.805378,17.928323
2.761388,18.001860,2.773300,17.929771
2.761388,18.001860,2.741235,17.931168
2.661400,18.001104,2.709185,17.932511
2.661400,18.001104,2.677140,17.933826
2.661400,18.001104,2.645123,17.935035
2.661400,18.001104,2.613132,17.936128
2.561410,18.000401,2.581153,17.937132
2.561410,18.000401,2.549190,17.937990
2.561410,18.000401,2.517237,17.938739
2.461420,17.999763,2.485290,17.939405
2.461420,17.999763,2.453396,17.939994
2.461420,17.999763,2.421547,17.940515
2.361428,17.999199,2.389721,17.940977
2.361428,17.999199,2.357940,17.941443
2.361428,17.999199,2.326190,17.941877
2.261436,17.998705,2.294453,17.942275
2.261436,17.998705,2.262722,17.942639
2.261436,17.998705,2.230994,17.942973
2.161442,17.998281,2.199301,17.943362
2.161442,17.998281,2.167663,17.943844
2.161442,17.998281,2.136057,17.944348
2.061448,17.997921,2.104466,17.944870
2.061448,17.997921,2.072905,17.945491
2.061448,17.997921,2.041362,17.946138
1.961452,17.997625,2.009829,17.946807
1.961452,17.997625,1.978314,17.947486
1.961452,17.997625,1.946810,17.948176
1.961452,17.997625,1.915313,17.948872
1.861456,17.997387,1.883830,17.949549
1.861456,17.997387,1.852355,17.950228
1.861456,17.997387,1.820889,17.950896
1.761459,17.997206,1.789447,17.951531
1.761459,17.997206,1.758020,17.952158
1.761459,17.997206,1.726603,17.952770
1.661460,17.997078,1.695201,17.953363
1.661460,17.997078,1.663807,17.953945
1.661460,17.997078,1.632422,17.954512
1.561462,17.997000,1.601056,17.955060
1.561462,17.997000,1.569699,17.955594
1.561462,17.997000,1.538353,17.956117
1.461462,17.996969,1.507025,17.956628
1.461462,17.996969,1.475705,17.957127
1.461462,17.996969,1.444395,17.957617
1.461462,17.996969,1.413096,17.958098
1.361462,17.996983,1.381803,17.958568
1.361462,17.996983,1.350523,17.959039
1.361462,17.996983,1.319261,17.959514
1.261461,17.997038,1.288008,17.959981
1.261461,17.997038,1.256766,17.960453
1.261461,17.997038,1.225535,17.960923
1.161460,17.997131,1.194311,17.961379
1.161460,17.997131,1.163106,17.961848
1.161460,17.997131,1.131919,17.962319
1.061458,17.997259,1.100743,17.962794
1.061458,17.997259,1.069581,17.963286
