ref x,ref y),x,y0.000000,0,0.003551,0.000045
0,0,0.019372,0.000407,,,
0,0,0.044077,0.001589,,,
0.100005,0.000314,0.073828,0.003555,,,
0.100005,0.000314,0.105911,0.005921,,,
0.100005,0.000314,0.139006,0.008294,,,
0.200009,0.000626,0.17256,0.010405,,,
0.200009,0.000626,0.206363,0.012078,,,
0.200009,0.000626,0.240362,0.013166,,,
0.300014,0.000931,0.274568,0.013552,,,
0.300014,0.000931,0.309014,0.013097,,,
0.300014,0.000931,0.343732,0.011507,,,
0.400019,0.001228,0.378691,0.008962,,,
0.400019,0.001228,0.413567,0.005796,,,
0.400019,0.001228,0.448253,0.002254,,,
0.500023,0.001512,0.482806,-0.001656,,,
0.500023,0.001512,0.517246,-0.005914,,,
0.600027,0.001781,0.551469,-0.01031,,,
0.600027,0.001781,0.585455,-0.014545,,,
0.600027,0.001781,0.619263,-0.018468,,,
0.700031,0.002032,0.652985,-0.021961,,,
0.700031,0.002032,0.686714,-0.024913,,,
0.700031,0.002032,0.720535,-0.027233,,,
0.800034,0.002262,0.754527,-0.028828,,,
0.800034,0.002262,0.788758,-0.029615,,,
0.800034,0.002262,0.823238,-0.029533,,,
0.900037,0.002467,0.857669,-0.028874,,,
0.900037,0.002467,0.891916,-0.027942,,,
0.900037,0.002467,0.925985,-0.026984,,,
1.00004,0.002646,0.95994,-0.026206,,,
1.00004,0.002646,0.993862,-0.025775,,,
1.00004,0.002646,1.027841,-0.025836,,,
1.100042,0.002794,1.061958,-0.026519,,,
1.100042,0.002794,1.096277,-0.027943,,,
1.100042,0.002794,1.130861,-0.030226,,,
1.200044,0.002909,1.165704,-0.033473,,,
1.200044,0.002909,1.200616,-0.037587,,,
1.200044,0.002909,1.235466,-0.042409,,,
1.300045,0.002987,1.270141,-0.047763,,,
1.300045,0.002987,1.304468,-0.053319,,,
1.300045,0.002987,1.338448,-0.058945,,,
1.400046,0.003027,1.372202,-0.064779,,,
1.400046,0.003027,1.405836,-0.07078,,,
1.400046,0.003027,1.4394,-0.076776,,,
1.500046,0.003024,1.472837,-0.082601,,,
1.500046,0.003024,1.506194,-0.088095,,,
1.500046,0.003024,1.539552,-0.09313,,,
1.600045,0.002975,1.573003,-0.097598,,,
1.600045,0.002975,1.606633,-0.101409,,,
1.600045,0.002975,1.640522,-0.104471,,,
1.700043,0.002879,1.67474,-0.106695,,,
1.700043,0.002879,1.704976,-0.107939,,,
1.700043,0.002879,1.727391,-0.108568,,,
1.700043,0.002879,1.745323,-0.10867,,,
1.800041,0.00273,1.761119,-0.108382,,,
1.800041,0.00273,1.781109,-0.107568,,,
1.800041,0.00273,1.808338,-0.105703,,,
1.800041,0.00273,1.839216,-0.103231,,,
1.900038,0.002528,1.871693,-0.100609,,,
1.900038,0.002528,1.904867,-0.098202,,,
1.900038,0.002528,1.938329,-0.096109,,,
2.000034,0.002268,1.971931,-0.094388,,,
2.000034,0.002268,2.005631,-0.092999,,,
2.000034,0.002268,2.039398,-0.091863,,,
2.100029,0.001947,2.073213,-0.090926,,,
2.100029,0.001947,2.107067,-0.09015,,,
2.100029,0.001947,2.14095,-0.089497,,,
2.200024,0.001563,2.174857,-0.088938,,,
2.200024,0.001563,2.208781,-0.088452,,,
2.200024,0.001563,2.242721,-0.088022,,,
2.300017,0.001113,2.276671,-0.087625,,,
2.300017,0.001113,2.31063,-0.087255,,,
2.300017,0.001113,2.344596,-0.0869,,,
2.400009,0.000593,2.378566,-0.086549,,,
2.400009,0.000593,2.412539,-0.086198,,,
2.400009,0.000593,2.446514,-0.085835,,,
2.5,0,2.480488,-0.085452,,,
2.5,0,2.51446,-0.085057,,,
2.5,0,2.54843,-0.084652,,,
2.59999,-0.000665,2.582398,-0.08423,,,
2.59999,-0.000665,2.616365,-0.083784,,,
2.699979,-0.001391,2.650332,-0.083315,,,
2.699979,-0.001391,2.684299,-0.082821,,,
2.699979,-0.001391,2.718266,-0.082302,,,
2.799967,-0.002162,2.752231,-0.081785,,,
2.799967,-0.002162,2.78619,-0.081469,,,
2.799967,-0.002162,2.820183,-0.081518,,,
2.899955,-0.002963,2.854249,-0.082075,,,
2.899955,-0.002963,2.888376,-0.083144,,,
2.899955,-0.002963,2.922522,-0.084615,,,
2.999943,-0.00378,2.956666,-0.086435,,,
2.999943,-0.00378,2.990792,-0.088552,,,
2.999943,-0.00378,3.024895,-0.090928,,,
3.099931,-0.004596,3.058948,-0.093467,,,
3.099931,-0.004596,3.092913,-0.095925,,,
3.099931,-0.004596,3.126822,-0.098127,,,
3.199919,-0.005397,3.160721,-0.099999,,,
3.199919,-0.005397,3.194637,-0.101552,,,
3.199919,-0.005397,3.228583,-0.102783,,,
3.299907,-0.006169,3.262548,-0.103777,,,
3.299907,-0.006169,3.296529,-0.104571,,,
3.299907,-0.006169,3.330523,-0.105201,,,
3.399896,-0.006894,3.364527,-0.105692,,,
3.399896,-0.006894,3.39854,-0.106064,,,
3.399896,-0.006894,3.432559,-0.106334,,,
3.499886,-0.007559,3.466584,-0.106515,,,
3.499886,-0.007559,3.500613,-0.106631,,,
3.499886,-0.007559,3.534645,-0.106766,,,
3.599877,-0.008149,3.56867,-0.106787,,,
3.599877,-0.008149,3.602688,-0.106714,,,
3.599877,-0.008149,3.636705,-0.106589,,,
3.69987,-0.008648,3.670719,-0.106417,,,
3.69987,-0.008648,3.704732,-0.106199,,,
3.69987,-0.008648,3.738744,-0.105938,,,
3.799864,-0.009041,3.772754,-0.105637,,,
3.799864,-0.009041,3.806764,-0.105298,,,
3.799864,-0.009041,3.840774,-0.104922,,,
3.89986,-0.009313,3.874783,-0.10451,,,
3.89986,-0.009313,3.908792,-0.104063,,,
3.89986,-0.009313,3.9428,-0.103582,,,
3.999857,-0.009449,3.976808,-0.103068,,,
3.999857,-0.009449,4.010816,-0.102521,,,
3.999857,-0.009449,4.044823,-0.101941,,,
4.099858,-0.009434,4.078829,-0.101328,,,
4.099858,-0.009434,4.112834,-0.100684,,,
4.099858,-0.009434,4.146838,-0.100008,,,
4.199861,-0.009253,4.180841,-0.099297,,,
4.199861,-0.009253,4.214842,-0.098538,,,
4.199861,-0.009253,4.248842,-0.097766,,,
4.299866,-0.00889,4.282841,-0.096962,,,
4.299866,-0.00889,4.316839,-0.096126,,,
4.399874,-0.008331,4.350835,-0.095259,,,
4.399874,-0.008331,4.384827,-0.094361,,,
4.399874,-0.008331,4.418815,-0.093433,,,
4.499886,-0.007559,4.452799,-0.092462,,,
4.499886,-0.007559,4.486775,-0.09146,,,
4.499886,-0.007559,4.520745,-0.090432,,,
4.599901,-0.006562,4.554709,-0.089381,,,
4.599901,-0.006562,4.588669,-0.088298,,,
4.599901,-0.006562,4.622645,-0.087143,,,
4.69992,-0.005322,4.656696,-0.085699,,,
4.69992,-0.005322,4.690891,-0.083792,,,
4.69992,-0.005322,4.72529,-0.081264,,,
4.799942,-0.003825,4.759958,-0.07796,,,
4.799942,-0.003825,4.794891,-0.07375,,,
4.799942,-0.003825,4.829948,-0.06864,,,
4.899969,-0.002056,4.86494,-0.06277,,,
4.899969,-0.002056,4.899662,-0.056339,,,
4.899969,-0.002056,4.933926,-0.049681,,,
5,0,4.967745,-0.043048,,,
5,0,5.001222,-0.036625,,,
5,0,5.034498,-0.030568,,,
5.100033,0.002374,5.067715,-0.024808,,,
5.100033,0.002374,5.101023,-0.019045,,,
5.100033,0.002374,5.134516,-0.013025,,,
5.200058,0.005159,5.168162,-0.006657,,,
5.200058,0.005159,5.201768,-0.000121,,,
5.200058,0.005159,5.235219,0.00636,,,
5.300062,0.008463,5.268541,0.012591,,,
5.300062,0.008463,5.301825,0.018465,,,
5.300062,0.008463,5.335133,0.023942,,,
5.400031,0.012395,5.368541,0.028903,,,
5.400031,0.012395,5.40213,0.033247,,,
5.400031,0.012395,5.435978,0.036884,,,
5.499953,0.017064,5.470157,0.039717,,,
5.499953,0.017064,5.504723,0.041651,,,
5.499953,0.017064,5.539537,0.04271,,,
5.599815,0.022577,5.574427,0.042962,,,
5.599815,0.022577,5.609293,0.042382,,,
5.599815,0.022577,5.644092,0.041139,,,
5.699603,0.029043,5.678838,0.03954,,,
5.699603,0.029043,5.713506,0.037491,,,
5.699603,0.029043,5.748119,0.035046,,,
5.799305,0.036572,5.782878,0.032033,,,
5.799305,0.036572,5.817884,0.028298,,,
5.898909,0.04527,5.852959,0.02389,,,
5.898909,0.04527,5.887967,0.018888,,,
5.898909,0.04527,5.922809,0.013365,,,
5.9984,0.055242,5.957233,0.007617,,,
5.9984,0.055242,5.991191,0.001906,,,
5.9984,0.055242,6.024764,-0.003577,,,
6.097766,0.066519,6.056655,-0.008465,,,
6.097766,0.066519,6.08134,-0.012086,,,
6.097766,0.066519,6.101433,-0.01475,,,
6.097766,0.066519,6.119381,-0.016758,,,
6.097766,0.066519,6.136411,-0.018251,,,
6.097766,0.066519,6.155089,-0.019386,,,
6.196996,0.079071,6.181086,-0.020016,,,
6.196996,0.079071,6.211683,-0.019673,,,
6.196996,0.079071,6.244745,-0.018216,,,
6.296077,0.092867,6.276988,-0.015787,,,
6.296077,0.092867,6.303744,-0.012976,,,
6.296077,0.092867,6.327301,-0.009731,,,
6.296077,0.092867,6.34931,-0.006371,,,
6.394998,0.107876,6.373132,-0.002396,,,
6.394998,0.107876,6.402174,0.002434,,,
6.394998,0.107876,6.433678,0.007586,,,
6.493745,0.124066,6.466249,0.012717,,,
6.493745,0.124066,6.499283,0.017601,,,
6.493745,0.124066,6.532541,0.022069,,,
6.592308,0.141406,6.565955,0.025994,,,
6.592308,0.141406,6.599533,0.029286,,,
6.592308,0.141406,6.633333,0.031846,,,
6.690674,0.159866,6.663713,0.033624,,,
6.690674,0.159866,6.688793,0.035059,,,
6.690674,0.159866,6.711166,0.036334,,,
6.690674,0.159866,6.732266,0.037615,,,
6.690674,0.159866,6.752822,0.039025,,,
6.788831,0.179414,6.77321,0.040674,,,
6.788831,0.179414,6.793625,0.042661,,,
6.788831,0.179414,6.814179,0.045075,,,
6.788831,0.179414,6.834935,0.048003,,,
6.788831,0.179414,6.855788,0.051422,,,
6.886767,0.200018,6.876613,0.05525,,,
6.886767,0.200018,6.897355,0.059425,,,
6.886767,0.200018,6.917996,0.063896,,,
6.886767,0.200018,6.938532,0.068623,,,
6.886767,0.200018,6.958966,0.073575,,,
6.98447,0.221658,6.979305,0.078726,,,
6.98447,0.221658,6.999899,0.084143,,,
6.98447,0.221658,7.025265,0.090791,,,
6.98447,0.221658,7.054698,0.098302,,,
7.081928,0.244333,7.086021,0.106053,,,
7.081928,0.244333,7.118207,0.113641,,,
7.081928,0.244333,7.150835,0.120826,,,
7.17913,0.268049,7.183742,0.127496,,,
7.17913,0.268049,7.216884,0.133578,,,
7.17913,0.268049,7.250299,0.138952,,,
7.276062,0.29281,7.283994,0.143557,,,
7.276062,0.29281,7.317751,0.14768,,,
7.276062,0.29281,7.351486,0.151571,,,
7.372713,0.318621,7.385211,0.155388,,,
7.372713,0.318621,7.417551,0.159115,,,
7.372713,0.318621,7.444025,0.162373,,,
7.372713,0.318621,7.467176,0.16549,,,
7.469071,0.345487,7.488814,0.168803,,,
7.469071,0.345487,7.509844,0.172504,,,
7.469071,0.345487,7.532412,0.177086,,,
7.469071,0.345487,7.560602,0.184,,,
7.565124,0.373412,7.592171,0.192885,,,
7.565124,0.373412,7.625245,0.20308,,,
7.565124,0.373412,7.658714,0.214176,,,
7.660861,0.4024,7.692036,0.225542,,,
7.660861,0.4024,7.724982,0.236875,,,
7.660861,0.4024,7.757643,0.247777,,,
7.756268,0.432457,7.79007,0.258233,,,
7.756268,0.432457,7.82239,0.268153,,,
7.756268,0.432457,7.854708,0.277516,,,
7.851334,0.463587,7.887131,0.286295,,,
7.851334,0.463587,7.91972,0.294485,,,
7.851334,0.463587,7.952426,0.302451,,,
7.946048,0.495785,7.98525,0.310465,,,
7.946048,0.495785,8.018169,0.318887,,,
7.946048,0.495785,8.051233,0.327838,,,
8.040398,0.529047,8.084465,0.337493,,,
8.040398,0.529047,8.117833,0.347989,,,
8.040398,0.529047,8.151199,0.359257,,,
8.134372,0.563365,8.184374,0.371225,,,
8.134372,0.563365,8.217238,0.383872,,,
8.134372,0.563365,8.249915,0.39686,,,
8.227959,0.598732,8.282204,0.410093,,,
8.227959,0.598732,8.314078,0.423254,,,
8.321147,0.635144,8.345639,0.436158,,,
8.321147,0.635144,8.377036,0.44868,,,
8.321147,0.635144,8.408427,0.461021,,,
8.321147,0.635144,8.439889,0.473447,,,
8.413924,0.672591,8.47142,0.485982,,,
8.413924,0.672591,8.502979,0.498621,,,
8.413924,0.672591,8.534542,0.511365,,,
8.506281,0.71107,8.566093,0.524216,,,
8.506281,0.71107,8.59762,0.537182,,,
8.506281,0.71107,8.629117,0.550262,,,
8.598203,0.750571,8.660578,0.563461,,,
8.598203,0.750571,8.692,0.57678,,,
8.598203,0.750571,8.723377,0.59022,,,
8.689681,0.79109,8.754709,0.603784,,,
8.689681,0.79109,8.784973,0.617039,,,
8.689681,0.79109,8.807384,0.627427,,,
8.780703,0.832621,8.822092,0.634717,,,
8.780703,0.832621,8.832035,0.639889,,,
8.780703,0.832621,8.841155,0.644807,,,
8.780703,0.832621,8.85784,0.653757,,,
8.780703,0.832621,8.880883,0.66586,,,
8.780703,0.832621,8.907695,0.679688,,,
8.871257,0.875157,8.936418,0.694378,,,
8.871257,0.875157,8.966048,0.709532,,,
8.871257,0.875157,8.996089,0.724972,,,
8.961333,0.918694,9.026301,0.740607,,,
8.961333,0.918694,9.05656,0.756403,,,
8.961333,0.918694,9.084517,0.771176,,,
9.05092,0.963227,9.103718,0.782,,,
9.05092,0.963227,9.115931,0.789245,,,
9.05092,0.963227,9.124444,0.794516,,,
9.05092,0.963227,9.131241,0.798849,,,
9.05092,0.963227,9.140457,0.804722,,,
9.05092,0.963227,9.158054,0.815776,,,
9.140006,1.008752,9.181531,0.830436,,,
9.140006,1.008752,9.208079,0.846566,,,
9.140006,1.008752,9.236089,0.863427,,,
9.228581,1.055262,9.264799,0.880674,,,
9.228581,1.055262,9.293831,0.898141,,,
9.228581,1.055262,9.32299,0.915759,,,
9.316634,1.102752,9.352182,0.933489,,,
9.316634,1.102752,9.381359,0.951323,,,
9.316634,1.102752,9.410494,0.969256,,,
9.404154,1.151219,9.439573,0.987293,,,
9.404154,1.151219,9.468605,1.005421,,,
9.404154,1.151219,9.497624,1.023595,,,
9.491128,1.200656,9.526627,1.041821,,,
9.491128,1.200656,9.555667,1.060042,,,
9.491128,1.200656,9.58457,1.078281,,,
9.491128,1.200656,9.607804,1.093084,,,
9.577548,1.251059,9.623312,1.102741,,,
9.577548,1.251059,9.633554,1.109227,,,
9.577548,1.251059,9.641433,1.114371,,,
9.577548,1.251059,9.65476,1.123441,,,
9.577548,1.251059,9.675049,1.137942,,,
9.663402,1.302421,9.699108,1.155453,,,
9.663402,1.302421,9.724986,1.174328,,,
9.663402,1.302421,9.751315,1.193495,,,
9.663402,1.302421,9.771448,1.208149,,,
9.748679,1.354735,9.784423,1.217804,,,
9.748679,1.354735,9.793129,1.224485,,,
9.748679,1.354735,9.800617,1.23039,,,
9.748679,1.354735,9.814697,1.24127,,,
9.748679,1.354735,9.834996,1.257438,,,
9.833369,1.407993,9.858551,1.276308,,,
9.833369,1.407993,9.883909,1.296237,,,
9.833369,1.407993,9.910081,1.316746,,,
9.833369,1.407993,9.936637,1.337559,,,
9.917463,1.462191,9.963353,1.35855,,,
9.917463,1.462191,9.990112,1.379666,,,
9.917463,1.462191,10.016853,1.400845,,,
10.00095,1.517319,10.043561,1.421851,,,
10.00095,1.517319,10.070316,1.442524,,,
10.00095,1.517319,10.097238,1.462784,,,
10.083818,1.573372,10.122658,1.481349,,,
10.083818,1.573372,10.140292,1.494469,,,
10.083818,1.573372,10.151489,1.502962,,,
10.083818,1.573372,10.159231,1.50891,,,
10.083818,1.573372,10.167868,1.515628,,,
10.166059,1.630343,10.184118,1.527923,,,
10.166059,1.630343,10.205993,1.544008,,,
10.166059,1.630343,10.230945,1.561881,,,
10.166059,1.630343,10.254319,1.578356,,,
10.247661,1.688224,10.270166,1.589738,,,
10.247661,1.688224,10.280457,1.597401,,,
10.247661,1.688224,10.287889,1.603054,,,
10.247661,1.688224,10.29402,1.607838,,,
10.247661,1.688224,10.303187,1.615106,,,
10.247661,1.688224,10.320017,1.628265,,,
10.328614,1.74701,10.342055,1.645225,,,
10.328614,1.74701,10.366841,1.66398,,,
10.328614,1.74701,10.388447,1.680277,,,
10.328614,1.74701,10.402844,1.691392,,,
10.328614,1.74701,10.412288,1.699021,,,
10.328614,1.74701,10.419301,1.704834,,,
10.408908,1.806692,10.430134,1.713886,,,
10.408908,1.806692,10.448055,1.728579,,,
10.408908,1.806692,10.470471,1.74662,,,
10.408908,1.806692,10.495182,1.766164,,,
10.488534,1.867262,10.521164,1.786151,,,
10.488534,1.867262,10.54793,1.806139,,,
10.488534,1.867262,10.575333,1.825872,,,
10.567482,1.928714,10.603362,1.845209,,,
10.567482,1.928714,10.632061,1.864052,,,
10.567482,1.928714,10.661273,1.882271,,,
10.645741,1.991039,10.68951,1.89934,,,
10.645741,1.991039,10.716758,1.915663,,,
10.645741,1.991039,10.74347,1.931812,,,
10.723305,2.05423,10.771011,1.948658,,,
10.723305,2.05423,10.799139,1.966254,,,
10.723305,2.05423,10.827471,1.984501,,,
10.80016,2.118278,10.855743,2.003527,,,
10.80016,2.118278,10.883871,2.023373,,,
10.80016,2.118278,10.911792,2.04415,,,
10.876299,2.183177,10.939459,2.065975,,,
10.876299,2.183177,10.966808,2.088946,,,
10.876299,2.183177,10.993689,2.112984,,,
10.951713,2.248918,11.020032,2.13778,,,
10.951713,2.248918,11.045776,2.163155,,,
10.951713,2.248918,11.070862,2.189032,,,
11.026389,2.315493,11.095246,2.215373,,,
11.026389,2.315493,11.118963,2.24202,,,
11.100322,2.382895,11.142118,2.268488,,,
11.100322,2.382895,11.164848,2.294561,,,
11.100322,2.382895,11.187356,2.320183,,,
11.173499,2.451116,11.20983,2.345392,,,
11.173499,2.451116,11.232416,2.370161,,,
11.173499,2.451116,11.255264,2.394477,,,
11.245914,2.520145,11.278514,2.418335,,,
11.245914,2.520145,11.302287,2.441733,,,
11.245914,2.520145,11.326134,2.464283,,,
11.245914,2.520145,11.349156,2.485681,,,
11.317558,2.589975,11.371775,2.506587,,,
11.317558,2.589975,11.394217,2.527415,,,
11.317558,2.589975,11.416605,2.548416,,,
11.388421,2.660597,11.438902,2.56985,,,
11.388421,2.660597,11.461011,2.591913,,,
11.388421,2.660597,11.482811,2.614615,,,
11.458495,2.732002,11.504178,2.63782,,,
11.458495,2.732002,11.525102,2.661409,,,
11.458495,2.732002,11.545599,2.685299,,,
11.527772,2.804181,11.565829,2.709359,,,
11.527772,2.804181,11.585735,2.733611,,,
11.527772,2.804181,11.605351,2.758029,,,
11.596242,2.877126,11.624699,2.782598,,,
11.596242,2.877126,11.643797,2.807308,,,
11.596242,2.877126,11.662666,2.832162,,,
11.596242,2.877126,11.68207,2.857925,,,
11.663897,2.950828,11.702101,2.884379,,,
11.663897,2.950828,11.722433,2.911094,,,
11.663897,2.950828,11.742914,2.937958,,,
11.730727,3.025277,11.763506,2.964756,,,
11.730727,3.025277,11.784273,2.991296,,,
11.730727,3.025277,11.80533,3.017497,,,
11.796725,3.100465,11.826796,3.043327,,,
11.796725,3.100465,11.848545,3.068944,,,
11.796725,3.100465,11.870427,3.094579,,,
11.861883,3.176383,11.892318,3.12044,,,
11.861883,3.176383,11.914106,3.146726,,,
11.861883,3.176383,11.935682,3.173593,,,
11.926194,3.253019,11.956909,3.200988,,,
11.926194,3.253019,11.977796,3.228741,,,
11.926194,3.253019,11.998327,3.256763,,,
11.989649,3.330366,12.018513,3.284999,,,
11.989649,3.330366,12.038374,3.313416,,,
12.052241,3.408413,12.057939,3.341989,,,
12.052241,3.408413,12.077221,3.370704,,,
12.052241,3.408413,12.09624,3.399591,,,
12.113961,3.48715,12.114958,3.428875,,,
12.113961,3.48715,12.133351,3.458459,,,
12.113961,3.48715,12.151398,3.488265,,,
12.174804,3.566569,12.169102,3.518245,,,
12.174804,3.566569,12.186484,3.548309,,,
12.174804,3.566569,12.203622,3.578161,,,
12.234758,3.646659,12.220682,3.607655,,,
12.234758,3.646659,12.237843,3.636752,,,
12.234758,3.646659,12.255274,3.665458,,,
12.293819,3.727411,12.273121,3.693797,,,
12.293819,3.727411,12.29152,3.721792,,,
12.293819,3.727411,12.310584,3.749458,,,
12.351978,3.808814,12.33029,3.776798,,,
12.351978,3.808814,12.350312,3.80393,,,
12.351978,3.808814,12.370445,3.831014,,,
12.409228,3.89086,12.390541,3.85822,,,
12.409228,3.89086,12.410478,3.885726,,,
12.409228,3.89086,12.430158,3.913686,,,
12.465563,3.973537,12.449502,3.94224,,,
12.465563,3.973537,12.468434,3.971399,,,
12.465563,3.973537,12.486891,4.00098,,,
12.520975,4.056834,12.504914,4.031002,,,
12.520975,4.056834,12.522459,4.061678,,,
12.520975,4.056834,12.539434,4.092949,,,
12.575459,4.140743,12.55577,4.124606,,,
12.575459,4.140743,12.571509,4.156313,,,
12.575459,4.140743,12.586652,4.187765,,,
12.629006,4.225251,12.601524,4.218803,,,
12.629006,4.225251,12.616426,4.249382,,,
12.629006,4.225251,12.631509,4.279547,,,
12.681611,4.310349,12.646945,4.309343,,,
12.681611,4.310349,12.662876,4.338813,,,
12.681611,4.310349,12.679433,4.367989,,,
12.733268,4.396028,12.696718,4.396899,,,
12.733268,4.396028,12.71484,4.425553,,,
12.783968,4.482274,12.733895,4.453949,,,
12.783968,4.482274,12.753923,4.482042,,,
12.783968,4.482274,12.774685,4.509684,,,
12.833705,4.56908,12.794954,4.535799,,,
12.833705,4.56908,12.814756,4.560652,,,
12.833705,4.56908,12.83425,4.584814,,,
12.833705,4.56908,12.853518,4.608827,,,
12.882475,4.656433,12.873181,4.634141,,,
12.882475,4.656433,12.893026,4.660546,,,
12.882475,4.656433,12.91271,4.687787,,,
12.93027,4.744323,12.932044,4.715794,,,
12.93027,4.744323,12.950904,4.744585,,,
12.93027,4.744323,12.969201,4.774213,,,
12.977085,4.832739,12.986841,4.804736,,,
12.977085,4.832739,13.003701,4.836046,,,
12.977085,4.832739,13.019052,4.866583,,,
13.022915,4.921669,13.029467,4.889038,,,
13.022915,4.921669,13.035629,4.902869,,,
13.022915,4.921669,13.039067,4.910603,,,
13.022915,4.921669,13.042174,4.917417,,,
13.022915,4.921669,13.049404,4.932723,,,
13.022915,4.921669,13.060385,4.955676,,,
13.067755,5.011104,13.073322,4.983258,,,
13.067755,5.011104,13.086876,5.013312,,,
13.067755,5.011104,13.100539,5.04466,,,
13.111597,5.101031,13.113909,5.076883,,,
13.111597,5.101031,13.12686,5.109588,,,
13.111597,5.101031,13.139343,5.142568,,,
13.154437,5.19144,13.151407,5.175621,,,
13.154437,5.19144,13.163069,5.208567,,,
13.19627,5.282319,13.174403,5.241473,,,
13.19627,5.282319,13.185429,5.274388,,,
13.19627,5.282319,13.196216,5.307206,,,
13.237089,5.373658,13.206921,5.339705,,,
13.237089,5.373658,13.217731,5.37182,,,
13.237089,5.373658,13.228814,5.403573,,,
13.27689,5.465445,13.240317,5.435017,,,
13.27689,5.465445,13.252374,5.466201,,,
13.27689,5.465445,13.265097,5.49717,,,
13.315668,5.55767,13.278583,5.527957,,,
13.315668,5.55767,13.292929,5.558584,,,
13.315668,5.55767,13.30823,5.589063,,,
13.353418,5.650319,13.324543,5.619372,,,
13.353418,5.650319,13.341755,5.649429,,,
13.353418,5.650319,13.359677,5.679164,,,
13.390137,5.743382,13.377985,5.708525,,,
13.390137,5.743382,13.39635,5.737559,,,
13.390137,5.743382,13.414657,5.766345,,,
13.425818,5.836848,13.432918,5.794934,,,
13.425818,5.836848,13.450776,5.823682,,,
13.425818,5.836848,13.468201,5.852703,,,
13.460461,5.930705,13.485135,5.882129,,,
13.460461,5.930705,13.50152,5.912078,,,
13.460461,5.930705,13.517297,5.942651,,,
13.494057,6.02494,13.5324,5.973952,,,
13.494057,6.02494,13.546753,6.006081,,,
13.494057,6.02494,13.560261,6.039109,,,
13.526603,6.119543,13.57284,6.072778,,,
13.526603,6.119543,13.584715,6.106568,,,
13.526603,6.119543,13.595912,6.140406,,,
13.558096,6.214502,13.606525,6.174296,,,
13.558096,6.214502,13.616542,6.207957,,,
13.558096,6.214502,13.625915,6.239895,,,
13.588531,6.309806,13.634809,6.270788,,,
13.588531,6.309806,13.643367,6.301206,,,
13.588531,6.309806,13.651655,6.331425,,,
13.617903,6.405442,13.659708,6.361578,,,
13.617903,6.405442,13.667524,6.391731,,,
13.617903,6.405442,13.675019,6.421917,,,
13.646211,6.501399,13.682088,6.452151,,,
13.646211,6.501399,13.688964,6.482885,,,
13.646211,6.501399,13.695836,6.515226,,,
13.67345,6.597664,13.702697,6.548447,,,
13.67345,6.597664,13.709377,6.582106,,,
13.67345,6.597664,13.71583,6.615987,,,
13.699618,6.694227,13.722028,6.649983,,,
13.699618,6.694227,13.727966,6.68404,,,
13.699618,6.694227,13.733641,6.718138,,,
13.724712,6.791074,13.739057,6.752266,,,
13.724712,6.791074,13.744267,6.786321,,,
13.724712,6.791074,13.749458,6.82008,,,
13.748728,6.888194,13.754815,6.853497,,,
13.748728,6.888194,13.760488,6.886647,,,
13.748728,6.888194,13.766405,6.91972,,,
13.771664,6.985574,13.772309,6.952997,,,
13.771664,6.985574,13.777994,6.986673,,,
13.771664,6.985574,13.783274,7.020766,,,
13.793514,7.083204,13.788191,7.054996,,,
13.793514,7.083204,13.792937,7.089118,,,
13.793514,7.083204,13.797506,7.123184,,,
13.814278,7.181071,13.801883,7.157238,,,
13.814278,7.181071,13.806167,7.191171,,,
13.814278,7.181071,13.810541,7.224856,,,
13.833952,7.279162,13.815149,7.25835,,,
13.833952,7.279162,13.819933,7.291748,,,
13.833952,7.279162,13.824957,7.325058,,,
13.852533,7.377467,13.83037,7.358254,,,
13.852533,7.377467,13.836307,7.391362,,,
13.852533,7.377467,13.842876,7.42443,,,
13.870022,7.475972,13.850191,7.457491,,,
13.870022,7.475972,13.858264,7.490507,,,
13.870022,7.475972,13.866921,7.523446,,,
13.886415,7.574665,13.876077,7.556291,,,
13.886415,7.574665,13.885655,7.589037,,,
13.886415,7.574665,13.895578,7.621695,,,
13.90171,7.673534,13.905802,7.654266,,,
13.90171,7.673534,13.916285,7.68676,,,
13.90171,7.673534,13.926999,7.719175,,,
13.915906,7.772567,13.937808,7.751477,,,
13.915906,7.772567,13.948497,7.783724,,,
13.915906,7.772567,13.958764,7.816077,,,
13.929,7.871751,13.968574,7.848613,,,
13.929,7.871751,13.977829,7.881438,,,
13.929,7.871751,13.986433,7.914652,,,
13.94099,7.971076,13.994293,7.948348,,,
13.94099,7.971076,14.001319,7.982591,,,
13.951876,8.070527,14.007437,8.017348,,,
13.951876,8.070527,14.012748,8.052373,,,
13.951876,8.070527,14.017327,8.08751,,,
13.961654,8.170093,14.021258,8.122678,,,
13.961654,8.170093,14.024585,8.157863,,,
13.961654,8.170093,14.027261,8.19315,,,
13.970325,8.269761,14.029401,8.228466,,,
13.970325,8.269761,14.031058,8.263762,,,
13.970325,8.269761,14.032275,8.299016,,,
13.977887,8.36952,14.033145,8.334132,,,
13.977887,8.36952,14.033871,8.368872,,,
13.977887,8.36952,14.034445,8.403245,,,
13.984341,8.469357,14.034777,8.437425,,,
13.984341,8.469357,14.03493,8.471523,,,
13.984341,8.469357,14.03504,8.505615,,,
13.989684,8.56926,14.035048,8.539718,,,
13.989684,8.56926,14.034942,8.573841,,,
13.989684,8.56926,14.034708,8.607987,,,
13.993917,8.669215,14.034334,8.642155,,,
13.993917,8.669215,14.033812,8.676342,,,
13.993917,8.669215,14.033134,8.710545,,,
13.997039,8.769212,14.032291,8.744759,,,
13.997039,8.769212,14.031279,8.778981,,,
13.997039,8.769212,14.030103,8.813209,,,
13.999049,8.869237,14.028749,8.847442,,,
13.999049,8.869237,14.027216,8.881681,,,
13.999049,8.869237,14.0255,8.915922,,,
13.999948,8.969277,14.023603,8.950159,,,
13.999948,8.969277,14.021522,8.984389,,,
13.999948,8.969277,14.019255,9.01861,,,
13.999733,9.069323,14.01694,9.052696,,,
13.999733,9.069323,14.014785,9.086565,,,
13.998405,9.169359,14.012929,9.120271,,,
13.998405,9.169359,14.01134,9.153905,,,
13.998405,9.169359,14.010096,9.187509,,,
13.995966,9.269375,14.009324,9.221109,,,
13.995966,9.269375,14.009141,9.254751,,,
13.995966,9.269375,14.009647,9.288494,,,
13.992415,9.369357,14.010907,9.322365,,,
13.992415,9.369357,14.012817,9.356319,,,
13.992415,9.369357,14.015276,9.390302,,,
13.987754,9.469294,14.018197,9.424283,,,
13.987754,9.469294,14.021513,9.458239,,,
13.987754,9.469294,14.024973,9.492111,,,
13.981982,9.569172,14.028343,9.525913,,,
13.981982,9.569172,14.031435,9.559715,,,
13.981982,9.569172,14.034122,9.593596,,,
13.975101,9.66898,14.036395,9.627636,,,
13.975101,9.66898,14.037971,9.661923,,,
13.975101,9.66898,14.038741,9.696525,,,
13.967111,9.768705,14.038596,9.731495,,,
13.967111,9.768705,14.037479,9.766773,,,
13.967111,9.768705,14.035539,9.802141,,,
13.958013,9.868337,14.032883,9.837465,,,
13.958013,9.868337,14.029608,9.872686,,,
13.958013,9.868337,14.0258,9.907784,,,
13.947807,9.967859,14.021505,9.942751,,,
13.947807,9.967859,14.016778,9.977591,,,
13.947807,9.967859,14.011657,10.01231,,,
13.936495,10.067263,14.006251,10.04685,,,
13.936495,10.067263,14.000857,10.081096,,,
13.936495,10.067263,13.995486,10.115128,,,
13.924078,10.166534,13.990038,10.149044,,,
13.924078,10.166534,13.984481,10.182904,,,
13.924078,10.166534,13.978796,10.216734,,,
13.910559,10.265662,13.972971,10.250545,,,
13.910559,10.265662,13.966997,10.28434,,,
13.910559,10.265662,13.960869,10.318119,,,
13.895939,10.364634,13.954553,10.351869,,,
13.895939,10.364634,13.947961,10.385556,,,
13.895939,10.364634,13.941011,10.419148,,,
13.880219,10.463436,13.933778,10.452661,,,
13.880219,10.463436,13.92643,10.486157,,,
13.880219,10.463436,13.918907,10.519613,,,
13.863404,10.562058,13.911208,10.553029,,,
13.863404,10.562058,13.903331,10.586402,,,
13.845493,10.660487,13.895276,10.619732,,,
13.845493,10.660487,13.88704,10.653018,,,
13.845493,10.660487,13.878621,10.68626,,,
13.82649,10.758711,13.870018,10.719456,,,
13.82649,10.758711,13.861237,10.752605,,,
13.82649,10.758711,13.852442,10.785614,,,
13.806396,10.856717,13.843842,10.818444,,,
13.806396,10.856717,13.835597,10.851161,,,
13.806396,10.856717,13.827822,10.883862,,,
13.785212,10.954494,13.820606,10.916654,,,
13.785212,10.954494,13.814035,10.949626,,,
13.785212,10.954494,13.808182,10.982857,,,
13.762942,11.052029,13.803076,11.016355,,,
13.762942,11.052029,13.798592,11.050039,,,
13.762942,11.052029,13.794641,11.083847,,,
13.73959,11.14931,13.791143,11.117743,,,
13.73959,11.14931,13.78803,11.151702,,,
13.73959,11.14931,13.785244,11.185697,,,
13.715158,11.246326,13.782555,11.219632,,,
13.715158,11.246326,13.779741,11.253481,,,
13.715158,11.246326,13.776623,11.287277,,,
13.689649,11.343065,13.773042,11.321074,,,
13.689649,11.343065,13.768854,11.354927,,,
13.689649,11.343065,13.763938,11.388889,,,
13.663067,11.439514,13.758169,11.42301,,,
13.663067,11.439514,13.751416,11.457316,,,
13.663067,11.439514,13.743646,11.491735,,,
13.635415,11.535662,13.735024,11.526069,,,
13.635415,11.535662,13.725678,11.560206,,,
13.635415,11.535662,13.715705,11.594103,,,
13.606696,11.631496,13.705233,11.627716,,,
13.606696,11.631496,13.694484,11.660976,,,
13.606696,11.631496,13.683445,11.693969,,,
13.576913,11.727006,13.672125,11.726762,,,
13.576913,11.727006,13.660538,11.759395,,,
13.576913,11.727006,13.648689,11.791886,,,
13.54607,11.822178,13.636623,11.824269,,,
13.54607,11.822178,13.624372,11.856572,,,
13.54607,11.822178,13.611938,11.888797,,,
13.51417,11.917001,13.599347,11.920962,,,
13.51417,11.917001,13.586704,11.953133,,,
13.51417,11.917001,13.573907,11.985254,,,
13.481218,12.011463,13.56089,12.017281,,,
13.481218,12.011463,13.54765,12.049207,,,
13.481218,12.011463,13.534185,12.081031,,,
13.447218,12.105555,13.520443,12.112714,,,
13.447218,12.105555,13.506356,12.144202,,,
13.447218,12.105555,13.492072,12.17542,,,
13.412174,12.199261,13.477952,12.206387,,,
13.412174,12.199261,13.464221,12.237235,,,
13.376092,12.292573,13.450943,12.268065,,,
13.376092,12.292573,13.438199,12.299011,,,
13.376092,12.292573,13.426047,12.330192,,,
13.376092,12.292573,13.414535,12.361711,,,
13.338975,12.385478,13.403728,12.393659,,,
13.338975,12.385478,13.393481,12.425862,,,
13.300827,12.477965,13.383534,12.458155,,,
13.300827,12.477965,13.373637,12.490474,,,
13.300827,12.477965,13.363565,12.522804,,,
13.261655,12.570022,13.353124,12.555156,,,
13.261655,12.570022,13.342128,12.587544,,,
13.261655,12.570022,13.33041,12.619976,,,
13.22146,12.661638,13.317826,12.652463,,,
13.22146,12.661638,13.30429,12.684936,,,
13.22146,12.661638,13.28996,12.717236,,,
13.180249,12.752801,13.274973,12.749252,,,
13.180249,12.752801,13.259432,12.780947,,,
13.180249,12.752801,13.243601,12.812,,,
13.138027,12.8435,13.228805,12.840019,,,
13.138027,12.8435,13.21464,12.865972,,,
13.138027,12.8435,13.200702,12.890877,,,
13.138027,12.8435,13.186787,12.915221,,,
13.094799,12.933724,13.172798,12.939245,,,
13.094799,12.933724,13.158689,12.963066,,,
13.094799,12.933724,13.14444,12.986739,,,
13.050571,13.023462,13.130045,13.010294,,,
13.050571,13.023462,13.115141,13.034373,,,
13.050571,13.023462,13.098826,13.060922,,,
13.050571,13.023462,13.081965,13.088781,,,
13.005349,13.112703,13.06511,13.117295,,,
13.005349,13.112703,13.048541,13.146215,,,
13.005349,13.112703,13.03241,13.175484,,,
12.959139,13.201437,13.016811,13.205138,,,
12.959139,13.201437,13.001808,13.235243,,,
12.959139,13.201437,12.987459,13.265849,,,
12.911944,13.289651,12.973747,13.296899,,,
12.911944,13.289651,12.960578,13.328271,,,
12.911944,13.289651,12.947882,13.359889,,,
12.863772,13.377336,12.935551,13.391648,,,
12.863772,13.377336,12.923357,13.423379,,,
12.863772,13.377336,12.911169,13.455056,,,
12.81463,13.464478,12.898846,13.486684,,,
12.81463,13.464478,12.885947,13.518172,,,
12.81463,13.464478,12.872447,13.549581,,,
12.76452,13.551069,12.858183,13.580916,,,
12.76452,13.551069,12.84302,13.61219,,,
12.76452,13.551069,12.826818,13.643401,,,
12.713449,13.637098,12.809463,13.674523,,,
12.713449,13.637098,12.791054,13.705406,,,
12.661427,13.722553,12.771853,13.735894,,,
12.661427,13.722553,12.752034,13.765918,,,
12.661427,13.722553,12.733227,13.793333,,,
12.608457,13.807425,12.7157,13.818045,,,
12.608457,13.807425,12.698828,13.841399,,,
12.608457,13.807425,12.682186,13.864035,,,
12.608457,13.807425,12.66558,13.886277,,,
12.554547,13.891704,12.648904,13.908276,,,
12.554547,13.891704,12.632103,13.93009,,,
12.554547,13.891704,12.615172,13.951769,,,
12.554547,13.891704,12.598314,13.97322,,,
12.499704,13.975378,12.584493,13.990331,,,
12.499704,13.975378,12.573334,14.003779,,,
12.499704,13.975378,12.56346,14.015489,,,
12.499704,13.975378,12.553754,14.026892,,,
12.499704,13.975378,12.539402,14.04392,,,
12.443935,14.058437,12.521375,14.065887,,,
12.443935,14.058437,12.5018,14.090278,,,
12.443935,14.058437,12.481745,14.11591,,,
12.387247,14.140872,12.461987,14.141929,,,
12.387247,14.140872,12.443894,14.165931,,,
12.387247,14.140872,12.426678,14.188643,,,
12.387247,14.140872,12.409629,14.210766,,,
12.329645,14.222671,12.392344,14.232603,,,
12.329645,14.222671,12.374714,14.25421,,,
12.329645,14.222671,12.356812,14.275607,,,
12.271138,14.303824,12.338681,14.296787,,,
12.271138,14.303824,12.319885,14.318317,,,
12.271138,14.303824,12.299247,14.341975,,,
12.271138,14.303824,12.277808,14.366761,,,
12.211731,14.384322,12.256225,14.392118,,,
12.211731,14.384322,12.234829,14.417864,,,
12.211731,14.384322,12.213723,14.443941,,,
12.151433,14.464154,12.192649,14.470214,,,
12.151433,14.464154,12.171362,14.496596,,,
12.151433,14.464154,12.149641,14.523007,,,
12.090251,14.543311,12.127326,14.54935,,,
12.090251,14.543311,12.104432,14.575516,,,
12.028193,14.621783,12.081114,14.60142,,,
12.028193,14.621783,12.057462,14.627025,,,
12.028193,14.621783,12.03353,14.652322,,,
11.965268,14.699561,12.009358,14.677325,,,
11.965268,14.699561,11.984968,14.702047,,,
11.965268,14.699561,11.960377,14.726502,,,
11.901482,14.776635,11.935598,14.750705,,,
11.901482,14.776635,11.910784,14.774659,,,
11.901482,14.776635,11.886208,14.798422,,,
11.836843,14.852995,11.861995,14.822135,,,
11.836843,14.852995,11.838197,14.845957,,,
11.836843,14.852995,11.814829,14.870038,,,
11.771359,14.928632,11.791817,14.894412,,,
11.771359,14.928632,11.769053,14.919057,,,
11.771359,14.928632,11.746472,14.943944,,,
11.705039,15.003536,11.724027,14.969036,,,
11.705039,15.003536,11.701569,14.99424,,,
11.705039,15.003536,11.678876,15.019449,,,
11.63789,15.077698,11.655754,15.044581,,,
11.63789,15.077698,11.632026,15.069563,,,
11.63789,15.077698,11.607585,15.094295,,,
11.56992,15.151109,11.58257,15.118693,,,
11.56992,15.151109,11.557132,15.142703,,,
11.56992,15.151109,11.531363,15.166317,,,
11.501138,15.223759,11.505322,15.189552,,,
11.501138,15.223759,11.479046,15.212429,,,
11.501138,15.223759,11.452563,15.234972,,,
11.431553,15.295641,11.425891,15.257205,,,
11.431553,15.295641,11.399062,15.279143,,,
11.431553,15.295641,11.372348,15.300831,,,
11.361173,15.366744,11.345934,15.322384,,,
11.361173,15.366744,11.319899,15.343968,,,
11.361173,15.366744,11.294271,15.365751,,,
11.290008,15.437062,11.269029,15.387854,,,
11.290008,15.437062,11.244057,15.410252,,,
11.290008,15.437062,11.219276,15.432919,,,
11.218065,15.506584,11.194635,15.455818,,,
11.218065,15.506584,11.170099,15.478909,,,
11.218065,15.506584,11.14564,15.502157,,,
11.145354,15.575302,11.121238,15.525531,,,
11.145354,15.575302,11.096878,15.549006,,,
11.071885,15.643209,11.072548,15.572559,,,
11.071885,15.643209,11.048237,15.59617,,,
11.071885,15.643209,11.023939,15.619826,,,
10.997664,15.710293,10.999645,15.643512,,,
10.997664,15.710293,10.975353,15.667223,,,
10.997664,15.710293,10.951055,15.690944,,,
10.922702,15.776546,10.926751,15.714674,,,
10.922702,15.776546,10.902436,15.738406,,,
10.922702,15.776546,10.878056,15.762109,,,
10.847008,15.841964,10.853436,15.785669,,,
10.847008,15.841964,10.828549,15.809051,,,
10.847008,15.841964,10.803468,15.832265,,,
10.770591,15.906535,10.778229,15.855316,,,
10.770591,15.906535,10.752861,15.878217,,,
10.770591,15.906535,10.727378,15.900976,,,
10.693461,15.970254,10.701795,15.923608,,,
10.693461,15.970254,10.67612,15.94612,,,
10.693461,15.970254,10.650361,15.968523,,,
10.615628,16.033112,10.624524,15.990823,,,
10.615628,16.033112,10.598613,16.013025,,,
10.615628,16.033112,10.572631,16.035136,,,
10.537102,16.0951,10.546582,16.057158,,,
10.537102,16.0951,10.520467,16.079097,,,
10.537102,16.0951,10.494289,16.100954,,,
10.457891,16.156214,10.468049,16.12273,,,
10.457891,16.156214,10.441749,16.14443,,,
10.457891,16.156214,10.415388,16.16605,,,
10.378006,16.216442,10.38897,16.187597,,,
10.378006,16.216442,10.362493,16.209068,,,
10.378006,16.216442,10.33596,16.230465,,,
10.297457,16.275778,10.30937,16.251791,,,
10.297457,16.275778,10.282723,16.27304,,,
10.297457,16.275778,10.256021,16.294217,,,
10.216252,16.334215,10.229265,16.315324,,,
10.216252,16.334215,10.202453,16.336357,,,
10.216252,16.334215,10.175586,16.357317,,,
10.134402,16.391747,10.148665,16.378204,,,
10.134402,16.391747,10.12169,16.399019,,,
10.134402,16.391747,10.094957,16.419535,,,
10.051918,16.448364,10.070289,16.438049,,,
10.051918,16.448364,10.046742,16.45517,,,
10.051918,16.448364,10.023431,16.471482,,,
9.96881,16.504061,9.999974,16.487217,,,
9.96881,16.504061,9.976349,16.502499,,,
9.96881,16.504061,9.95257,16.517385,,,
9.96881,16.504061,9.928654,16.531918,,,
9.885088,16.558832,9.904617,16.546135,,,
9.885088,16.558832,9.881658,16.559381,,,
9.885088,16.558832,9.863773,16.569194,,,
9.885088,16.558832,9.848926,16.577082,,,
9.800763,16.612667,9.835527,16.584033,,,
9.800763,16.612667,9.820914,16.591515,,,
9.800763,16.612667,9.799285,16.602817,,,
9.800763,16.612667,9.773326,16.616743,,,
9.715845,16.665562,9.745477,16.632051,,,
9.715845,16.665562,9.716927,16.648189,,,
9.715845,16.665562,9.688237,16.664965,,,
9.630343,16.71751,9.65965,16.68232,,,
9.630343,16.71751,9.6312,16.700134,,,
9.630343,16.71751,9.602869,16.718299,,,
9.544271,16.768501,9.574666,16.736793,,,
9.544271,16.768501,9.546675,16.755741,,,
9.544271,16.768501,9.518932,16.77526,,,
9.457636,16.818533,9.491456,16.795464,,,
9.457636,16.818533,9.464293,16.816433,,,
9.457636,16.818533,9.437477,16.838066,,,
9.370449,16.867596,9.411007,16.8602,,,
9.370449,16.867596,9.384873,16.882741,,,
9.370449,16.867596,9.359047,16.905614,,,
9.282722,16.915688,9.333489,16.928633,,,
9.282722,16.915688,9.308105,16.951555,,,
9.282722,16.915688,9.282817,16.974319,,,
9.194468,16.962801,9.257469,16.996848,,,
9.194468,16.962801,9.231772,17.018958,,,
9.194468,16.962801,9.20564,17.040662,,,
9.105694,17.00893,9.178944,17.061922,,,
9.105694,17.00893,9.151615,17.082681,,,
9.105694,17.00893,9.123576,17.102928,,,
9.016413,17.054073,9.094706,17.122619,,,
9.016413,17.054073,9.064883,17.141686,,,
9.016413,17.054073,9.034116,17.160019,,,
8.926636,17.098223,9.002688,17.177607,,,
8.926636,17.098223,8.970836,17.194456,,,
8.926636,17.098223,8.938693,17.210595,,,
8.836374,17.141375,8.906312,17.22598,,,
8.836374,17.141375,8.873726,17.240571,,,
8.836374,17.141375,8.840995,17.254473,,,
8.745638,17.183523,8.808177,17.267893,,,
8.745638,17.183523,8.775297,17.280788,,,
8.745638,17.183523,8.742698,17.293289,,,
8.654439,17.224663,8.710567,17.305581,,,
8.654439,17.224663,8.678935,17.317877,,,
8.654439,17.224663,8.647756,17.33037,,,
8.562788,17.264791,8.61697,17.343225,,,
8.562788,17.264791,8.586515,17.356584,,,
8.562788,17.264791,8.556338,17.370562,,,
8.470696,17.303898,8.526402,17.385262,,,
8.470696,17.303898,8.496682,17.400779,,,
8.470696,17.303898,8.467193,17.417127,,,
8.378177,17.34198,8.437924,17.433929,,,
8.378177,17.34198,8.408774,17.45093,,,
8.378177,17.34198,8.379598,17.467936,,,
8.285239,17.379028,8.350238,17.484794,,,
8.285239,17.379028,8.320548,17.501389,,,
8.285239,17.379028,8.29039,17.517607,,,
8.191895,17.415037,8.259632,17.533343,,,
8.191895,17.415037,8.228157,17.548505,,,
8.191895,17.415037,8.195855,17.562998,,,
8.098158,17.450001,8.162768,17.576715,,,
8.098158,17.450001,8.129224,17.589614,,,
8.004038,17.483912,8.095415,17.601718,,,
8.004038,17.483912,8.061448,17.613093,,,
8.004038,17.483912,8.02738,17.623785,,,
7.909546,17.516764,7.993247,17.633851,,,
7.909546,17.516764,7.959069,17.64333,,,
7.909546,17.516764,7.925942,17.652076,,,
7.814695,17.548552,7.894516,17.660149,,,
7.814695,17.548552,7.864005,17.667887,,,
7.814695,17.548552,7.833902,17.67542,,,
7.719496,17.579268,7.803956,17.682809,,,
7.719496,17.579268,7.774048,17.690076,,,
7.719496,17.579268,7.744121,17.697223,,,
7.719496,17.579268,7.714149,17.704246,,,
7.62396,17.608912,7.684122,17.711137,,,
7.62396,17.608912,7.654039,17.717889,,,
7.62396,17.608912,7.623899,17.724495,,,
7.5281,17.637489,7.593705,17.730946,,,
7.5281,17.637489,7.563459,17.737239,,,
7.5281,17.637489,7.533164,17.743369,,,
7.431928,17.665005,7.502823,17.749332,,,
7.431928,17.665005,7.472436,17.755125,,,
7.431928,17.665005,7.442007,17.760743,,,
7.431928,17.665005,7.411446,17.766201,,,
7.335455,17.691462,7.379656,17.771884,,,
7.335455,17.691462,7.347129,17.777882,,,
7.335455,17.691462,7.314416,17.784239,,,
7.238694,17.716867,7.281732,17.791041,,,
7.238694,17.716867,7.249144,17.798387,,,
7.238694,17.716867,7.216652,17.806379,,,
7.141657,17.741224,7.184234,17.815109,,,
7.141657,17.741224,7.152092,17.824588,,,
7.141657,17.741224,7.121455,17.834065,,,
7.044355,17.76454,7.091763,17.843451,,,
7.044355,17.76454,7.06248,17.852768,,,
7.044355,17.76454,7.033292,17.862031,,,
6.946801,17.786814,7.00366,17.87116,,,
6.946801,17.786814,6.972213,17.880184,,,
6.946801,17.786814,6.939399,17.888742,,,
6.849007,17.808056,6.905574,17.896666,,,
6.849007,17.808056,6.870897,17.903773,,,
6.849007,17.808056,6.835607,17.909988,,,
6.750984,17.828255,6.800039,17.915368,,,
6.750984,17.828255,6.764384,17.919931,,,
6.750984,17.828255,6.728838,17.923797,,,
6.652745,17.847387,6.693746,17.927223,,,
6.652745,17.847387,6.659206,17.930471,,,
6.652745,17.847387,6.625168,17.933773,,,
6.554302,17.865417,6.591531,17.937315,,,
6.554302,17.865417,6.558185,17.941257,,,
6.554302,17.865417,6.525031,17.94573,,,
6.455666,17.882318,6.49198,17.950838,,,
6.455666,17.882318,6.458967,17.956681,,,
6.455666,17.882318,6.425936,17.963351,,,
6.35685,17.898056,6.392849,17.97093,,,
6.35685,17.898056,6.359741,17.97947,,,
6.35685,17.898056,6.326702,17.988829,,,
6.257866,17.912601,6.293837,17.998736,,,
6.257866,17.912601,6.261193,18.008849,,,
6.257866,17.912601,6.228704,18.018938,,,
6.158726,17.92592,6.196257,18.028831,,,
6.158726,17.92592,6.163731,18.038382,,,
6.158726,17.92592,6.13101,18.047473,,,
6.059443,17.937984,6.097991,18.056009,,,
6.059443,17.937984,6.06457,18.063877,,,
6.059443,17.937984,6.030662,18.070979,,,
5.960026,17.948761,5.996186,18.077227,,,
5.960026,17.948761,5.961065,18.082507,,,
5.960026,17.948761,5.925469,18.08673,,,
5.860491,17.958231,5.889923,18.090141,,,
5.860491,17.958231,5.854794,18.093034,,,
5.760848,17.966465,5.820162,18.095688,,,
5.760848,17.966465,5.785928,18.098309,,,
5.760848,17.966465,5.751916,18.10091,,,
5.661111,17.973572,5.717991,18.103481,,,
5.661111,17.973572,5.684085,18.106007,,,
5.661111,17.973572,5.650168,18.108475,,,
5.561293,17.979656,5.616228,18.110872,,,
5.561293,17.979656,5.58226,18.113188,,,
5.561293,17.979656,5.548265,18.115406,,,
5.461406,17.984831,5.514244,18.117525,,,
5.461406,17.984831,5.480199,18.11953,,,
5.461406,17.984831,5.446132,18.121423,,,
5.361465,17.989202,5.412047,18.123194,,,
5.361465,17.989202,5.377945,18.124837,,,
5.361465,17.989202,5.343829,18.126354,,,
5.26148,17.99288,5.309699,18.12774,,,
5.26148,17.99288,5.275559,18.128994,,,
5.26148,17.99288,5.24141,18.13011,,,
5.161467,17.995972,5.207253,18.13109,,,
5.161467,17.995972,5.173088,18.131933,,,
5.161467,17.995972,5.138919,18.132639,,,
5.061437,17.998585,5.104746,18.133202,,,
5.061437,17.998585,5.070568,18.133628,,,
5.061437,17.998585,5.036389,18.133913,,,
4.961404,18.000828,5.002209,18.134055,,,
4.961404,18.000828,4.968028,18.134058,,,
4.961404,18.000828,4.933847,18.133919,,,
4.861374,18.002771,4.899668,18.133637,,,
4.861374,18.002771,4.865491,18.133214,,,
4.861374,18.002771,4.831316,18.132649,,,
4.76135,18.004435,4.797145,18.131942,,,
4.76135,18.004435,4.762978,18.131093,,,
4.76135,18.004435,4.728815,18.130101,,,
4.661328,18.005831,4.694713,18.129043,,,
4.661328,18.005831,4.660761,18.128125,,,
4.661328,18.005831,4.626936,18.127524,,,
4.561311,18.006975,4.593177,18.127368,,,
4.561311,18.006975,4.559407,18.127782,,,
4.561311,18.006975,4.525628,18.128685,,,
4.461298,18.007883,4.491841,18.129782,,,
4.461298,18.007883,4.457993,18.130845,,,
4.461298,18.007883,4.424013,18.131648,,,
4.361287,18.00857,4.389826,18.132024,,,
4.361287,18.00857,4.355483,18.13192,,,
4.361287,18.00857,4.321087,18.131395,,,
4.26128,18.009052,4.28669,18.130503,,,
4.26128,18.009052,4.252315,18.129281,,,
4.26128,18.009052,4.217974,18.127764,,,
4.161275,18.009344,4.183669,18.125981,,,
4.161275,18.009344,4.149403,18.123952,,,
4.161275,18.009344,4.115263,18.121853,,,
4.061274,18.009459,4.081293,18.119895,,,
4.061274,18.009459,4.047444,18.118246,,,
4.061274,18.009459,4.013637,18.117045,,,
3.961274,18.009415,3.979789,18.11641,,,
3.961274,18.009415,3.945821,18.116452,,,
3.961274,18.009415,3.911672,18.117269,,,
3.861277,18.009224,3.877353,18.118917,,,
3.861277,18.009224,3.842982,18.121263,,,
3.761282,18.008904,3.808745,18.123995,,,
3.761282,18.008904,3.774691,18.126854,,,
3.761282,18.008904,3.740788,18.129724,,,
3.661289,18.008467,3.706956,18.132453,,,
3.661289,18.008467,3.673075,18.134669,,,
3.661289,18.008467,3.639065,18.136328,,,
3.561297,18.007931,3.604864,18.137315,,,
3.561297,18.007931,3.57048,18.137577,,,
3.561297,18.007931,3.536021,18.137238,,,
3.461306,18.007311,3.501552,18.136384,,,
3.461306,18.007311,3.467103,18.135079,,,
3.461306,18.007311,3.43269,18.133385,,,
3.361316,18.00662,3.398354,18.131341,,,
3.361316,18.00662,3.364222,18.129065,,,
3.361316,18.00662,3.330242,18.12705,,,
3.261328,18.005875,3.296365,18.125321,,,
3.261328,18.005875,3.262523,18.123878,,,
3.261328,18.005875,3.228683,18.122625,,,
3.16134,18.005091,3.194829,18.121524,,,
3.16134,18.005091,3.160953,18.120548,,,
3.16134,18.005091,3.127057,18.119664,,,
3.061352,18.004282,3.093142,18.118855,,,
3.061352,18.004282,3.059211,18.118101,,,
3.061352,18.004282,3.025266,18.117387,,,
2.961364,18.003464,2.99131,18.116704,,,
2.961364,18.003464,2.957346,18.116041,,,
2.961364,18.003464,2.923375,18.115388,,,
2.861376,18.002651,2.889398,18.114741,,,
2.861376,18.002651,2.855416,18.114095,,,
2.861376,18.002651,2.821432,18.113444,,,
2.761388,18.00186,2.787446,18.112786,,,
2.761388,18.00186,2.753457,18.112119,,,
2.761388,18.00186,2.719468,18.111439,,,
2.6614,18.001104,2.685478,18.110744,,,
2.6614,18.001104,2.651488,18.110035,,,
2.6614,18.001104,2.617497,18.109308,,,
2.56141,18.000401,2.583507,18.108564,,,
2.56141,18.000401,2.549648,18.107808,,,
2.56141,18.000401,2.521281,18.106938,,,
2.46142,17.999763,2.498887,18.105838,,,
2.46142,17.999763,2.479482,18.10458,,,
2.46142,17.999763,2.461412,18.103095,,,
2.46142,17.999763,2.443847,18.101304,,,
2.46142,17.999763,2.426403,18.099129,,,
2.361428,17.999199,2.40901,18.096609,,,
2.361428,17.999199,2.391684,18.093794,,,
2.361428,17.999199,2.37443,18.090724,,,
2.361428,17.999199,2.357247,18.087436,,,
2.361428,17.999199,2.340131,18.083956,,,
2.361428,17.999199,2.323078,18.080307,,,
2.261436,17.998705,2.306083,18.076508,,,
2.261436,17.998705,2.288243,18.072372,,,
2.261436,17.998705,2.263624,18.066756,,,
2.261436,17.998705,2.234324,18.060279,,,
2.161442,17.998281,2.202924,18.053553,,,
2.161442,17.998281,2.170573,18.047064,,,
2.161442,17.998281,2.137773,18.040967,,,
2.061448,17.997921,2.104681,18.03543,,,
2.061448,17.997921,2.071335,18.030563,,,
2.061448,17.997921,2.037751,18.026368,,,
1.961452,17.997625,2.003882,18.022941,,,
1.961452,17.997625,1.969672,18.020389,,,
1.961452,17.997625,1.93507,18.0188,,,
1.861456,17.997387,1.900039,18.018261,,,
1.861456,17.997387,1.864658,18.018805,,,
1.861456,17.997387,1.829176,18.020278,,,
1.761459,17.997206,1.793732,18.022555,,,
1.761459,17.997206,1.761076,18.025265,,,
1.761459,17.997206,1.736063,18.027715,,,
1.761459,17.997206,1.715644,18.029938,,,
1.66146,17.997078,1.697506,18.031934,,,
1.66146,17.997078,1.680455,18.033659,,,
1.66146,17.997078,1.663848,18.034991,,,
1.66146,17.997078,1.64739,18.036,,,
1.66146,17.997078,1.630909,18.036661,,,
1.66146,17.997078,1.614313,18.036941,,,
1.561462,17.997,1.59755,18.036812,,,
1.561462,17.997,1.580586,18.036238,,,
1.561462,17.997,1.563397,18.035188,,,
1.561462,17.997,1.545981,18.033619,,,
1.561462,17.997,1.524008,18.031025,,,
1.461462,17.996969,1.495622,18.027039,,,
1.461462,17.996969,1.4642,18.022424,,,
1.461462,17.996969,1.431498,18.01773,,,
1.361462,17.996983,1.39829,18.013136,,,
1.361462,17.996983,1.364855,18.008826,,,
1.361462,17.996983,1.331268,18.004942,,,
1.261461,17.997038,1.297513,18.001612,,,
1.261461,17.997038,1.263545,17.998954,,,
1.261461,17.997038,1.229403,17.997018,,,
1.16146,17.997131,1.195171,17.995665,,,
1.16146,17.997131,1.160903,17.994798,,,
1.16146,17.997131,1.126628,17.994333,,,
1.061458,17.997259,1.092359,17.99419,,,
