ref x,ref y),x,y
38,-4.4,38.049188,-4.400812
38.097874,-4.421019,38.079572,-4.401336
38.097874,-4.421019,38.111929,-4.401922
38.097874,-4.421019,38.145326,-4.402996
38.195744,-4.442046,38.179252,-4.404612
38.195744,-4.442046,38.213518,-4.4068
38.195744,-4.442046,38.24798,-4.409623
38.29361,-4.463091,38.282547,-4.413109
38.29361,-4.463091,38.317173,-4.417274
38.29361,-4.463091,38.351786,-4.42209
38.391472,-4.484164,38.38629,-4.427313
38.391472,-4.484164,38.420648,-4.432941
38.489319,-4.505271,38.454898,-4.439032
38.489319,-4.505271,38.489042,-4.445394
38.489319,-4.505271,38.523088,-4.452096
38.587158,-4.526424,38.557056,-4.459127
38.587158,-4.526424,38.590909,-4.466296
38.587158,-4.526424,38.624675,-4.4736
38.684978,-4.547631,38.658381,-4.481125
38.684978,-4.547631,38.692055,-4.488653
38.684978,-4.547631,38.72569,-4.496256
38.782787,-4.5689,38.759223,-4.504288
38.782787,-4.5689,38.792699,-4.51238
38.782787,-4.5689,38.8261,-4.520636
38.880573,-4.59024,38.859447,-4.52916
38.880573,-4.59024,38.892766,-4.537924
38.880573,-4.59024,38.926041,-4.546767
38.978336,-4.61166,38.959257,-4.555732
38.978336,-4.61166,38.992394,-4.56477
38.978336,-4.61166,39.025467,-4.574023
39.076077,-4.633171,39.058498,-4.583471
39.076077,-4.633171,39.091491,-4.59312
39.076077,-4.633171,39.124414,-4.602844
39.173794,-4.654779,39.157306,-4.612803
39.173794,-4.654779,39.190168,-4.622878
39.173794,-4.654779,39.222956,-4.63299
39.271477,-4.676495,39.255676,-4.643135
39.271477,-4.676495,39.288318,-4.65325
39.271477,-4.676495,39.320898,-4.663474
39.369129,-4.698327,39.35346,-4.673866
39.369129,-4.698327,39.386003,-4.684305
39.369129,-4.698327,39.418476,-4.694683
39.466751,-4.720284,39.45085,-4.705053
39.466751,-4.720284,39.483155,-4.715464
39.466751,-4.720284,39.515449,-4.725984
39.564335,-4.742376,39.547718,-4.736623
39.564335,-4.742376,39.579999,-4.747106
39.661877,-4.76461,39.612255,-4.757571
39.661877,-4.76461,39.644532,-4.76798
39.661877,-4.76461,39.676827,-4.778232
39.75938,-4.786996,39.709128,-4.788405
39.75938,-4.786996,39.741467,-4.798432
39.75938,-4.786996,39.773861,-4.808248
39.856842,-4.809543,39.806298,-4.817904
39.856842,-4.809543,39.838804,-4.827352
39.856842,-4.809543,39.871378,-4.836587
39.954254,-4.83226,39.904022,-4.845629
39.954254,-4.83226,39.936742,-4.854468
39.954254,-4.83226,39.969519,-4.863151
40.05162,-4.855156,40.002337,-4.87174
40.05162,-4.855156,40.035214,-4.88016
40.05162,-4.855156,40.068127,-4.888488
40.148933,-4.87824,40.101069,-4.896744
40.148933,-4.87824,40.134012,-4.905035
40.148933,-4.87824,40.16697,-4.913301
40.246197,-4.90152,40.19994,-4.921554
40.246197,-4.90152,40.232919,-4.929802
40.246197,-4.90152,40.265888,-4.938115
40.343403,-4.925005,40.298854,-4.946463
40.343403,-4.925005,40.331815,-4.954847
40.343403,-4.925005,40.364775,-4.963246
40.440552,-4.948706,40.397741,-4.971618
40.440552,-4.948706,40.430662,-4.980145
40.440552,-4.948706,40.463574,-4.988691
40.537636,-4.97263,40.496458,-4.99735
40.537636,-4.97263,40.529335,-5.006048
40.537636,-4.97263,40.562199,-5.014797
40.634663,-4.996786,40.595039,-5.02364
40.634663,-4.996786,40.62787,-5.0325
40.634663,-4.996786,40.660698,-5.041367
40.731621,-5.021183,40.69351,-5.050284
40.731621,-5.021183,40.726311,-5.059229
40.731621,-5.021183,40.759096,-5.068222
40.82851,-5.045831,40.791852,-5.077328
40.82851,-5.045831,40.824607,-5.086445
40.82851,-5.045831,40.857352,-5.095578
40.925331,-5.070738,40.890074,-5.1048
40.925331,-5.070738,40.922772,-5.11411
40.925331,-5.070738,40.955461,-5.123439
41.022079,-5.095913,40.988148,-5.132758
41.022079,-5.095913,41.020832,-5.142088
41.022079,-5.095913,41.053501,-5.151476
41.118755,-5.121366,41.086149,-5.16097
41.118755,-5.121366,41.118778,-5.17054
41.118755,-5.121366,41.151412,-5.180099
41.215351,-5.147104,41.184046,-5.189635
41.215351,-5.147104,41.216669,-5.199207
41.215351,-5.147104,41.249273,-5.208854
41.311867,-5.173137,41.281877,-5.218498
41.311867,-5.173137,41.31447,-5.228182
41.408298,-5.199474,41.347053,-5.237905
41.408298,-5.199474,41.379616,-5.247709
41.408298,-5.199474,41.412171,-5.257539
41.50465,-5.226124,41.444706,-5.26745
41.50465,-5.226124,41.477242,-5.277344
41.50465,-5.226124,41.509764,-5.287295
41.60091,-5.253097,41.542258,-5.297352
41.60091,-5.253097,41.574735,-5.307467
41.60091,-5.253097,41.607222,-5.317542
41.697083,-5.280399,41.639673,-5.327733
41.697083,-5.280399,41.672139,-5.337891
41.697083,-5.280399,41.704582,-5.348132
41.793163,-5.308042,41.736996,-5.358481
41.793163,-5.308042,41.769395,-5.368884
41.793163,-5.308042,41.801803,-5.379247
41.889149,-5.336032,41.834182,-5.389687
41.889149,-5.336032,41.866555,-5.400137
41.889149,-5.336032,41.898915,-5.410627
41.985039,-5.364381,41.931244,-5.421235
41.985039,-5.364381,41.963584,-5.431815
41.985039,-5.364381,41.995908,-5.442446
42.08083,-5.393096,42.028206,-5.45316
42.08083,-5.393096,42.060493,-5.463914
42.08083,-5.393096,42.09275,-5.474778
42.176514,-5.422197,42.124976,-5.48574
42.176514,-5.422197,42.157204,-5.496679
42.176514,-5.422197,42.189417,-5.507667
42.272076,-5.451709,42.221621,-5.518693
42.272076,-5.451709,42.253798,-5.529797
42.272076,-5.451709,42.28593,-5.541024
42.367508,-5.481659,42.318041,-5.552305
42.367508,-5.481659,42.350133,-5.563632
42.367508,-5.481659,42.3822,-5.575035
42.462799,-5.512076,42.414229,-5.586565
42.462799,-5.512076,42.446223,-5.598195
42.462799,-5.512076,42.478196,-5.60988
42.55793,-5.542986,42.510146,-5.621621
42.55793,-5.542986,42.542074,-5.633413
42.55793,-5.542986,42.573973,-5.645292
42.652893,-5.574417,42.60585,-5.657222
42.652893,-5.574417,42.637701,-5.669217
42.652893,-5.574417,42.669522,-5.681294
42.747677,-5.606395,42.701319,-5.69343
42.747677,-5.606395,42.733083,-5.705664
42.842266,-5.638947,42.764804,-5.718034
42.842266,-5.638947,42.796503,-5.73045
42.842266,-5.638947,42.82817,-5.742959
42.936646,-5.672102,42.859806,-5.755551
42.936646,-5.672102,42.891416,-5.768207
42.936646,-5.672102,42.922988,-5.78098
43.030811,-5.705886,42.954513,-5.793891
43.030811,-5.705886,42.986019,-5.806835
43.030811,-5.705886,43.017481,-5.819896
43.124744,-5.740326,43.048914,-5.833034
43.124744,-5.740326,43.080296,-5.84631
43.124744,-5.740326,43.111644,-5.859663
43.218433,-5.775449,43.14298,-5.873029
43.218433,-5.775449,43.174268,-5.886517
43.218433,-5.775449,43.205506,-5.900135
43.311867,-5.811284,43.23673,-5.913776
43.311867,-5.811284,43.267921,-5.92749
43.311867,-5.811284,43.299063,-5.941327
43.405029,-5.847855,43.330176,-5.955241
43.405029,-5.847855,43.361234,-5.969297
43.405029,-5.847855,43.392232,-5.9835
43.497913,-5.885192,43.423169,-5.997807
43.497913,-5.885192,43.454059,-6.012213
43.497913,-5.885192,43.484914,-6.026715
43.590508,-5.923321,43.515706,-6.041358
43.590508,-5.923321,43.546459,-6.056082
43.590508,-5.923321,43.577164,-6.070897
43.682793,-5.96227,43.60783,-6.085798
43.682793,-5.96227,43.638435,-6.100829
43.682793,-5.96227,43.668997,-6.115937
43.774757,-6.002065,43.699536,-6.131081
43.774757,-6.002065,43.730017,-6.146337
43.866402,-6.042717,43.760474,-6.161638
43.866402,-6.042717,43.790882,-6.177034
43.866402,-6.042717,43.821222,-6.192591
43.957737,-6.084169,43.851539,-6.208212
43.957737,-6.084169,43.88183,-6.223866
43.957737,-6.084169,43.912069,-6.239592
44.04879,-6.126342,43.942289,-6.255332
44.04879,-6.126342,43.972488,-6.271106
44.04879,-6.126342,44.002683,-6.286868
44.139587,-6.169155,44.032883,-6.302638
44.139587,-6.169155,44.063087,-6.318428
44.139587,-6.169155,44.093254,-6.334279
44.230156,-6.212531,44.123362,-6.350184
44.230156,-6.212531,44.153424,-6.36617
44.230156,-6.212531,44.18347,-6.382193
44.320518,-6.25639,44.213495,-6.398223
44.320518,-6.25639,44.243486,-6.414312
44.320518,-6.25639,44.273475,-6.430401
44.410698,-6.300653,44.303444,-6.446502
44.410698,-6.300653,44.33339,-6.462637
44.410698,-6.300653,44.363347,-6.478747
44.500725,-6.345242,44.393293,-6.49486
44.500725,-6.345242,44.423258,-6.510927
44.500725,-6.345242,44.453218,-6.526981
44.590622,-6.390078,44.483168,-6.543051
44.590622,-6.390078,44.513111,-6.559143
44.590622,-6.390078,44.543085,-6.575178
44.680416,-6.43508,44.573055,-6.591209
44.680416,-6.43508,44.603066,-6.607158
44.680416,-6.43508,44.633085,-6.623079
44.77013,-6.480171,44.66311,-6.638992
44.77013,-6.480171,44.693185,-6.654813
44.77013,-6.480171,44.723271,-6.670606
44.859791,-6.525272,44.753373,-6.686377
44.859791,-6.525272,44.78353,-6.702045
44.859791,-6.525272,44.813706,-6.717673
44.949425,-6.570303,44.843904,-6.733265
44.949425,-6.570303,44.874168,-6.748735
44.949425,-6.570303,44.904466,-6.764141
45.039055,-6.615186,44.934793,-6.779494
45.039055,-6.615186,44.965144,-6.794805
45.039055,-6.615186,44.995514,-6.810082
45.128708,-6.659842,45.025902,-6.825328
45.128708,-6.659842,45.056357,-6.84045
45.128708,-6.659842,45.086868,-6.855465
45.218407,-6.704192,45.117403,-6.870434
45.218407,-6.704192,45.147997,-6.885296
45.308182,-6.748156,45.178674,-6.899994
45.308182,-6.748156,45.209424,-6.914554
45.308182,-6.748156,45.240225,-6.929017
45.398052,-6.791656,45.271068,-6.943394
45.398052,-6.791656,45.301953,-6.957687
45.398052,-6.791656,45.332901,-6.971851
45.488049,-6.834613,45.363902,-6.985904
45.488049,-6.834613,45.39497,-6.999823
45.488049,-6.834613,45.42609,-7.013646
45.578194,-6.876948,45.457269,-7.027344
45.578194,-6.876948,45.488498,-7.040939
45.578194,-6.876948,45.519801,-7.054367
45.668514,-6.918582,45.551151,-7.067688
45.668514,-6.918582,45.582534,-7.080926
45.668514,-6.918582,45.613965,-7.09404
45.759033,-6.959436,45.645473,-7.106994
45.759033,-6.959436,45.677048,-7.11981
45.759033,-6.959436,45.708679,-7.1325
45.849781,-6.999432,45.740372,-7.145051
45.849781,-6.999432,45.772124,-7.157463
45.849781,-6.999432,45.803917,-7.169756
45.940777,-7.038489,45.835767,-7.181897
45.940777,-7.038489,45.867683,-7.193897
45.940777,-7.038489,45.899666,-7.205746
46.032047,-7.07653,45.93172,-7.217428
46.032047,-7.07653,45.963812,-7.228992
46.032047,-7.07653,45.995939,-7.240446
46.123615,-7.113495,46.028122,-7.251748
46.123615,-7.113495,46.060352,-7.26292
46.123615,-7.113495,46.092646,-7.273925
46.215481,-7.149402,46.125008,-7.28475
46.215481,-7.149402,46.157385,-7.295505
46.215481,-7.149402,46.189818,-7.306094
46.307648,-7.184284,46.22229,-7.316566
46.307648,-7.184284,46.254823,-7.326861
46.307648,-7.184284,46.287389,-7.337054
46.400112,-7.218175,46.320017,-7.347064
46.400112,-7.218175,46.352651,-7.357031
46.400112,-7.218175,46.385332,-7.366828
46.492874,-7.251109,46.418072,-7.376447
46.492874,-7.251109,46.450853,-7.385941
46.492874,-7.251109,46.483695,-7.395242
46.585934,-7.283118,46.516553,-7.404467
46.585934,-7.283118,46.549435,-7.413573
46.585934,-7.283118,46.582329,-7.422618
46.679287,-7.314239,46.615277,-7.431485
46.679287,-7.314239,46.648266,-7.440225
46.679287,-7.314239,46.681314,-7.448787
46.772934,-7.344502,46.714355,-7.457294
46.772934,-7.344502,46.747448,-7.465613
46.772934,-7.344502,46.780579,-7.473824
46.866875,-7.373943,46.813713,-7.481982
46.866875,-7.373943,46.846881,-7.490005
46.866875,-7.373943,46.880094,-7.49787
46.961109,-7.402596,46.913294,-7.505675
46.961109,-7.402596,46.946545,-7.513309
47.055637,-7.430493,46.97983,-7.520856
47.055637,-7.430493,47.013111,-7.528345
47.055637,-7.430493,47.046417,-7.535706
47.150459,-7.457669,47.079753,-7.542939
47.150459,-7.457669,47.113078,-7.550105
47.150459,-7.457669,47.14645,-7.557124
47.245567,-7.484157,47.179847,-7.56407
47.245567,-7.484157,47.213234,-7.570972
47.245567,-7.484157,47.24664,-7.577764
47.340969,-7.509991,47.2801,-7.584386
47.340969,-7.509991,47.313602,-7.590825
47.340969,-7.509991,47.347073,-7.597278
47.436657,-7.535204,47.380563,-7.603634
47.436657,-7.535204,47.414087,-7.609843
47.436657,-7.535204,47.447593,-7.616027
47.532635,-7.559832,47.481134,-7.622062
47.532635,-7.559832,47.514689,-7.627971
47.532635,-7.559832,47.548206,-7.633927
47.628899,-7.583906,47.581742,-7.639778
47.628899,-7.583906,47.615288,-7.645603
47.628899,-7.583906,47.648825,-7.651369
47.725452,-7.60746,47.682382,-7.657016
47.725452,-7.60746,47.715931,-7.662667
47.725452,-7.60746,47.749447,-7.668358
47.822289,-7.63053,47.782974,-7.673981
47.822289,-7.63053,47.816483,-7.679666
47.822289,-7.63053,47.849987,-7.685303
47.919411,-7.653148,47.883513,-7.690845
47.919411,-7.653148,47.917023,-7.696452
47.919411,-7.653148,47.95051,-7.702105
48.016819,-7.675347,47.984005,-7.707722
48.016819,-7.675347,48.01748,-7.713436
48.016819,-7.675347,48.050953,-7.719131
48.11451,-7.697163,48.084401,-7.724937
48.11451,-7.697163,48.11784,-7.730762
48.11451,-7.697163,48.151278,-7.736612
48.212482,-7.718627,48.184727,-7.742441
48.212482,-7.718627,48.218163,-7.748354
48.212482,-7.718627,48.251605,-7.754227
48.310738,-7.739775,48.285048,-7.76012
48.310738,-7.739775,48.318478,-7.766084
48.310738,-7.739775,48.351913,-7.772025
48.409275,-7.760639,48.385347,-7.777983
48.409275,-7.760639,48.418771,-7.784004
48.409275,-7.760639,48.452201,-7.789983
48.508095,-7.781254,48.485632,-7.795983
48.508095,-7.781254,48.519051,-7.802044
48.508095,-7.781254,48.552473,-7.808088
48.607189,-7.801652,48.5859,-7.814127
48.607189,-7.801652,48.61932,-7.820215
48.607189,-7.801652,48.65275,-7.826269
48.706566,-7.821869,48.68618,-7.832341
48.706566,-7.821869,48.719605,-7.838457
48.706566,-7.821869,48.753037,-7.844559
48.806217,-7.841938,48.786472,-7.850672
48.806217,-7.841938,48.819899,-7.856827
48.806217,-7.841938,48.853328,-7.862972
48.906151,-7.861891,48.886753,-7.869143
48.906151,-7.861891,48.920177,-7.875325
48.906151,-7.861891,48.953607,-7.881487
49.006355,-7.881763,48.98703,-7.887686
49.006355,-7.881763,49.020446,-7.893919
49.006355,-7.881763,49.053865,-7.900143
49.106838,-7.901589,49.087288,-7.906355
49.106838,-7.901589,49.120703,-7.912606
49.106838,-7.901589,49.154114,-7.91888
49.207596,-7.9214,49.187513,-7.92522
49.207596,-7.9214,49.220902,-7.931618
49.207596,-7.9214,49.254284,-7.938046
49.308628,-7.941232,49.287663,-7.944497
49.308628,-7.941232,49.321039,-7.950966
49.308628,-7.941232,49.354412,-7.957451
49.409931,-7.961117,49.387784,-7.963948
49.409931,-7.961117,49.421154,-7.970454
49.409931,-7.961117,49.454523,-7.976968
49.511509,-7.98109,49.487891,-7.983488
49.511509,-7.98109,49.521258,-7.990013
49.511509,-7.98109,49.554625,-7.996541
49.613358,-8.001184,49.587974,-8.003161
49.613358,-8.001184,49.621312,-8.009836
49.613358,-8.001184,49.654639,-8.016569
49.715477,-8.021431,49.687963,-8.023313
49.715477,-8.021431,49.72128,-8.030094
49.715477,-8.021431,49.75459,-8.036901
49.817856,-8.041829,49.787892,-8.043751
49.817856,-8.041829,49.821194,-8.050599
49.817856,-8.041829,49.854492,-8.057458
49.92049,-8.06236,49.887791,-8.064307
49.92049,-8.06236,49.921086,-8.071172
49.92049,-8.06236,49.954378,-8.078052
50.023369,-8.083002,49.987662,-8.084964
50.023369,-8.083002,50.02094,-8.091901
50.023369,-8.083002,50.054224,-8.098801
50.126476,-8.103734,50.087509,-8.10568
50.126476,-8.103734,50.120806,-8.112485
50.126476,-8.103734,50.154103,-8.119261
50.229805,-8.124536,50.187396,-8.126045
50.229805,-8.124536,50.22068,-8.132864
50.229805,-8.124536,50.253974,-8.139621
50.333347,-8.145385,50.287269,-8.146365
50.333347,-8.145385,50.320565,-8.153099
50.333347,-8.145385,50.353862,-8.159825
50.437084,-8.166263,50.387159,-8.166546
50.437084,-8.166263,50.420457,-8.173261
50.437084,-8.166263,50.453756,-8.179972
50.541012,-8.187147,50.487055,-8.18668
50.541012,-8.187147,50.520355,-8.193386
50.541012,-8.187147,50.553656,-8.200089
50.541012,-8.187147,50.586958,-8.206791
50.645119,-8.208018,50.620262,-8.213491
50.645119,-8.208018,50.653566,-8.220191
50.645119,-8.208018,50.686884,-8.226835
50.74939,-8.228854,50.720213,-8.233426
50.74939,-8.228854,50.753551,-8.239979
50.74939,-8.228854,50.786899,-8.246486
50.853821,-8.249635,50.82026,-8.252932
50.853821,-8.249635,50.853624,-8.259361
50.853821,-8.249635,50.886993,-8.265762
50.958397,-8.270339,50.920375,-8.272107
50.958397,-8.270339,50.953764,-8.278416
50.958397,-8.270339,50.987155,-8.284713
51.063107,-8.290945,51.020556,-8.290966
51.063107,-8.290945,51.053956,-8.297222
51.063107,-8.290945,51.087361,-8.303451
51.167942,-8.311434,51.120779,-8.309628
51.167942,-8.311434,51.154202,-8.315775
51.167942,-8.311434,51.187624,-8.321934
51.272892,-8.331783,51.221058,-8.328033
51.272892,-8.331783,51.254491,-8.334135
51.272892,-8.331783,51.287932,-8.340202
51.272892,-8.331783,51.321386,-8.346212
51.377949,-8.351974,51.354845,-8.352196
51.377949,-8.351974,51.388302,-8.358188
51.377949,-8.351974,51.421774,-8.364112
51.483093,-8.371983,51.455244,-8.37004
51.483093,-8.371983,51.488724,-8.375923
51.483093,-8.371983,51.522216,-8.381745
51.588322,-8.39179,51.555718,-8.387526
51.588322,-8.39179,51.589233,-8.393233
51.588322,-8.39179,51.622743,-8.398956
51.693623,-8.411376,51.656272,-8.404583
51.693623,-8.411376,51.689808,-8.410176
51.693623,-8.411376,51.723346,-8.415756
51.798981,-8.430719,51.756898,-8.421262
51.798981,-8.430719,51.790452,-8.42675
51.798981,-8.430719,51.824001,-8.432239
51.904392,-8.449798,51.857567,-8.437641
51.904392,-8.449798,51.891138,-8.443016
51.904392,-8.449798,51.924708,-8.448384
52.009842,-8.468592,51.958287,-8.453704
52.009842,-8.468592,51.991871,-8.458984
52.009842,-8.468592,52.025453,-8.464261
52.009842,-8.468592,52.05904,-8.469489
52.115322,-8.48708,52.092628,-8.474692
52.115322,-8.48708,52.126221,-8.47983
52.115322,-8.48708,52.159831,-8.484881
52.220818,-8.505241,52.19344,-8.489918
52.220818,-8.505241,52.227051,-8.494941
52.220818,-8.505241,52.260677,-8.499881
52.326321,-8.523056,52.294314,-8.504745
52.326321,-8.523056,52.327954,-8.50958
52.326321,-8.523056,52.361606,-8.514333
52.431824,-8.540503,52.395282,-8.518985
52.431824,-8.540503,52.428961,-8.523625
52.431824,-8.540503,52.462642,-8.528222
52.537312,-8.55756,52.496339,-8.532701
52.537312,-8.55756,52.530051,-8.537096
52.537312,-8.55756,52.563762,-8.541481
52.642773,-8.574208,52.597486,-8.545792
52.642773,-8.574208,52.631215,-8.550102
52.642773,-8.574208,52.664949,-8.554363
52.642773,-8.574208,52.698702,-8.558513
52.748199,-8.590425,52.732457,-8.56267
52.748199,-8.590425,52.766208,-8.566808
52.748199,-8.590425,52.799976,-8.570835
52.85358,-8.606191,52.83375,-8.574879
52.85358,-8.606191,52.867536,-8.578843
52.85358,-8.606191,52.901343,-8.582681
52.958904,-8.621485,52.935178,-8.586364
52.958904,-8.621485,52.969034,-8.589958
52.958904,-8.621485,53.002882,-8.593576
53.064163,-8.636285,53.036741,-8.597133
53.064163,-8.636285,53.070614,-8.600599
53.064163,-8.636285,53.104482,-8.604047
53.169342,-8.650571,53.138361,-8.607345
53.169342,-8.650571,53.172251,-8.610582
53.169342,-8.650571,53.206127,-8.613857
53.274429,-8.664323,53.240017,-8.616991
53.274429,-8.664323,53.2739,-8.620166
53.274429,-8.664323,53.307791,-8.623222
53.379421,-8.677519,53.341698,-8.626134
53.379421,-8.677519,53.375618,-8.629
53.379421,-8.677519,53.40953,-8.631891
53.484303,-8.690139,53.443446,-8.634689
53.484303,-8.690139,53.477359,-8.637477
53.484303,-8.690139,53.511278,-8.640202
53.589066,-8.702161,53.545221,-8.642775
53.589066,-8.702161,53.579179,-8.645296
53.589066,-8.702161,53.613135,-8.647816
53.589066,-8.702161,53.6471,-8.650189
53.693691,-8.713566,53.681082,-8.652432
53.693691,-8.713566,53.71507,-8.654587
53.693691,-8.713566,53.749064,-8.656598
53.79818,-8.724331,53.783078,-8.658579
53.79818,-8.724331,53.81708,-8.66052
53.79818,-8.724331,53.851084,-8.662364
53.902515,-8.734436,53.885093,-8.664047
53.902515,-8.734436,53.919109,-8.665634
53.902515,-8.734436,53.953123,-8.667178
54.006687,-8.743861,53.987131,-8.668672
54.006687,-8.743861,54.021132,-8.670121
54.006687,-8.743861,54.055138,-8.671463
54.110683,-8.752584,54.089151,-8.672657
54.110683,-8.752584,54.12317,-8.67378
54.110683,-8.752584,54.157178,-8.674867
54.214497,-8.760586,54.191188,-8.675836
54.214497,-8.760586,54.225212,-8.676741
54.214497,-8.760586,54.259237,-8.677552
54.318111,-8.767844,54.293274,-8.678204
54.318111,-8.767844,54.327311,-8.678807
54.318111,-8.767844,54.361334,-8.679363
54.421524,-8.774339,54.395359,-8.679804
54.421524,-8.774339,54.429381,-8.680182
54.421524,-8.774339,54.463411,-8.680434
54.524719,-8.780048,54.497453,-8.680531
54.524719,-8.780048,54.531495,-8.680601
54.524719,-8.780048,54.565526,-8.680608
54.627686,-8.784952,54.599559,-8.680483
54.627686,-8.784952,54.633592,-8.6803
54.627686,-8.784952,54.667636,-8.679984
54.730415,-8.789029,54.70169,-8.679499
54.730415,-8.789029,54.735743,-8.678999
54.730415,-8.789029,54.769794,-8.678417
54.832893,-8.792259,54.803848,-8.67769
54.832893,-8.792259,54.837904,-8.676895
54.832893,-8.792259,54.871962,-8.675953
54.935116,-8.794621,54.906019,-8.674996
54.935116,-8.794621,54.940078,-8.673893
54.935116,-8.794621,54.974141,-8.672698
55.037067,-8.796095,55.008207,-8.671347
55.037067,-8.796095,55.042277,-8.669901
55.037067,-8.796095,55.076354,-8.668351
55.138737,-8.796658,55.110435,-8.666741
55.138737,-8.796658,55.144517,-8.665124
55.138737,-8.796658,55.178592,-8.663414
55.240116,-8.79629,55.212642,-8.661475
55.240116,-8.79629,55.246681,-8.659501
55.240116,-8.79629,55.28071,-8.65744
55.341194,-8.794971,55.314728,-8.655261
55.341194,-8.794971,55.34875,-8.652901
55.341194,-8.794971,55.382771,-8.650449
55.441956,-8.792681,55.416789,-8.647918
55.441956,-8.792681,55.450806,-8.645226
55.441956,-8.792681,55.484819,-8.642388
55.542397,-8.789397,55.518822,-8.639439
55.542397,-8.789397,55.552814,-8.636389
55.642506,-8.785099,55.586795,-8.633234
55.642506,-8.785099,55.620769,-8.629948
55.642506,-8.785099,55.654738,-8.626494
55.742268,-8.779766,55.688697,-8.622894
55.742268,-8.779766,55.722638,-8.61915
55.742268,-8.779766,55.756543,-8.61518
55.841675,-8.773377,55.790426,-8.611086
55.841675,-8.773377,55.824301,-8.606894
55.841675,-8.773377,55.858153,-8.602607
55.940716,-8.765913,55.891986,-8.598192
55.940716,-8.765913,55.9258,-8.593646
55.940716,-8.765913,55.959591,-8.588977
56.039379,-8.757351,55.993365,-8.584158
56.039379,-8.757351,56.027121,-8.579174
56.039379,-8.757351,56.060856,-8.574092
56.137653,-8.74767,56.094572,-8.568865
56.137653,-8.74767,56.12827,-8.5635
56.137653,-8.74767,56.161947,-8.558057
56.235531,-8.736851,56.195597,-8.552439
56.235531,-8.736851,56.229236,-8.546715
56.333004,-8.724872,56.262856,-8.54083
56.333004,-8.724872,56.296454,-8.53477
56.333004,-8.724872,56.330029,-8.52861
56.430054,-8.711713,56.36358,-8.52233
56.430054,-8.711713,56.397104,-8.515882
56.430054,-8.711713,56.430604,-8.509294
56.526672,-8.697351,56.464074,-8.502535
56.526672,-8.697351,56.497519,-8.495675
56.526672,-8.697351,56.530933,-8.488647
56.622852,-8.681768,56.56432,-8.481482
56.622852,-8.681768,56.597673,-8.47415
56.622852,-8.681768,56.631,-8.46671
56.718578,-8.664942,56.664291,-8.459063
56.718578,-8.664942,56.697555,-8.451278
56.813847,-8.646852,56.730785,-8.443355
56.813847,-8.646852,56.763984,-8.435321
56.813847,-8.646852,56.797151,-8.427148
56.908638,-8.627476,56.830285,-8.418793
56.908638,-8.627476,56.863384,-8.410261
56.908638,-8.627476,56.896448,-8.401581
57.002949,-8.606795,56.929478,-8.392757
57.002949,-8.606795,56.962472,-8.383778
57.002949,-8.606795,56.995424,-8.37462
57.096764,-8.584788,57.028337,-8.365333
57.096764,-8.584788,57.06126,-8.356023
57.190075,-8.561434,57.094248,-8.346802
57.190075,-8.561434,57.12713,-8.337279
57.190075,-8.561434,57.159968,-8.32759
57.282871,-8.536711,57.192755,-8.317688
57.282871,-8.536711,57.225501,-8.307653
57.282871,-8.536711,57.258205,-8.297471
57.375141,-8.510599,57.290862,-8.287123
57.375141,-8.510599,57.323472,-8.27665
57.466873,-8.483078,57.356035,-8.266011
57.466873,-8.483078,57.388548,-8.255179
57.466873,-8.483078,57.421013,-8.244193
57.558056,-8.454125,57.453427,-8.233036
57.558056,-8.454125,57.485785,-8.221732
57.558056,-8.454125,57.518084,-8.210254
57.648685,-8.423722,57.550334,-8.198634
57.648685,-8.423722,57.582529,-8.18686
57.738743,-8.391847,57.614665,-8.174908
57.738743,-8.391847,57.646713,-8.162754
57.738743,-8.391847,57.67864,-8.150312
57.82822,-8.358478,57.710437,-8.137568
57.82822,-8.358478,57.742207,-8.124743
57.82822,-8.358478,57.773905,-8.111782
57.91711,-8.323595,57.805536,-8.098678
57.91711,-8.323595,57.83709,-8.085391
58.005398,-8.287177,57.868561,-8.0719
58.005398,-8.287177,57.899973,-8.058282
58.005398,-8.287177,57.93131,-8.044486
58.093071,-8.249205,57.962578,-8.030533
58.093071,-8.249205,57.99377,-8.016385
58.093071,-8.249205,58.024885,-8.002068
58.180126,-8.209655,58.055934,-7.987627
58.180126,-8.209655,58.086902,-7.973
58.266548,-8.168508,58.117786,-7.958179
58.266548,-8.168508,58.148593,-7.943197
58.266548,-8.168508,58.179331,-7.928085
58.352325,-8.125743,58.209982,-7.91279
58.352325,-8.125743,58.240552,-7.897336
58.352325,-8.125743,58.271043,-7.881716
58.43745,-8.081339,58.301435,-7.865881
58.43745,-8.081339,58.331751,-7.849912
58.521908,-8.035275,58.361981,-7.833781
58.521908,-8.035275,58.392117,-7.817472
58.521908,-8.035275,58.422175,-7.801023
58.605694,-7.987533,58.452127,-7.784359
58.605694,-7.987533,58.48199,-7.767538
58.605694,-7.987533,58.511762,-7.750556
58.688816,-7.938144,58.541434,-7.73339
58.688816,-7.938144,58.571017,-7.716086
58.77132,-7.887192,58.600522,-7.698657
58.77132,-7.887192,58.629918,-7.681046
58.77132,-7.887192,58.659223,-7.66329
58.853241,-7.834758,58.688446,-7.645409
58.853241,-7.834758,58.717586,-7.627402
58.853241,-7.834758,58.746634,-7.609232
58.93462,-7.780927,58.775575,-7.590869
58.93462,-7.780927,58.804426,-7.572367
58.93462,-7.780927,58.833198,-7.553757
59.015491,-7.725783,58.861923,-7.535023
59.015491,-7.725783,58.890607,-7.516191
59.095901,-7.669409,58.919377,-7.497418
59.095901,-7.669409,58.948053,-7.478479
59.095901,-7.669409,58.976574,-7.45935
59.175884,-7.611888,59.005014,-7.440117
59.175884,-7.611888,59.033349,-7.420696
59.175884,-7.611888,59.061594,-7.401156
59.255482,-7.553305,59.089746,-7.381481
59.255482,-7.553305,59.117823,-7.361718
59.255482,-7.553305,59.145802,-7.34183
59.334728,-7.493743,59.173681,-7.321804
59.334728,-7.493743,59.20145,-7.301614
59.334728,-7.493743,59.229131,-7.281322
59.41367,-7.433286,59.256714,-7.260911
59.41367,-7.433286,59.284209,-7.240414
59.492344,-7.372017,59.311616,-7.219786
59.492344,-7.372017,59.338867,-7.198943
59.492344,-7.372017,59.365864,-7.177808
59.570786,-7.31002,59.392757,-7.156578
59.570786,-7.31002,59.419525,-7.135208
59.570786,-7.31002,59.446226,-7.113795
59.649036,-7.247378,59.472798,-7.092261
59.649036,-7.247378,59.499251,-7.070585
59.649036,-7.247378,59.525607,-7.04879
59.727135,-7.184176,59.551906,-7.026956
59.727135,-7.184176,59.578089,-7.005005
59.727135,-7.184176,59.604224,-6.983028
59.805126,-7.120497,59.630261,-6.960954
59.805126,-7.120497,59.656251,-6.938869
59.805126,-7.120497,59.682147,-6.916701
59.883038,-7.056425,59.707976,-6.894448
59.883038,-7.056425,59.733727,-6.872084
59.883038,-7.056425,59.759441,-6.849703
59.960918,-6.992043,59.785057,-6.827216
59.960918,-6.992043,59.81062,-6.804664
59.960918,-6.992043,59.836165,-6.782134
60.038807,-6.927434,59.861688,-6.759662
60.038807,-6.927434,59.887173,-6.737179
60.038807,-6.927434,59.912617,-6.714639
60.116737,-6.862683,59.938038,-6.692055
60.116737,-6.862683,59.963458,-6.669503
60.116737,-6.862683,59.988878,-6.646964
60.194752,-6.797873,60.014317,-6.624488
60.194752,-6.797873,60.039754,-6.602018
60.194752,-6.797873,60.065184,-6.579523
60.272888,-6.733088,60.090627,-6.557031
60.272888,-6.733088,60.116103,-6.534606
60.272888,-6.733088,60.141588,-6.512194
60.351185,-6.668412,60.167101,-6.48981
60.351185,-6.668412,60.192664,-6.467505
60.351185,-6.668412,60.21829,-6.445278
60.429688,-6.603928,60.243997,-6.423161
60.429688,-6.603928,60.269768,-6.401112
60.429688,-6.603928,60.295589,-6.379102
60.508427,-6.539719,60.321492,-6.357171
60.508427,-6.539719,60.347481,-6.335341
60.508427,-6.539719,60.373579,-6.31363
60.587448,-6.47587,60.399787,-6.292043
60.587448,-6.47587,60.426087,-6.270553
60.587448,-6.47587,60.452502,-6.249188
60.666786,-6.412464,60.479059,-6.227986
60.666786,-6.412464,60.505745,-6.206939
60.666786,-6.412464,60.53248,-6.18595
60.746483,-6.349585,60.559328,-6.165096
60.746483,-6.349585,60.58626,-6.144343
60.746483,-6.349585,60.613313,-6.123735
60.826576,-6.287316,60.640448,-6.103222
60.826576,-6.287316,60.667686,-6.082834
60.826576,-6.287316,60.695047,-6.062597
60.907104,-6.225741,60.72251,-6.042481
60.907104,-6.225741,60.750062,-6.022479
60.907104,-6.225741,60.777736,-6.002634
60.98811,-6.164944,60.805488,-5.982883
60.98811,-6.164944,60.833348,-5.963274
60.98811,-6.164944,60.861329,-5.943825
61.06963,-6.105008,60.889406,-5.924498
61.06963,-6.105008,60.917576,-5.905295
61.06963,-6.105008,60.945849,-5.886233
61.151703,-6.046017,60.974188,-5.867268
61.151703,-6.046017,61.002608,-5.848412
61.151703,-6.046017,61.031079,-5.829612
61.234364,-5.988051,61.059612,-5.810906
61.234364,-5.988051,61.088285,-5.792424
61.234364,-5.988051,61.117017,-5.774039
61.317631,-5.931139,61.145802,-5.755743
61.317631,-5.931139,61.174668,-5.737575
61.317631,-5.931139,61.203616,-5.719536
61.401485,-5.875268,61.232639,-5.701616
61.401485,-5.875268,61.261721,-5.683796
61.401485,-5.875268,61.290871,-5.666087
61.485916,-5.820428,61.320085,-5.648481
61.485916,-5.820428,61.349378,-5.631002
61.485916,-5.820428,61.378736,-5.613637
61.570915,-5.766606,61.408136,-5.596352
61.570915,-5.766606,61.437611,-5.579184
61.570915,-5.766606,61.467173,-5.562153
61.656467,-5.713789,61.496795,-5.545222
61.656467,-5.713789,61.526487,-5.528405
61.656467,-5.713789,61.556233,-5.511691
61.742561,-5.661966,61.586034,-5.495069
61.742561,-5.661966,61.615902,-5.47856
61.742561,-5.661966,61.645819,-5.462146
61.829185,-5.611123,61.675815,-5.445864
61.829185,-5.611123,61.705893,-5.429715
61.829185,-5.611123,61.736054,-5.413699
61.916328,-5.561249,61.766254,-5.39777
61.916328,-5.561249,61.796492,-5.38192
61.916328,-5.561249,61.826814,-5.366216
62.003979,-5.512331,61.857182,-5.350597
62.003979,-5.512331,61.887617,-5.335092
62.003979,-5.512331,61.918135,-5.319729
62.092125,-5.464356,61.948724,-5.304556
62.092125,-5.464356,61.979352,-5.289484
62.092125,-5.464356,62.010038,-5.27453
62.180752,-5.417314,62.040758,-5.259658
62.180752,-5.417314,62.071546,-5.244926
62.180752,-5.417314,62.102415,-5.230348
62.269848,-5.371191,62.133299,-5.215821
62.269848,-5.371191,62.164242,-5.201436
62.269848,-5.371191,62.195234,-5.18716
62.359409,-5.325975,62.226301,-5.173039
62.359409,-5.325975,62.257397,-5.15899
62.359409,-5.325975,62.288567,-5.145093
62.449413,-5.281654,62.319745,-5.131232
62.449413,-5.281654,62.35098,-5.117518
62.449413,-5.281654,62.382261,-5.103909
62.539856,-5.238215,62.413612,-5.090452
62.539856,-5.238215,62.444989,-5.077058
62.539856,-5.238215,62.476444,-5.063821
62.630718,-5.195647,62.507976,-5.050737
62.630718,-5.195647,62.539514,-5.037694
62.630718,-5.195647,62.571085,-5.024762
62.721996,-5.153937,62.602726,-5.011985
62.721996,-5.153937,62.63443,-4.999355
62.721996,-5.153937,62.666155,-4.986783
62.813675,-5.113072,62.697912,-4.974309
62.813675,-5.113072,62.729689,-4.961885
62.813675,-5.113072,62.761528,-4.949587
62.905739,-5.073041,62.7934,-4.937315
62.905739,-5.073041,62.825301,-4.925053
62.905739,-5.073041,62.85718,-4.912779
62.99818,-5.033831,62.889122,-4.900755
62.99818,-5.033831,62.92113,-4.888868
62.99818,-5.033831,62.953156,-4.877035
63.090988,-4.99543,62.985247,-4.86536
63.090988,-4.99543,63.017416,-4.853854
63.090988,-4.99543,63.049627,-4.842475
63.184147,-4.957825,63.081853,-4.831174
63.184147,-4.957825,63.114095,-4.81995
63.184147,-4.957825,63.14635,-4.808791
63.277649,-4.921004,63.178654,-4.797758
63.277649,-4.921004,63.211032,-4.786893
63.277649,-4.921004,63.243467,-4.776173
63.371479,-4.884955,63.275924,-4.765529
63.371479,-4.884955,63.308418,-4.754997
63.371479,-4.884955,63.34093,-4.744538
63.465626,-4.849666,63.373455,-4.734174
63.465626,-4.849666,63.406036,-4.723971
63.465626,-4.849666,63.438661,-4.713899
63.560078,-4.815124,63.4713,-4.703873
63.560078,-4.815124,63.503974,-4.693973
63.560078,-4.815124,63.536647,-4.684114
63.654823,-4.781317,63.569338,-4.674377
63.654823,-4.781317,63.60208,-4.66479
63.654823,-4.781317,63.634863,-4.655312
63.749851,-4.748233,63.667651,-4.645851
63.749851,-4.748233,63.700478,-4.636531
63.749851,-4.748233,63.733373,-4.627405
63.845146,-4.71586,63.766296,-4.61848
63.845146,-4.71586,63.799245,-4.609737
63.845146,-4.71586,63.832202,-4.60103
63.940704,-4.684185,63.86515,-4.592336
63.940704,-4.684185,63.898128,-4.583785
63.940704,-4.684185,63.931159,-4.575397
64.036507,-4.653195,63.964173,-4.567017
64.036507,-4.653195,63.997207,-4.558767
64.036507,-4.653195,64.030259,-4.550588
64.132538,-4.622879,64.063363,-4.542565
64.132538,-4.622879,64.096461,-4.534542
64.132538,-4.622879,64.129567,-4.526599
64.228798,-4.593225,64.162739,-4.51882
64.228798,-4.593225,64.195903,-4.511048
64.228798,-4.593225,64.229067,-4.503348
64.325272,-4.564219,64.262272,-4.495801
64.325272,-4.564219,64.295532,-4.488395
64.325272,-4.564219,64.328786,-4.480999
64.421936,-4.53585,64.362042,-4.473654
64.421936,-4.53585,64.395278,-4.466315
64.421936,-4.53585,64.428536,-4.459083
64.518791,-4.508106,64.461816,-4.451935
64.518791,-4.508106,64.495134,-4.444892
64.518791,-4.508106,64.528436,-4.437864
64.615822,-4.480974,64.56178,-4.430951
64.615822,-4.480974,64.595145,-4.424076
64.615822,-4.480974,64.628491,-4.417204
64.71302,-4.454442,64.661836,-4.410334
64.71302,-4.454442,64.695196,-4.403471
64.71302,-4.454442,64.728517,-4.39647
64.810364,-4.428497,64.761865,-4.389705
64.810364,-4.428497,64.795202,-4.382908
64.810364,-4.428497,64.828535,-4.37614
64.907852,-4.403127,64.86191,-4.369485
64.907852,-4.403127,64.895289,-4.362847
64.907852,-4.403127,64.928657,-4.356237
65.005463,-4.378321,64.962044,-4.349752
65.005463,-4.378321,64.995464,-4.343366
65.005463,-4.378321,65.028889,-4.336983
65.103195,-4.354074,65.062299,-4.330601
65.103195,-4.354074,65.095697,-4.324186
65.103195,-4.354074,65.129098,-4.317821
65.201057,-4.330382,65.162527,-4.31159
65.201057,-4.330382,65.195989,-4.305448
65.201057,-4.330382,65.229444,-4.299294
65.299034,-4.307245,65.262909,-4.293224
65.299034,-4.307245,65.296372,-4.287144
65.299034,-4.307245,65.32984,-4.28114
65.397125,-4.28466,65.363339,-4.275269
65.397125,-4.28466,65.396833,-4.269377
65.397125,-4.28466,65.430316,-4.26349
65.495331,-4.262626,65.463824,-4.25771
65.495331,-4.262626,65.497325,-4.251867
65.495331,-4.262626,65.530852,-4.24614
65.593643,-4.241141,65.564369,-4.240348
65.593643,-4.241141,65.597898,-4.234648
65.593643,-4.241141,65.631458,-4.229078
65.69207,-4.220202,65.665041,-4.223565
65.69207,-4.220202,65.698621,-4.218058
65.69207,-4.220202,65.73223,-4.212708
65.790604,-4.199809,65.765855,-4.207391
65.790604,-4.199809,65.799468,-4.202045
65.790604,-4.199809,65.833103,-4.196842
65.889236,-4.179959,65.866749,-4.191691
65.889236,-4.179959,65.900382,-4.186519
65.889236,-4.179959,65.934019,-4.181439
65.987976,-4.16065,65.967646,-4.176338
65.987976,-4.16065,66.00128,-4.171293
65.987976,-4.16065,66.034954,-4.166385
66.086815,-4.14188,66.068647,-4.161537
66.086815,-4.14188,66.102334,-4.156701
66.086815,-4.14188,66.136037,-4.151998
66.185753,-4.123648,66.169767,-4.147423
66.185753,-4.123648,66.203511,-4.142897
66.185753,-4.123648,66.23724,-4.138347
66.284782,-4.105951,66.270958,-4.133789
66.284782,-4.105951,66.304688,-4.129304
66.284782,-4.105951,66.338443,-4.124954
66.383911,-4.088789,66.372224,-4.120691
66.383911,-4.088789,66.406006,-4.116448
66.483124,-4.072158,66.439782,-4.112227
66.483124,-4.072158,66.473555,-4.10801
66.483124,-4.072158,66.507345,-4.103876
66.582436,-4.056057,66.541162,-4.099878
66.582436,-4.056057,66.575007,-4.095962
66.582436,-4.056057,66.608857,-4.092018
66.681824,-4.040485,66.642706,-4.088234
66.681824,-4.040485,66.676554,-4.084492
66.681824,-4.040485,66.710396,-4.080811
66.781296,-4.025439,66.744244,-4.077252
66.781296,-4.025439,66.778093,-4.073717
66.781296,-4.025439,66.811925,-4.070194
66.880852,-4.010917,66.845767,-4.066782
66.880852,-4.010917,66.879616,-4.063385
66.880852,-4.010917,66.913466,-4.060054
66.980492,-3.996918,66.947327,-4.05686
66.980492,-3.996918,66.981188,-4.053666
66.980492,-3.996918,67.015039,-4.050482
67.080208,-3.983439,67.048898,-4.047382
67.080208,-3.983439,67.082752,-4.044274
67.080208,-3.983439,67.116618,-4.041253
67.179993,-3.97048,67.150503,-4.038369
67.179993,-3.97048,67.184389,-4.035469
67.179993,-3.97048,67.218277,-4.03265
67.279854,-3.958037,67.252171,-4.029885
67.279854,-3.958037,67.286082,-4.027248
67.279854,-3.958037,67.319991,-4.024588
67.379784,-3.94611,67.353897,-4.021972
67.379784,-3.94611,67.387797,-4.019341
67.379784,-3.94611,67.421711,-4.016819
67.47979,-3.934696,67.455639,-4.014348
67.47979,-3.934696,67.489584,-4.011997
67.47979,-3.934696,67.523532,-4.009634
67.579849,-3.923793,67.557496,-4.007383
67.579849,-3.923793,67.591454,-4.005097
67.579849,-3.923793,67.625415,-4.002907
67.679977,-3.9134,67.659385,-4.000773
67.679977,-3.9134,67.693366,-3.998785
67.679977,-3.9134,67.727336,-3.996823
67.780167,-3.903514,67.761312,-3.994941
67.780167,-3.903514,67.79529,-3.993099
67.780167,-3.903514,67.829264,-3.991253
67.880417,-3.894134,67.863243,-3.989472
67.880417,-3.894134,67.897228,-3.987751
67.880417,-3.894134,67.931207,-3.986033
67.980728,-3.885258,67.965187,-3.984388
67.980728,-3.885258,67.999164,-3.982774
67.980728,-3.885258,68.033136,-3.981153
68.081085,-3.876884,68.067108,-3.97955
68.081085,-3.876884,68.101086,-3.978003
68.081085,-3.876884,68.135076,-3.976547
68.181496,-3.86901,68.169067,-3.97513
68.181496,-3.86901,68.203057,-3.973722
68.181496,-3.86901,68.237056,-3.972405
68.28196,-3.861635,68.271063,-3.97116
68.28196,-3.861635,68.305075,-3.969959
68.28196,-3.861635,68.339096,-3.96884
68.382469,-3.854756,68.373114,-3.967744
68.382469,-3.854756,68.407136,-3.966698
68.483025,-3.848372,68.441162,-3.965717
68.483025,-3.848372,68.475189,-3.964765
68.483025,-3.848372,68.509223,-3.963883
68.583626,-3.84248,68.543267,-3.963076
68.583626,-3.84248,68.577308,-3.962278
68.583626,-3.84248,68.611351,-3.961411
68.684265,-3.837079,68.645378,-3.9607
68.684265,-3.837079,68.6794,-3.959996
68.684265,-3.837079,68.713426,-3.959408
68.784935,-3.832167,68.747444,-3.958818
68.784935,-3.832167,68.781459,-3.958312
68.784935,-3.832167,68.815476,-3.957907
68.885651,-3.827742,68.849485,-3.957499
68.885651,-3.827742,68.883492,-3.957138
68.885651,-3.827742,68.917499,-3.956857
68.986397,-3.823802,68.951503,-3.956605
68.986397,-3.823802,68.985506,-3.956405
68.986397,-3.823802,69.019512,-3.956322
69.087181,-3.820346,69.053513,-3.956242
69.087181,-3.820346,69.087515,-3.956211
69.087181,-3.820346,69.121519,-3.956267
69.187988,-3.817371,69.155527,-3.956412
69.187988,-3.817371,69.189532,-3.956588
69.187988,-3.817371,69.223537,-3.956816
69.288818,-3.814876,69.25754,-3.957068
69.288818,-3.814876,69.291545,-3.957403
69.288818,-3.814876,69.325548,-3.957781
69.389679,-3.812859,69.359551,-3.958168
69.389679,-3.812859,69.393557,-3.958644
69.389679,-3.812859,69.427564,-3.959135
69.490562,-3.811317,69.461579,-3.959694
69.490562,-3.811317,69.495598,-3.96033
69.490562,-3.811317,69.529618,-3.961003
69.591469,-3.81025,69.563638,-3.961691
69.591469,-3.81025,69.597659,-3.962439
69.591469,-3.81025,69.631681,-3.963214
69.69239,-3.809654,69.665706,-3.96406
69.69239,-3.809654,69.699735,-3.965006
69.69239,-3.809654,69.733753,-3.966078
69.793327,-3.80953,69.767769,-3.967118
69.793327,-3.80953,69.80178,-3.968196
69.793327,-3.80953,69.835787,-3.9693
69.894272,-3.809873,69.869794,-3.97048
69.894272,-3.809873,69.903799,-3.971742
69.894272,-3.809873,69.937799,-3.973028
69.995232,-3.810683,69.971797,-3.974355
69.995232,-3.810683,70.00579,-3.975708
69.995232,-3.810683,70.03978,-3.977084
70.096207,-3.811957,70.073772,-3.978538
70.096207,-3.811957,70.107761,-3.980024
70.096207,-3.811957,70.14175,-3.98156
70.197182,-3.813695,70.17574,-3.98317
70.197182,-3.813695,70.209727,-3.984803
70.197182,-3.813695,70.243714,-3.986469
70.298157,-3.815893,70.277701,-3.988223
70.298157,-3.815893,70.311687,-3.989997
70.399139,-3.818551,70.345672,-3.991833
70.399139,-3.818551,70.379657,-3.993747
70.399139,-3.818551,70.413639,-3.995673
70.500122,-3.821665,70.447618,-3.997639
70.500122,-3.821665,70.481595,-3.999673
70.500122,-3.821665,70.515573,-4.001733
70.601105,-3.825235,70.549558,-4.003768
70.601105,-3.825235,70.583531,-4.00593
70.601105,-3.825235,70.617493,-4.008128
70.70208,-3.829259,70.651448,-4.010375
70.70208,-3.829259,70.685397,-4.012692
70.70208,-3.829259,70.719342,-4.015075
70.803047,-3.833734,70.753277,-4.017492
70.803047,-3.833734,70.787203,-4.019962
70.803047,-3.833734,70.821122,-4.022463
70.904007,-3.838659,70.855034,-4.025035
70.904007,-3.838659,70.888939,-4.027655
70.904007,-3.838659,70.922839,-4.030288
71.004951,-3.844031,70.956733,-4.033
71.004951,-3.844031,70.990624,-4.035724
71.004951,-3.844031,71.024509,-4.038518
71.105881,-3.84985,71.058391,-4.041381
71.105881,-3.84985,71.092266,-4.044285
71.105881,-3.84985,71.126139,-4.047214
71.206795,-3.856113,71.160005,-4.050212
71.206795,-3.856113,71.193868,-4.053232
71.206795,-3.856113,71.227728,-4.056322
71.307693,-3.862818,71.261583,-4.059477
71.307693,-3.862818,71.295433,-4.062676
71.307693,-3.862818,71.329282,-4.065904
71.408569,-3.869963,71.36313,-4.06919
71.408569,-3.869963,71.396978,-4.072513
71.408569,-3.869963,71.430827,-4.075881
71.509422,-3.877547,71.464675,-4.079323
71.509422,-3.877547,71.498519,-4.082798
71.509422,-3.877547,71.532362,-4.086307
71.610252,-3.885568,71.566201,-4.089873
71.610252,-3.885568,71.600037,-4.093477
71.610252,-3.885568,71.633871,-4.097104
71.711052,-3.894023,71.667703,-4.100765
71.711052,-3.894023,71.701532,-4.104481
71.711052,-3.894023,71.735352,-4.108288
71.811821,-3.902912,71.769152,-4.112209
71.811821,-3.902912,71.80296,-4.116056
71.811821,-3.902912,71.836758,-4.11999
71.91256,-3.912231,71.87055,-4.123952
71.91256,-3.912231,71.904336,-4.127965
71.91256,-3.912231,71.938115,-4.132043
72.013268,-3.92198,71.971889,-4.136144
72.013268,-3.92198,72.005658,-4.140283
72.013268,-3.92198,72.039421,-4.144481
72.113937,-3.932156,72.073181,-4.148711
72.113937,-3.932156,72.106934,-4.153001
72.113937,-3.932156,72.140682,-4.157358
72.214561,-3.942757,72.174427,-4.161731
72.214561,-3.942757,72.208168,-4.166146
72.315147,-3.953782,72.241903,-4.170624
72.315147,-3.953782,72.275635,-4.17513
72.315147,-3.953782,72.309361,-4.179698
72.415695,-3.965229,72.34308,-4.184335
72.415695,-3.965229,72.376797,-4.188981
72.415695,-3.965229,72.410508,-4.193674
72.51619,-3.977096,72.444211,-4.198426
72.51619,-3.977096,72.477915,-4.203183
72.51619,-3.977096,72.511625,-4.207933
72.616638,-3.98938,72.54532,-4.212737
72.616638,-3.98938,72.578996,-4.217635
72.616638,-3.98938,72.612661,-4.222598
72.717033,-4.002081,72.646316,-4.227604
72.717033,-4.002081,72.679966,-4.232625
72.717033,-4.002081,72.713605,-4.237693
72.817383,-4.015196,72.747235,-4.242792
72.817383,-4.015196,72.780852,-4.247944
72.817383,-4.015196,72.814457,-4.253173
72.917671,-4.028723,72.848051,-4.258443
72.917671,-4.028723,72.881637,-4.263736
72.917671,-4.028723,72.915213,-4.269095
73.017906,-4.042661,72.94878,-4.274511
73.017906,-4.042661,72.982338,-4.279971
73.017906,-4.042661,73.015888,-4.28546
73.11808,-4.057007,73.049432,-4.29098
73.11808,-4.057007,73.082967,-4.296549
73.11808,-4.057007,73.116494,-4.302182
73.218193,-4.07176,73.150013,-4.307855
73.218193,-4.07176,73.183525,-4.313558
73.218193,-4.07176,73.217032,-4.319315
73.318237,-4.086918,73.250528,-4.325134
73.318237,-4.086918,73.284021,-4.330993
73.318237,-4.086918,73.317511,-4.336878
73.418221,-4.102479,73.350998,-4.3428
73.418221,-4.102479,73.384479,-4.348774
73.418221,-4.102479,73.417955,-4.354801
73.518135,-4.118442,73.451425,-4.360863
73.518135,-4.118442,73.48489,-4.366973
73.518135,-4.118442,73.518349,-4.373112
73.617973,-4.134804,73.551802,-4.379294
73.617973,-4.134804,73.585248,-4.385533
73.617973,-4.134804,73.61869,-4.391801
73.717743,-4.151563,73.652126,-4.398102
73.717743,-4.151563,73.685553,-4.404472
73.717743,-4.151563,73.718956,-4.410949
73.817436,-4.168717,73.752357,-4.417437
73.817436,-4.168717,73.785752,-4.423956
73.817436,-4.168717,73.819135,-4.430526
73.917053,-4.186265,73.852515,-4.437109
73.917053,-4.186265,73.885881,-4.44376
73.917053,-4.186265,73.919243,-4.450427
74.016586,-4.204206,73.952596,-4.457149
74.016586,-4.204206,73.985939,-4.463927
74.116043,-4.222536,74.019272,-4.470753
74.116043,-4.222536,74.052602,-4.477591
74.116043,-4.222536,74.085921,-4.484488
74.215408,-4.241254,74.119246,-4.491288
74.215408,-4.241254,74.152584,-4.497934
74.215408,-4.241254,74.185915,-4.504615
74.31469,-4.260359,74.219243,-4.511416
74.31469,-4.260359,74.252571,-4.518297
74.31469,-4.260359,74.28589,-4.525271
74.413879,-4.279848,74.319201,-4.532296
74.413879,-4.279848,74.352495,-4.539419
74.413879,-4.279848,74.385777,-4.546603
74.512985,-4.299719,74.419049,-4.553835
74.512985,-4.299719,74.452317,-4.561086
74.512985,-4.299719,74.485583,-4.568339
74.611992,-4.319971,74.518808,-4.575725
74.611992,-4.319971,74.552016,-4.583175
74.611992,-4.319971,74.58521,-4.590672
74.710899,-4.340601,74.618392,-4.598204
74.710899,-4.340601,74.65156,-4.60579
74.710899,-4.340601,74.684716,-4.613412
74.809708,-4.361609,74.71786,-4.621063
74.809708,-4.361609,74.750988,-4.628768
74.809708,-4.361609,74.784101,-4.636524
74.908424,-4.382991,74.8172,-4.644326
74.908424,-4.382991,74.850285,-4.652177
74.908424,-4.382991,74.883357,-4.66007
75.007034,-4.404747,74.916418,-4.668
75.007034,-4.404747,74.949466,-4.675986
75.007034,-4.404747,74.982501,-4.684027
75.10553,-4.426879,75.015524,-4.692117
75.10553,-4.426879,75.048533,-4.700263
75.10553,-4.426879,75.08153,-4.708453
75.203918,-4.449407,75.114516,-4.716692
75.203918,-4.449407,75.147493,-4.724978
75.203918,-4.449407,75.180457,-4.733327
75.30217,-4.472353,75.213409,-4.741738
75.30217,-4.472353,75.246354,-4.750193
75.30217,-4.472353,75.279288,-4.758705
75.400284,-4.495741,75.312208,-4.767284
75.400284,-4.495741,75.345116,-4.775914
75.400284,-4.495741,75.378014,-4.784593
75.498238,-4.519592,75.410893,-4.793352
75.498238,-4.519592,75.443759,-4.802166
75.498238,-4.519592,75.47661,-4.81105
75.596024,-4.54393,75.509444,-4.820006
75.596024,-4.54393,75.542266,-4.829019
75.693634,-4.568777,75.575075,-4.838089
75.693634,-4.568777,75.607867,-4.84723
75.693634,-4.568777,75.640643,-4.856444
75.791054,-4.594155,75.673397,-4.865743
75.791054,-4.594155,75.706123,-4.875152
75.791054,-4.594155,75.738797,-4.884716
75.888268,-4.620089,75.771485,-4.894245
75.888268,-4.620089,75.804148,-4.903851
75.888268,-4.620089,75.836789,-4.913534
75.985268,-4.6466,75.869407,-4.923297
75.985268,-4.6466,75.902005,-4.933128
75.985268,-4.6466,75.934581,-4.943041
76.082039,-4.673711,75.967133,-4.953037
76.082039,-4.673711,75.999664,-4.963102
76.082039,-4.673711,76.032177,-4.97323
76.178566,-4.701444,76.064668,-4.983433
76.178566,-4.701444,76.097133,-4.993738
76.178566,-4.701444,76.129572,-5.004135
76.274841,-4.729823,76.161986,-5.014619
76.274841,-4.729823,76.194378,-5.025174
76.274841,-4.729823,76.226748,-5.035775
76.370857,-4.758871,76.259111,-5.046333
76.370857,-4.758871,76.291446,-5.057031
76.370857,-4.758871,76.323762,-5.06785
76.466591,-4.788609,76.356069,-5.078735
76.466591,-4.788609,76.388374,-5.089636
76.562042,-4.81906,76.420604,-5.100724
76.562042,-4.81906,76.4528,-5.111899
76.562042,-4.81906,76.484962,-5.123156
76.657188,-4.850248,76.51709,-5.134513
76.657188,-4.850248,76.54918,-5.145986
76.657188,-4.850248,76.581236,-5.157553
76.752014,-4.882195,76.613258,-5.169213
76.752014,-4.882195,76.645246,-5.180962
76.752014,-4.882195,76.677198,-5.192807
76.846519,-4.914923,76.709114,-5.204743
76.846519,-4.914923,76.740994,-5.216775
76.846519,-4.914923,76.772835,-5.228912
76.940689,-4.948455,76.804637,-5.241158
76.940689,-4.948455,76.836403,-5.253497
76.940689,-4.948455,76.868129,-5.265938
77.034508,-4.982815,76.899819,-5.278473
77.034508,-4.982815,76.931468,-5.291114
77.034508,-4.982815,76.963077,-5.303865
77.12796,-5.018024,76.994653,-5.3167
77.12796,-5.018024,77.026186,-5.329647
77.221039,-5.054106,77.057678,-5.342706
77.221039,-5.054106,77.089134,-5.355854
77.221039,-5.054106,77.120553,-5.369091
77.313736,-5.091083,77.151922,-5.38246
77.313736,-5.091083,77.183254,-5.395921
77.313736,-5.091083,77.21454,-5.409499
77.406029,-5.128977,77.245779,-5.423194
77.406029,-5.128977,77.276978,-5.436981
77.406029,-5.128977,77.308136,-5.450861
77.49791,-5.167812,77.339246,-5.464858
77.49791,-5.167812,77.370308,-5.478968
77.49791,-5.167812,77.401328,-5.493177
77.589371,-5.207611,77.432302,-5.507495
77.589371,-5.207611,77.463222,-5.521937
77.589371,-5.207611,77.494091,-5.536495
77.680389,-5.248395,77.524891,-5.5512
77.680389,-5.248395,77.555593,-5.566099
77.770966,-5.290188,77.586238,-5.581126
77.770966,-5.290188,77.616843,-5.596234
77.770966,-5.290188,77.647392,-5.611459
77.861076,-5.333013,77.67788,-5.626807
77.861076,-5.333013,77.708314,-5.642254
77.861076,-5.333013,77.738701,-5.657795
77.950722,-5.376891,77.76902,-5.673474
77.950722,-5.376891,77.799285,-5.689255
77.950722,-5.376891,77.829499,-5.705138
78.039879,-5.421834,77.859652,-5.721138
78.039879,-5.421834,77.889754,-5.737225
78.039879,-5.421834,77.919811,-5.753391
78.128586,-5.467792,77.94981,-5.769668
78.128586,-5.467792,77.97976,-5.78603
78.216858,-5.514697,78.009667,-5.802455
78.216858,-5.514697,78.039531,-5.818949
78.216858,-5.514697,78.069344,-5.835542
78.304741,-5.562479,78.099101,-5.852248
78.304741,-5.562479,78.128811,-5.869026
78.304741,-5.562479,78.158484,-5.885861
78.392242,-5.611072,78.188119,-5.902785
78.392242,-5.611072,78.217707,-5.919785
78.392242,-5.611072,78.247274,-5.936828
78.479416,-5.660405,78.276816,-5.953929
78.479416,-5.660405,78.306307,-5.971097
78.479416,-5.660405,78.335787,-5.98829
78.566277,-5.710411,78.365255,-6.005511
78.566277,-5.710411,78.394672,-6.022788
78.566277,-5.710411,78.423997,-6.040193
78.652855,-5.76102,78.453307,-6.057608
78.652855,-5.76102,78.48257,-6.075085
78.652855,-5.76102,78.511782,-6.092647
78.739182,-5.812164,78.540949,-6.110289
78.739182,-5.812164,78.570109,-6.127933
78.825294,-5.863775,78.599213,-6.145658
78.825294,-5.863775,78.628322,-6.163364
78.825294,-5.863775,78.657378,-6.18113
78.911217,-5.915783,78.686389,-6.198971
78.911217,-5.915783,78.715408,-6.216788
78.911217,-5.915783,78.744387,-6.234649
78.996971,-5.968121,78.773327,-6.252573
78.996971,-5.968121,78.802282,-6.270468
78.996971,-5.968121,78.831202,-6.288403
79.082603,-6.02072,78.860143,-6.306292
79.082603,-6.02072,78.889046,-6.324228
79.082603,-6.02072,78.917925,-6.342202
79.168129,-6.073511,78.946777,-6.36023
79.168129,-6.073511,78.975653,-6.378214
79.168129,-6.073511,79.004491,-6.39625
79.253586,-6.126425,79.033313,-6.414313
79.253586,-6.126425,79.062165,-6.432322
79.253586,-6.126425,79.090991,-6.450363
79.339005,-6.179395,79.119804,-6.468426
79.339005,-6.179395,79.148657,-6.486417
79.339005,-6.179395,79.177485,-6.504442
79.424408,-6.23235,79.206311,-6.522473
79.424408,-6.23235,79.235185,-6.540424
79.424408,-6.23235,79.264109,-6.558278
79.509827,-6.285224,79.293035,-6.576119
79.509827,-6.285224,79.321962,-6.593961
79.509827,-6.285224,79.350892,-6.611805
79.595299,-6.337946,79.379836,-6.629637
79.595299,-6.337946,79.408845,-6.647361
79.595299,-6.337946,79.437896,-6.665008
79.680847,-6.39045,79.466963,-6.682625
79.680847,-6.39045,79.496046,-6.70022
79.680847,-6.39045,79.525167,-6.717759
79.76651,-6.442666,79.554329,-6.73523
79.76651,-6.442666,79.583514,-6.752665
79.76651,-6.442666,79.612744,-6.770029
79.852303,-6.494524,79.642015,-6.787326
79.852303,-6.494524,79.671307,-6.80459
79.852303,-6.494524,79.700648,-6.821774
79.938263,-6.545958,79.730035,-6.838883
79.938263,-6.545958,79.759455,-6.855937
79.938263,-6.545958,79.788935,-6.872892
80.024422,-6.596898,79.81847,-6.889758
80.024422,-6.596898,79.848044,-6.906558
80.024422,-6.596898,79.877684,-6.923245
80.110809,-6.647276,79.907379,-6.939842
80.110809,-6.647276,79.937109,-6.956375
80.110809,-6.647276,79.966908,-6.972787
80.197449,-6.697022,79.996764,-6.989106
80.197449,-6.697022,80.026664,-7.005345
80.197449,-6.697022,80.05664,-7.021446
80.284378,-6.74607,80.086672,-7.037453
80.284378,-6.74607,80.116746,-7.053382
80.284378,-6.74607,80.146894,-7.069176
80.37162,-6.794349,80.177105,-7.084859
80.37162,-6.794349,80.207358,-7.100457
80.37162,-6.794349,80.237689,-7.115911
80.459213,-6.841792,80.268081,-7.131262
80.459213,-6.841792,80.298519,-7.146525
80.459213,-6.841792,80.329038,-7.161643
80.54718,-6.888329,80.359626,-7.176633
80.54718,-6.888329,80.390295,-7.191471
80.54718,-6.888329,80.421021,-7.206192
80.635551,-6.933892,80.451801,-7.220799
80.635551,-6.933892,80.482626,-7.23531
80.635551,-6.933892,80.513526,-7.249674
80.724365,-6.978413,80.544492,-7.2639
80.724365,-6.978413,80.575509,-7.278024
80.724365,-6.978413,80.606604,-7.291988
80.813637,-7.021823,80.637754,-7.305834
80.813637,-7.021823,80.668951,-7.319572
80.813637,-7.021823,80.700205,-7.333187
80.903404,-7.064054,80.731519,-7.346671
80.903404,-7.064054,80.762892,-7.360029
80.903404,-7.064054,80.794319,-7.373264
80.993698,-7.105037,80.825809,-7.386361
80.993698,-7.105037,80.857342,-7.399352
80.993698,-7.105037,80.888923,-7.412227
81.084526,-7.144745,80.920554,-7.424983
81.084526,-7.144745,80.952231,-7.43763
81.084526,-7.144745,80.98397,-7.450136
81.175873,-7.1832,81.015768,-7.462504
81.175873,-7.1832,81.047617,-7.474751
81.175873,-7.1832,81.079509,-7.486883
81.267738,-7.22043,81.111447,-7.498897
81.267738,-7.22043,81.143431,-7.510789
81.267738,-7.22043,81.175455,-7.522571
81.360092,-7.256461,81.20754,-7.534211
81.360092,-7.256461,81.239677,-7.545716
81.360092,-7.256461,81.271842,-7.557125
81.452927,-7.291319,81.304049,-7.568417
81.452927,-7.291319,81.336297,-7.579591
81.452927,-7.291319,81.368595,-7.590634
81.546234,-7.325031,81.400931,-7.601563
81.546234,-7.325031,81.433314,-7.612355
81.546234,-7.325031,81.46572,-7.623063
81.639992,-7.357624,81.498167,-7.633649
81.639992,-7.357624,81.530663,-7.644094
81.639992,-7.357624,81.563199,-7.654417
81.734184,-7.389123,81.595762,-7.664641
81.734184,-7.389123,81.628368,-7.674729
81.734184,-7.389123,81.660987,-7.68475
81.828812,-7.419557,81.693645,-7.694638
81.828812,-7.419557,81.726337,-7.704416
81.828812,-7.419557,81.759073,-7.714053
81.923843,-7.448951,81.791833,-7.723599
81.923843,-7.448951,81.824631,-7.733005
81.923843,-7.448951,81.857437,-7.742357
82.019272,-7.477331,81.890281,-7.751573
82.019272,-7.477331,81.923157,-7.760679
82.019272,-7.477331,81.956073,-7.769643
82.115089,-7.504725,81.989005,-7.778527
82.115089,-7.504725,82.021962,-7.787303
82.115089,-7.504725,82.054933,-7.796003
82.211273,-7.531159,82.087941,-7.80457
82.211273,-7.531159,82.120979,-7.813025
82.211273,-7.531159,82.154049,-7.821354
82.307808,-7.556659,82.187128,-7.829622
82.307808,-7.556659,82.220251,-7.837733
82.307808,-7.556659,82.253398,-7.845742
82.404694,-7.581252,82.28656,-7.853668
82.404694,-7.581252,82.319756,-7.861465
82.404694,-7.581252,82.352967,-7.86917
82.5019,-7.604965,82.386165,-7.876855
82.5019,-7.604965,82.419297,-7.884581
82.5019,-7.604965,82.45236,-7.892358
82.599419,-7.627824,82.485476,-7.900025
82.599419,-7.627824,82.518705,-7.907521
82.599419,-7.627824,82.552017,-7.914847
82.697243,-7.649856,82.58537,-7.922044
82.697243,-7.649856,82.618746,-7.929143
82.697243,-7.649856,82.652156,-7.936096
82.795349,-7.671087,82.685579,-7.942951
82.795349,-7.671087,82.71903,-7.949683
82.795349,-7.671087,82.752515,-7.956266
82.795349,-7.671087,82.786008,-7.962773
82.89373,-7.691544,82.819511,-7.96919
82.89373,-7.691544,82.853043,-7.97547
82.89373,-7.691544,82.8866,-7.981626
82.992363,-7.711254,82.920161,-7.987709
82.992363,-7.711254,82.953743,-7.993689
82.992363,-7.711254,82.987332,-7.999613
83.091248,-7.730242,83.020929,-8.005446
83.091248,-7.730242,83.054551,-8.011159
83.091248,-7.730242,83.088193,-8.016758
83.190353,-7.748536,83.121837,-8.022308
83.190353,-7.748536,83.155499,-8.027752
83.190353,-7.748536,83.189165,-8.033169
83.28968,-7.766161,83.222838,-8.038488
83.28968,-7.766161,83.256531,-8.043693
83.28968,-7.766161,83.290243,-8.048797
83.389206,-7.783146,83.323953,-8.05389
83.389206,-7.783146,83.357678,-8.058851
83.389206,-7.783146,83.391426,-8.06369
83.488922,-7.799516,83.425171,-8.068518
83.488922,-7.799516,83.458921,-8.07324
83.488922,-7.799516,83.492679,-8.077876
83.588814,-7.815298,83.526455,-8.082398
83.588814,-7.815298,83.560226,-8.086908
83.588814,-7.815298,83.594014,-8.091308
83.688858,-7.830518,83.627795,-8.095713
83.688858,-7.830518,83.661582,-8.100017
83.688858,-7.830518,83.695381,-8.104217
83.789055,-7.845202,83.729192,-8.108345
83.789055,-7.845202,83.762995,-8.11247
83.789055,-7.845202,83.796807,-8.116474
83.889381,-7.859379,83.83062,-8.120416
83.889381,-7.859379,83.864426,-8.124351
83.889381,-7.859379,83.898244,-8.128192
83.989822,-7.873074,83.93207,-8.131981
83.989822,-7.873074,83.965887,-8.135767
83.989822,-7.873074,83.999705,-8.139477
84.09037,-7.886312,84.033532,-8.143111
84.09037,-7.886312,84.067368,-8.146664
84.09037,-7.886312,84.101201,-8.150205
84.19101,-7.899122,84.135041,-8.153676
84.19101,-7.899122,84.168889,-8.157098
84.19101,-7.899122,84.202733,-8.160495
84.291725,-7.91153,84.236582,-8.163809
84.291725,-7.91153,84.270436,-8.167062
84.291725,-7.91153,84.304291,-8.170291
84.392502,-7.923563,84.338143,-8.173504
84.392502,-7.923563,84.372,-8.176697
84.392502,-7.923563,84.405847,-8.179889
84.493324,-7.935246,84.439701,-8.183022
84.493324,-7.935246,84.473557,-8.186134
84.493324,-7.935246,84.507413,-8.189237
84.594185,-7.946606,84.541277,-8.192292
84.594185,-7.946606,84.575146,-8.195347
84.594185,-7.946606,84.60901,-8.198395
84.695061,-7.95767,84.642881,-8.201391
84.695061,-7.95767,84.676756,-8.204396
84.695061,-7.95767,84.710629,-8.207383
84.795952,-7.968465,84.744508,-8.210323
84.795952,-7.968465,84.778398,-8.213207
84.795952,-7.968465,84.812297,-8.216039
84.896828,-7.979017,84.846194,-8.218896
84.896828,-7.979017,84.880093,-8.221719
84.896828,-7.979017,84.913991,-8.224588
84.997681,-7.989353,84.947887,-8.227434
84.997681,-7.989353,84.981789,-8.230237
84.997681,-7.989353,85.015697,-8.233002
85.098503,-7.999498,85.049599,-8.235829
85.098503,-7.999498,85.0835,-8.238712
85.098503,-7.999498,85.117402,-8.241533
85.199272,-8.009478,85.151298,-8.244348
85.199272,-8.009478,85.185197,-8.247125
85.199272,-8.009478,85.219091,-8.249952
85.299995,-8.019297,85.252987,-8.252755
85.299995,-8.019297,85.286888,-8.255533
85.299995,-8.019297,85.320788,-8.258337
85.400665,-8.028956,85.354692,-8.26111
85.400665,-8.028956,85.3886,-8.263855
85.400665,-8.028956,85.422506,-8.26663
85.501289,-8.038459,85.456414,-8.269384
85.501289,-8.038459,85.490326,-8.272106
85.501289,-8.038459,85.524237,-8.274786
85.601868,-8.047803,85.558145,-8.277504
85.601868,-8.047803,85.592053,-8.280196
85.601868,-8.047803,85.625956,-8.282908
85.7024,-8.056991,85.659861,-8.2856
85.7024,-8.056991,85.693766,-8.288263
85.7024,-8.056991,85.72767,-8.290904
85.802887,-8.066023,85.761571,-8.293554
85.802887,-8.066023,85.795469,-8.296189
85.802887,-8.066023,85.829365,-8.298831
85.903328,-8.0749,85.86326,-8.301448
85.903328,-8.0749,85.897154,-8.304032
85.903328,-8.0749,85.931044,-8.306602
86.003731,-8.083624,85.964929,-8.309182
86.003731,-8.083624,85.998813,-8.311738
86.003731,-8.083624,86.032694,-8.314273
86.104095,-8.092195,86.066574,-8.316809
86.104095,-8.092195,86.100454,-8.319321
86.104095,-8.092195,86.134333,-8.321823
86.204407,-8.100614,86.168212,-8.32432
86.204407,-8.100614,86.202092,-8.326798
86.204407,-8.100614,86.235971,-8.329269
86.304688,-8.108882,86.269852,-8.331726
86.304688,-8.108882,86.303735,-8.334158
86.40493,-8.117,86.337618,-8.336585
86.40493,-8.117,86.371504,-8.338999
86.40493,-8.117,86.405392,-8.341394
86.505135,-8.124969,86.439284,-8.343783
86.505135,-8.124969,86.473179,-8.346154
86.505135,-8.124969,86.507077,-8.3485
86.605301,-8.13279,86.540976,-8.350843
86.605301,-8.13279,86.574877,-8.353168
86.605301,-8.13279,86.60878,-8.355476
86.705429,-8.140463,86.642685,-8.35776
86.705429,-8.140463,86.676592,-8.360035
86.705429,-8.140463,86.7105,-8.362288
86.805527,-8.147989,86.744409,-8.364541
86.805527,-8.147989,86.778321,-8.366774
86.805527,-8.147989,86.812235,-8.368983
86.905594,-8.155371,86.846151,-8.371175
86.905594,-8.155371,86.880068,-8.373365
86.905594,-8.155371,86.913988,-8.375528
87.005623,-8.162608,86.947911,-8.377674
87.005623,-8.162608,86.981835,-8.379811
87.005623,-8.162608,87.015761,-8.381927
87.105621,-8.169702,87.049689,-8.384028
87.105621,-8.169702,87.083618,-8.386125
87.105621,-8.169702,87.11755,-8.388196
87.205597,-8.176652,87.151484,-8.390251
87.205597,-8.176652,87.185419,-8.392297
87.205597,-8.176652,87.219356,-8.394322
87.305534,-8.18346,87.253294,-8.396333
87.305534,-8.18346,87.287234,-8.398338
87.305534,-8.18346,87.321175,-8.400319
87.405449,-8.190128,87.355117,-8.402285
87.405449,-8.190128,87.38906,-8.404241
87.405449,-8.190128,87.423004,-8.406181
87.505333,-8.196656,87.456948,-8.408105
87.505333,-8.196656,87.490893,-8.41002
87.505333,-8.196656,87.524839,-8.411911
87.605194,-8.203045,87.558786,-8.413788
87.605194,-8.203045,87.592732,-8.415655
87.605194,-8.203045,87.626678,-8.417504
87.705032,-8.209296,87.660624,-8.419341
87.705032,-8.209296,87.694571,-8.421164
87.705032,-8.209296,87.728517,-8.422965
87.80484,-8.215409,87.762463,-8.424754
87.80484,-8.215409,87.796409,-8.426531
87.80484,-8.215409,87.830354,-8.428289
87.904625,-8.221387,87.864297,-8.430037
87.904625,-8.221387,87.898238,-8.431776
87.904625,-8.221387,87.932176,-8.433493
88.004395,-8.227228,87.966112,-8.435199
88.004395,-8.227228,88.000046,-8.436891
88.004395,-8.227228,88.033979,-8.43856
88.104141,-8.232936,88.06791,-8.440219
88.104141,-8.232936,88.101841,-8.44187
88.104141,-8.232936,88.135772,-8.443497
88.203865,-8.23851,88.169703,-8.445115
88.203865,-8.23851,88.203633,-8.446717
88.203865,-8.23851,88.237565,-8.448296
88.303574,-8.243951,88.271496,-8.449869
88.303574,-8.243951,88.305428,-8.451431
88.303574,-8.243951,88.339362,-8.452974
88.403259,-8.249261,88.373292,-8.454599
88.403259,-8.249261,88.407223,-8.456184
88.403259,-8.249261,88.441161,-8.457728
88.502937,-8.254439,88.475102,-8.459257
88.502937,-8.254439,88.509046,-8.460758
88.602592,-8.259488,88.542992,-8.462237
88.602592,-8.259488,88.576939,-8.463701
88.602592,-8.259488,88.610888,-8.465139
88.702232,-8.264408,88.644838,-8.466551
88.702232,-8.264408,88.678789,-8.467957
88.702232,-8.264408,88.712742,-8.469339
88.801865,-8.269199,88.746696,-8.470703
88.801865,-8.269199,88.780651,-8.472045
88.801865,-8.269199,88.814608,-8.473374
88.901482,-8.273865,88.848567,-8.474685
88.901482,-8.273865,88.882527,-8.475991
88.901482,-8.273865,88.916488,-8.477277
89.001091,-8.278403,88.950451,-8.478545
89.001091,-8.278403,88.984416,-8.479795
89.001091,-8.278403,89.018382,-8.481035
89.100685,-8.282816,89.052349,-8.482263
89.100685,-8.282816,89.086318,-8.483484
89.100685,-8.282816,89.120288,-8.484689
89.200272,-8.287106,89.154259,-8.485873
89.200272,-8.287106,89.188233,-8.487041
89.200272,-8.287106,89.222207,-8.488198
89.29985,-8.29127,89.256181,-8.489344
89.29985,-8.29127,89.290157,-8.490483
89.29985,-8.29127,89.324133,-8.491605
89.399414,-8.295314,89.35811,-8.492717
89.399414,-8.295314,89.392088,-8.49382
89.399414,-8.295314,89.426065,-8.494912
89.498978,-8.299235,89.460043,-8.495994
89.498978,-8.299235,89.494021,-8.497057
89.498978,-8.299235,89.528,-8.498099
89.598541,-8.303036,89.561977,-8.499187
89.598541,-8.303036,89.595951,-8.50029
89.598541,-8.303036,89.629927,-8.501347
89.698097,-8.306716,89.663903,-8.502386
89.698097,-8.306716,89.69788,-8.503402
89.698097,-8.306716,89.731857,-8.504391
89.797646,-8.310278,89.765834,-8.505368
89.797646,-8.310278,89.79981,-8.506327
89.797646,-8.310278,89.833785,-8.507267
89.897194,-8.313723,89.867757,-8.508196
89.897194,-8.313723,89.901726,-8.509106
89.897194,-8.313723,89.935693,-8.509993
89.99675,-8.317049,89.969657,-8.510874
89.99675,-8.317049,90.00362,-8.511739
89.99675,-8.317049,90.037582,-8.512588
90.096298,-8.32026,90.071542,-8.513416
90.096298,-8.32026,90.105502,-8.514235
90.096298,-8.32026,90.139461,-8.515041
90.195847,-8.323356,90.173419,-8.51584
90.195847,-8.323356,90.207378,-8.516621
90.295395,-8.326337,90.241337,-8.517381
90.295395,-8.326337,90.275296,-8.518126
90.295395,-8.326337,90.309255,-8.518864
90.394951,-8.329206,90.343216,-8.519584
90.394951,-8.329206,90.377176,-8.520303
90.394951,-8.329206,90.411139,-8.521005
90.494514,-8.331961,90.445104,-8.521693
90.494514,-8.331961,90.479072,-8.522363
90.494514,-8.331961,90.513041,-8.52303
90.594078,-8.334605,90.547011,-8.523673
90.594078,-8.334605,90.580982,-8.524304
90.594078,-8.334605,90.614953,-8.524926
90.693649,-8.337138,90.648925,-8.525531
90.693649,-8.337138,90.682898,-8.526125
90.693649,-8.337138,90.716872,-8.526714
90.793228,-8.339562,90.750846,-8.527282
90.793228,-8.339562,90.784822,-8.527839
90.793228,-8.339562,90.818798,-8.528388
90.892815,-8.341878,90.852776,-8.528923
90.892815,-8.341878,90.886755,-8.529447
90.892815,-8.341878,90.920734,-8.529963
90.992416,-8.344085,90.954716,-8.530459
90.992416,-8.344085,90.988698,-8.530944
90.992416,-8.344085,91.022681,-8.531422
91.092018,-8.346185,91.056665,-8.531886
91.092018,-8.346185,91.09065,-8.53234
91.092018,-8.346185,91.124636,-8.532787
91.191635,-8.348179,91.158624,-8.533219
91.191635,-8.348179,91.192611,-8.533643
91.191635,-8.348179,91.2266,-8.534053
91.291267,-8.350068,91.26059,-8.534445
91.291267,-8.350068,91.29458,-8.534832
91.291267,-8.350068,91.32857,-8.53521
91.390915,-8.351853,91.362561,-8.535574
91.390915,-8.351853,91.396552,-8.53593
91.390915,-8.351853,91.430543,-8.536275
91.490578,-8.353536,91.464534,-8.536601
91.490578,-8.353536,91.498525,-8.536923
91.490578,-8.353536,91.532516,-8.537233
91.590248,-8.355115,91.566506,-8.53753
91.590248,-8.355115,91.600496,-8.537821
91.590248,-8.355115,91.634485,-8.538098
91.689941,-8.356592,91.668474,-8.538358
91.689941,-8.356592,91.702462,-8.538614
91.689941,-8.356592,91.736449,-8.538857
91.78965,-8.35797,91.770435,-8.539088
91.78965,-8.35797,91.804421,-8.539314
91.889381,-8.359248,91.838404,-8.539524
91.889381,-8.359248,91.872384,-8.539734
91.889381,-8.359248,91.906361,-8.539931
91.989128,-8.360427,91.940336,-8.540111
91.989128,-8.360427,91.974308,-8.540279
91.989128,-8.360427,92.008279,-8.540448
92.088898,-8.361509,92.042249,-8.540601
92.088898,-8.361509,92.076217,-8.540752
92.088898,-8.361509,92.110184,-8.540889
92.18869,-8.362496,92.144151,-8.541009
92.18869,-8.362496,92.178117,-8.541119
92.18869,-8.362496,92.212082,-8.541229
92.288498,-8.363393,92.246048,-8.54132
92.288498,-8.363393,92.280014,-8.541401
92.288498,-8.363393,92.313979,-8.541478
92.388329,-8.364201,92.347946,-8.541541
92.388329,-8.364201,92.381913,-8.541597
92.388329,-8.364201,92.415881,-8.541653
92.488174,-8.364923,92.449852,-8.5417
92.488174,-8.364923,92.483824,-8.541744
92.488174,-8.364923,92.517797,-8.541777
92.588036,-8.365563,92.551771,-8.541792
92.588036,-8.365563,92.585745,-8.541803
92.588036,-8.365563,92.61972,-8.541812
92.687912,-8.366125,92.653695,-8.541851
92.687912,-8.366125,92.687671,-8.541945
92.687912,-8.366125,92.721647,-8.541991
92.787811,-8.366611,92.755624,-8.542021
92.787811,-8.366611,92.789602,-8.542038
92.787811,-8.366611,92.823581,-8.542037
92.887726,-8.367024,92.85756,-8.542016
92.887726,-8.367024,92.891541,-8.541985
92.887726,-8.367024,92.925522,-8.541949
92.987648,-8.367368,92.959504,-8.541896
92.987648,-8.367368,92.993487,-8.541834
92.987648,-8.367368,93.027471,-8.541764
93.087593,-8.367645,93.061455,-8.541682
93.087593,-8.367645,93.09544,-8.541599
93.087593,-8.367645,93.129426,-8.541512
93.187546,-8.367859,93.163413,-8.541413
93.187546,-8.367859,93.1974,-8.541312
93.187546,-8.367859,93.231388,-8.541207
93.287514,-8.368011,93.265376,-8.54109
93.287514,-8.368011,93.299364,-8.540975
93.287514,-8.368011,93.333353,-8.540858
93.387489,-8.368108,93.367341,-8.540733
93.387489,-8.368108,93.40133,-8.540609
93.387489,-8.368108,93.435319,-8.540478
93.48748,-8.368151,93.469307,-8.540338
93.48748,-8.368151,93.503296,-8.540203
93.48748,-8.368151,93.537284,-8.540062
93.587486,-8.368141,93.571271,-8.539916
93.587486,-8.368141,93.605258,-8.539773
93.6875,-8.368085,93.639244,-8.539624
93.6875,-8.368085,93.673229,-8.539468
93.6875,-8.368085,93.707214,-8.539317
93.787521,-8.367984,93.741198,-8.53916
93.787521,-8.367984,93.775181,-8.538998
93.787521,-8.367984,93.809162,-8.538829
93.88755,-8.367841,93.843141,-8.538663
93.88755,-8.367841,93.877118,-8.538506
93.88755,-8.367841,93.911092,-8.538423
93.987587,-8.36766,93.945064,-8.538357
93.987587,-8.36766,93.979034,-8.538286
93.987587,-8.36766,94.013003,-8.538168
94.087631,-8.367442,94.046971,-8.538087
94.087631,-8.367442,94.080938,-8.537942
94.087631,-8.367442,94.114904,-8.537785
94.187691,-8.367193,94.148869,-8.537622
94.187691,-8.367193,94.182833,-8.537447
94.187691,-8.367193,94.216798,-8.537295
94.28775,-8.366915,94.250762,-8.537201
94.28775,-8.366915,94.284727,-8.537118
94.28775,-8.366915,94.318692,-8.537042
94.38781,-8.366611,94.352657,-8.536973
94.38781,-8.366611,94.386623,-8.536908
94.38781,-8.366611,94.42059,-8.536847
94.487885,-8.366283,94.454559,-8.53679
94.487885,-8.366283,94.48853,-8.536734
94.487885,-8.366283,94.522501,-8.53668
94.587952,-8.365936,94.556473,-8.536628
94.587952,-8.365936,94.590445,-8.536576
94.587952,-8.365936,94.624418,-8.536526
94.688034,-8.365572,94.658391,-8.536425
94.688034,-8.365572,94.692364,-8.536327
94.688034,-8.365572,94.726338,-8.536261
94.788116,-8.365195,94.760312,-8.536141
94.788116,-8.365195,94.794287,-8.536037
94.788116,-8.365195,94.828263,-8.535961
94.888199,-8.364807,94.862239,-8.535826
94.888199,-8.364807,94.896216,-8.535718
94.888199,-8.364807,94.930194,-8.535635
94.988281,-8.364411,94.964172,-8.535556
94.988281,-8.364411,94.998151,-8.535481
94.988281,-8.364411,95.032131,-8.535407
95.088364,-8.364012,95.066112,-8.535336
95.088364,-8.364012,95.100093,-8.535266
95.088364,-8.364012,95.134075,-8.535197
95.188454,-8.363611,95.168058,-8.53513
95.188454,-8.363611,95.202042,-8.535063
95.188454,-8.363611,95.236026,-8.534997
95.288536,-8.363212,95.27001,-8.534932
95.288536,-8.363212,95.303995,-8.534867
95.288536,-8.363212,95.337981,-8.534803
95.388618,-8.362818,95.371966,-8.53474
95.388618,-8.362818,95.405952,-8.534676
95.488701,-8.362432,95.439937,-8.534613
95.488701,-8.362432,95.473923,-8.53455
95.488701,-8.362432,95.507908,-8.534488
95.588783,-8.362058,95.541893,-8.534426
95.588783,-8.362058,95.575877,-8.534364
95.588783,-8.362058,95.609861,-8.534303
95.688858,-8.361698,95.643845,-8.534241
95.688858,-8.361698,95.677828,-8.53418
95.688858,-8.361698,95.71181,-8.534119
95.788933,-8.361355,95.745792,-8.534058
95.788933,-8.361355,95.779773,-8.533997
95.788933,-8.361355,95.813751,-8.533936
95.889,-8.361033,95.847728,-8.533875
95.889,-8.361033,95.881703,-8.533815
95.889,-8.361033,95.915675,-8.533754
95.989067,-8.360735,95.949646,-8.533694
95.989067,-8.360735,95.983615,-8.533633
95.989067,-8.360735,96.017582,-8.533574
96.089119,-8.360463,96.051548,-8.533515
96.089119,-8.360463,96.085512,-8.533455
96.089119,-8.360463,96.119476,-8.533394
96.189171,-8.360222,96.15344,-8.533334
96.189171,-8.360222,96.187403,-8.533273
96.189171,-8.360222,96.221365,-8.533212
96.289215,-8.36001,96.255328,-8.533151
96.289215,-8.36001,96.289291,-8.53309
96.289215,-8.36001,96.323254,-8.533029
96.389259,-8.359828,96.357218,-8.532968
96.389259,-8.359828,96.391183,-8.532906
96.389259,-8.359828,96.425149,-8.532844
96.489288,-8.359674,96.459116,-8.532782
96.489288,-8.359674,96.493085,-8.53272
96.489288,-8.359674,96.527054,-8.532657
96.589317,-8.359546,96.561024,-8.532594
96.589317,-8.359546,96.594994,-8.532531
96.589317,-8.359546,96.628964,-8.532468
96.689339,-8.359442,96.662935,-8.532404
96.689339,-8.359442,96.696906,-8.53234
96.689339,-8.359442,96.730878,-8.532277
96.78936,-8.359361,96.76485,-8.532213
96.78936,-8.359361,96.798824,-8.532149
96.78936,-8.359361,96.832797,-8.532085
96.889374,-8.359302,96.866772,-8.53202
96.889374,-8.359302,96.900748,-8.531956
96.889374,-8.359302,96.934724,-8.531892
96.98938,-8.359262,96.968701,-8.531827
96.98938,-8.359262,97.002679,-8.531763
96.98938,-8.359262,97.036658,-8.531699
97.089386,-8.359241,97.070638,-8.531634
97.089386,-8.359241,97.104618,-8.53157
97.089386,-8.359241,97.138599,-8.531506
97.189384,-8.359237,97.172581,-8.531442
97.189384,-8.359237,97.206564,-8.531378
97.289383,-8.359248,97.240547,-8.531314
97.289383,-8.359248,97.274531,-8.53125
97.289383,-8.359248,97.308515,-8.531186
97.389374,-8.359274,97.342499,-8.531122
97.389374,-8.359274,97.376484,-8.531077
97.389374,-8.359274,97.410469,-8.531089
97.489365,-8.359311,97.444454,-8.531065
97.489365,-8.359311,97.47844,-8.531088
97.489365,-8.359311,97.512425,-8.531055
97.589355,-8.35936,97.546409,-8.531017
97.589355,-8.35936,97.580393,-8.531005
97.589355,-8.35936,97.614377,-8.531031
97.689346,-8.359418,97.64836,-8.531004
97.689346,-8.359418,97.682343,-8.530973
97.689346,-8.359418,97.716325,-8.530939
97.78933,-8.359484,97.750305,-8.530903
97.78933,-8.359484,97.784285,-8.530865
97.78933,-8.359484,97.818264,-8.530825
97.889313,-8.359556,97.85224,-8.530785
97.889313,-8.359556,97.886214,-8.53079
97.889313,-8.359556,97.920187,-8.530803
97.989296,-8.359632,97.954157,-8.530777
97.989296,-8.359632,97.988126,-8.530748
97.989296,-8.359632,98.022093,-8.530716
98.089279,-8.359713,98.056059,-8.530684
98.089279,-8.359713,98.090023,-8.53065
98.089279,-8.359713,98.123987,-8.530615
98.189262,-8.359795,98.157951,-8.530578
98.189262,-8.359795,98.191913,-8.530541
98.189262,-8.359795,98.225876,-8.530503
98.289246,-8.359877,98.259839,-8.530465
98.289246,-8.359877,98.293801,-8.530426
98.289246,-8.359877,98.327765,-8.530386
98.389229,-8.359958,98.361729,-8.530347
98.389229,-8.359958,98.395694,-8.530306
98.389229,-8.359958,98.42966,-8.530266
98.489212,-8.360036,98.463628,-8.530225
98.489212,-8.360036,98.497597,-8.530184
98.489212,-8.360036,98.531567,-8.530142
98.589195,-8.360109,98.565536,-8.5301
98.589195,-8.360109,98.599507,-8.530057
98.589195,-8.360109,98.633477,-8.530015
98.689186,-8.360177,98.667448,-8.529972
98.689186,-8.360177,98.701419,-8.529929
