ref x,ref y),x,y38.000000,-4.400000,38.000656,-4.400015
38.000000,-4.400000,38.014021,-4.399928
38.000000,-4.400000,38.037270,-4.399886
38.097874,-4.421019,38.066300,-4.399804
38.097874,-4.421019,38.098049,-4.399627
38.097874,-4.421019,38.131048,-4.399495
38.195744,-4.442046,38.164649,-4.399578
38.195744,-4.442046,38.198590,-4.400038
38.195744,-4.442046,38.232786,-4.401019
38.293610,-4.463091,38.267236,-4.402663
38.293610,-4.463091,38.301968,-4.405107
38.293610,-4.463091,38.337001,-4.408472
38.391472,-4.484164,38.372219,-4.412751
38.391472,-4.484164,38.407326,-4.417699
38.391472,-4.484164,38.442198,-4.423107
38.489319,-4.505271,38.476880,-4.428963
38.489319,-4.505271,38.511389,-4.435253
38.489319,-4.505271,38.545742,-4.441931
38.587158,-4.526424,38.579995,-4.448834
38.587158,-4.526424,38.614116,-4.456067
38.587158,-4.526424,38.648125,-4.463580
38.684978,-4.547631,38.682030,-4.471363
38.684978,-4.547631,38.715838,-4.479403
38.782787,-4.568900,38.749556,-4.487690
38.782787,-4.568900,38.783186,-4.496214
38.782787,-4.568900,38.816735,-4.504970
38.880573,-4.590240,38.850206,-4.513951
38.880573,-4.590240,38.883601,-4.523153
38.880573,-4.590240,38.916923,-4.532573
38.978336,-4.611660,38.950173,-4.542209
38.978336,-4.611660,38.983352,-4.552058
38.978336,-4.611660,39.016460,-4.562117
39.076077,-4.633171,39.049498,-4.572386
39.076077,-4.633171,39.082466,-4.582863
39.076077,-4.633171,39.115343,-4.593543
39.173794,-4.654779,39.147946,-4.604281
39.173794,-4.654779,39.180189,-4.615003
39.173794,-4.654779,39.212209,-4.625464
39.271477,-4.676495,39.244223,-4.635385
39.271477,-4.676495,39.276325,-4.644739
39.271477,-4.676495,39.308625,-4.653457
39.369129,-4.698327,39.341221,-4.661475
39.369129,-4.698327,39.374193,-4.668733
39.369129,-4.698327,39.407571,-4.675177
39.466751,-4.720284,39.441189,-4.680925
39.466751,-4.720284,39.474824,-4.686241
39.466751,-4.720284,39.508408,-4.691295
39.564335,-4.742376,39.541952,-4.696216
39.564335,-4.742376,39.575456,-4.701457
39.564335,-4.742376,39.608967,-4.707189
39.661877,-4.764610,39.642539,-4.713540
39.661877,-4.764610,39.676214,-4.720645
39.661877,-4.764610,39.710029,-4.728633
39.759380,-4.786996,39.743933,-4.737565
39.759380,-4.786996,39.777748,-4.747258
39.759380,-4.786996,39.811383,-4.757592
39.856842,-4.809543,39.844805,-4.768464
39.856842,-4.809543,39.877914,-4.779764
39.856842,-4.809543,39.910541,-4.791324
39.954254,-4.832260,39.942863,-4.802685
39.954254,-4.832260,39.974981,-4.813739
39.954254,-4.832260,40.007041,-4.824372
40.051620,-4.855156,40.039177,-4.834492
40.051620,-4.855156,40.071508,-4.844024
40.148933,-4.878240,40.104137,-4.852902
40.148933,-4.878240,40.137155,-4.861050
40.148933,-4.878240,40.170515,-4.868470
40.246197,-4.901520,40.204094,-4.875255
40.246197,-4.901520,40.237817,-4.881487
40.246197,-4.901520,40.271566,-4.887166
40.343403,-4.925005,40.305218,-4.892535
40.343403,-4.925005,40.338714,-4.898199
40.343403,-4.925005,40.372113,-4.904143
40.440552,-4.948706,40.405464,-4.910547
40.440552,-4.948706,40.438816,-4.917558
40.440552,-4.948706,40.472212,-4.925308
40.537636,-4.972630,40.505693,-4.933917
40.537636,-4.972630,40.539280,-4.943518
40.537636,-4.972630,40.572818,-4.953995
40.634663,-4.996786,40.606177,-4.965188
40.634663,-4.996786,40.639307,-4.976979
40.634663,-4.996786,40.672186,-4.989267
40.731621,-5.021183,40.704713,-5.001726
40.731621,-5.021183,40.736899,-5.014074
40.731621,-5.021183,40.768848,-5.026138
40.828510,-5.045831,40.800686,-5.037809
40.828510,-5.045831,40.832548,-5.048999
40.828510,-5.045831,40.864550,-5.059652
40.925331,-5.070738,40.896800,-5.069710
40.925331,-5.070738,40.929398,-5.079113
40.925331,-5.070738,40.962347,-5.087965
41.022079,-5.095913,40.995564,-5.096222
41.022079,-5.095913,41.028980,-5.103861
41.022079,-5.095913,41.062545,-5.110924
41.118755,-5.121366,41.096218,-5.117470
41.118755,-5.121366,41.129964,-5.123598
41.118755,-5.121366,41.163763,-5.129315
41.215351,-5.147104,41.197580,-5.134874
41.215351,-5.147104,41.231423,-5.140166
41.215351,-5.147104,41.265255,-5.145261
41.311867,-5.173137,41.298948,-5.150369
41.311867,-5.173137,41.332481,-5.155674
41.311867,-5.173137,41.365888,-5.161338
41.408298,-5.199474,41.399220,-5.167511
41.408298,-5.199474,41.432528,-5.174323
41.504650,-5.226124,41.465858,-5.181891
41.504650,-5.226124,41.499252,-5.190330
41.504650,-5.226124,41.532741,-5.199764
41.600910,-5.253097,41.566245,-5.210197
41.600910,-5.253097,41.599596,-5.221434
41.600910,-5.253097,41.632718,-5.233341
41.697083,-5.280399,41.665588,-5.245811
41.697083,-5.280399,41.698097,-5.258704
41.697083,-5.280399,41.730102,-5.271836
41.793163,-5.308042,41.761820,-5.284755
41.793163,-5.308042,41.793351,-5.297370
41.793163,-5.308042,41.824852,-5.309563
41.889149,-5.336032,41.856458,-5.321256
41.889149,-5.336032,41.888295,-5.332373
41.889149,-5.336032,41.920471,-5.342846
41.985039,-5.364381,41.953073,-5.352613
41.985039,-5.364381,41.986039,-5.361684
41.985039,-5.364381,42.019246,-5.370141
42.080830,-5.393096,42.052620,-5.378066
42.080830,-5.393096,42.086112,-5.385526
42.080830,-5.393096,42.119702,-5.392516
42.176514,-5.422197,42.153267,-5.399053
42.176514,-5.422197,42.186664,-5.405711
42.176514,-5.422197,42.219908,-5.412584
42.272076,-5.451709,42.253036,-5.419836
42.272076,-5.451709,42.286096,-5.427615
42.272076,-5.451709,42.319133,-5.436054
42.367508,-5.481659,42.352186,-5.445278
42.367508,-5.481659,42.385289,-5.455414
42.367508,-5.481659,42.418438,-5.466571
42.462799,-5.512076,42.451474,-5.478586
42.462799,-5.512076,42.484285,-5.491304
42.462799,-5.512076,42.516814,-5.504587
42.557930,-5.542986,42.548962,-5.518048
42.557930,-5.542986,42.580763,-5.531432
42.652893,-5.574417,42.612355,-5.544660
42.652893,-5.574417,42.643810,-5.557845
42.652893,-5.574417,42.675201,-5.570787
42.747677,-5.606395,42.706606,-5.583359
42.747677,-5.606395,42.738132,-5.595462
42.747677,-5.606395,42.769845,-5.607059
42.842266,-5.638947,42.801638,-5.618468
42.842266,-5.638947,42.833472,-5.629954
42.842266,-5.638947,42.865346,-5.641726
42.936646,-5.672102,42.897234,-5.653932
42.936646,-5.672102,42.929078,-5.666475
42.936646,-5.672102,42.960843,-5.679301
43.030811,-5.705886,42.992518,-5.692367
43.030811,-5.705886,43.024100,-5.705644
43.030811,-5.705886,43.055592,-5.719110
43.124744,-5.740326,43.087001,-5.732745
43.124744,-5.740326,43.118329,-5.746537
43.124744,-5.740326,43.149573,-5.760395
43.218433,-5.775449,43.180741,-5.774103
43.218433,-5.775449,43.211869,-5.787606
43.218433,-5.775449,43.243122,-5.800693
43.311867,-5.811284,43.274613,-5.813284
43.311867,-5.811284,43.306459,-5.825291
43.311867,-5.811284,43.338711,-5.836645
43.405029,-5.847855,43.371290,-5.847385
43.405029,-5.847855,43.404085,-5.857597
43.405029,-5.847855,43.436940,-5.867409
43.497913,-5.885192,43.469720,-5.876980
43.497913,-5.885192,43.502386,-5.886481
43.497913,-5.885192,43.534881,-5.896357
43.590508,-5.923321,43.567275,-5.906572
43.590508,-5.923321,43.599589,-5.917308
43.590508,-5.923321,43.631841,-5.928698
43.682793,-5.962270,43.663989,-5.940695
43.682793,-5.962270,43.695991,-5.953186
43.682793,-5.962270,43.727838,-5.966089
43.774757,-6.002065,43.759532,-5.979339
43.774757,-6.002065,43.791083,-5.992891
43.774757,-6.002065,43.822503,-6.006699
43.866402,-6.042717,43.853802,-6.020736
43.866402,-6.042717,43.884990,-6.034976
43.866402,-6.042717,43.916076,-6.049399
43.957737,-6.084169,43.947069,-6.063988
43.957737,-6.084169,43.977983,-6.078741
44.048790,-6.126342,44.008859,-6.093891
44.048790,-6.126342,44.039742,-6.109665
44.048790,-6.126342,44.070598,-6.126224
44.139587,-6.169155,44.101203,-6.143097
44.139587,-6.169155,44.131443,-6.159984
44.139587,-6.169155,44.161316,-6.176787
44.230156,-6.212531,44.191054,-6.193250
44.230156,-6.212531,44.220814,-6.209284
44.230156,-6.212531,44.250738,-6.224825
44.320518,-6.256390,44.280947,-6.239822
44.320518,-6.256390,44.311476,-6.254274
44.320518,-6.256390,44.342269,-6.268247
44.410698,-6.300653,44.373293,-6.281751
44.410698,-6.300653,44.404274,-6.295441
44.410698,-6.300653,44.435210,-6.309463
44.500725,-6.345242,44.466102,-6.323976
44.500725,-6.345242,44.496956,-6.339139
44.500725,-6.345242,44.527769,-6.355111
44.590622,-6.390078,44.558520,-6.372029
44.590622,-6.390078,44.589119,-6.389910
44.590622,-6.390078,44.619421,-6.408510
44.680416,-6.435080,44.649360,-6.427677
44.680416,-6.435080,44.678921,-6.447319
44.680416,-6.435080,44.708122,-6.467358
44.770130,-6.480171,44.736940,-6.487603
44.770130,-6.480171,44.765378,-6.507670
44.770130,-6.480171,44.793553,-6.527370
44.859791,-6.525272,44.821590,-6.546639
44.859791,-6.525272,44.849610,-6.565461
44.859791,-6.525272,44.877780,-6.583791
44.949425,-6.570303,44.906127,-6.601732
44.949425,-6.570303,44.934714,-6.619315
44.949425,-6.570303,44.963702,-6.636365
45.039055,-6.615186,44.993009,-6.653001
45.039055,-6.615186,45.022584,-6.669292
45.039055,-6.615186,45.052384,-6.685288
45.128708,-6.659842,45.082368,-6.701039
45.128708,-6.659842,45.112503,-6.716582
45.128708,-6.659842,45.142766,-6.731946
45.218407,-6.704192,45.173132,-6.747161
45.218407,-6.704192,45.203584,-6.762244
45.218407,-6.704192,45.234107,-6.777218
45.308182,-6.748156,45.264690,-6.792093
45.308182,-6.748156,45.295325,-6.806882
45.308182,-6.748156,45.326003,-6.821595
45.398052,-6.791656,45.356656,-6.836337
45.398052,-6.791656,45.387213,-6.851293
45.488049,-6.834613,45.417595,-6.866700
45.488049,-6.834613,45.447845,-6.882422
45.488049,-6.834613,45.477969,-6.898408
45.578194,-6.876948,45.507977,-6.914614
45.578194,-6.876948,45.537881,-6.931008
45.578194,-6.876948,45.567694,-6.947561
45.668514,-6.918582,45.597423,-6.964254
45.668514,-6.918582,45.627079,-6.981069
45.668514,-6.918582,45.656669,-6.997989
45.759033,-6.959436,45.686197,-7.015006
45.759033,-6.959436,45.714862,-7.031647
45.759033,-6.959436,45.739583,-7.046030
45.759033,-6.959436,45.762043,-7.058997
45.849781,-6.999432,45.783614,-7.071017
45.849781,-6.999432,45.804936,-7.082433
45.849781,-6.999432,45.824860,-7.092582
45.849781,-6.999432,45.838423,-7.099304
45.849781,-6.999432,45.848043,-7.103853
45.849781,-6.999432,45.855868,-7.107331
45.940777,-7.038489,45.865590,-7.111243
45.940777,-7.038489,45.884542,-7.118199
45.940777,-7.038489,45.910568,-7.127251
45.940777,-7.038489,45.939956,-7.137611
46.032047,-7.076530,45.970770,-7.148557
46.032047,-7.076530,46.002063,-7.160026
46.032047,-7.076530,46.033455,-7.171940
46.123615,-7.113495,46.064783,-7.184381
46.123615,-7.113495,46.095980,-7.197462
46.123615,-7.113495,46.127010,-7.211192
46.215481,-7.149402,46.157893,-7.225368
46.215481,-7.149402,46.188608,-7.239972
46.215481,-7.149402,46.219173,-7.254925
46.307648,-7.184284,46.245320,-7.267830
46.307648,-7.184284,46.262994,-7.276140
46.307648,-7.184284,46.274521,-7.281386
46.307648,-7.184284,46.282852,-7.285077
46.307648,-7.184284,46.295365,-7.290560
46.307648,-7.184284,46.316263,-7.300084
46.400112,-7.218175,46.342191,-7.312308
46.400112,-7.218175,46.370475,-7.326040
46.400112,-7.218175,46.393735,-7.337472
46.492874,-7.251109,46.409213,-7.344879
46.492874,-7.251109,46.419670,-7.349630
46.492874,-7.251109,46.427595,-7.353133
46.492874,-7.251109,46.434620,-7.356117
46.492874,-7.251109,46.448101,-7.361842
46.492874,-7.251109,46.469910,-7.371335
46.492874,-7.251109,46.496542,-7.383170
46.585934,-7.283118,46.525350,-7.396454
46.585934,-7.283118,46.554614,-7.410384
46.585934,-7.283118,46.576840,-7.420944
46.679287,-7.314239,46.591512,-7.427722
46.679287,-7.314239,46.601519,-7.432120
46.679287,-7.314239,46.609245,-7.435430
46.679287,-7.314239,46.615970,-7.438219
46.679287,-7.314239,46.622339,-7.440745
46.679287,-7.314239,46.628670,-7.443121
46.679287,-7.314239,46.636243,-7.445756
46.679287,-7.314239,46.652481,-7.451305
46.679287,-7.314239,46.676814,-7.459599
46.772934,-7.344502,46.705424,-7.469394
46.772934,-7.344502,46.734174,-7.479407
46.772934,-7.344502,46.754620,-7.486312
46.772934,-7.344502,46.768011,-7.490556
46.772934,-7.344502,46.777618,-7.493373
46.866875,-7.373943,46.785508,-7.495554
46.866875,-7.373943,46.794956,-7.497997
46.866875,-7.373943,46.813720,-7.502776
46.866875,-7.373943,46.839913,-7.509584
46.866875,-7.373943,46.869766,-7.517453
46.961109,-7.402596,46.901166,-7.525917
46.961109,-7.402596,46.933119,-7.534950
46.961109,-7.402596,46.965221,-7.544491
47.055637,-7.430493,46.997302,-7.554640
47.055637,-7.430493,47.029303,-7.565483
47.055637,-7.430493,47.061210,-7.577076
47.150459,-7.457669,47.093042,-7.589452
47.150459,-7.457669,47.124786,-7.602781
47.150459,-7.457669,47.156419,-7.617131
47.245567,-7.484157,47.183856,-7.630314
47.245567,-7.484157,47.201939,-7.639068
47.245567,-7.484157,47.212241,-7.644231
47.245567,-7.484157,47.218068,-7.647311
47.245567,-7.484157,47.222673,-7.649812
47.245567,-7.484157,47.227620,-7.652363
47.245567,-7.484157,47.232886,-7.654903
47.245567,-7.484157,47.238426,-7.657435
47.245567,-7.484157,47.244231,-7.659928
47.340969,-7.509991,47.250288,-7.662363
47.340969,-7.509991,47.256592,-7.664715
47.340969,-7.509991,47.263144,-7.666967
47.340969,-7.509991,47.269910,-7.669088
47.340969,-7.509991,47.276799,-7.671072
47.340969,-7.509991,47.283738,-7.672853
47.340969,-7.509991,47.290693,-7.674344
47.340969,-7.509991,47.297635,-7.675760
47.340969,-7.509991,47.304951,-7.677195
47.340969,-7.509991,47.319850,-7.680156
47.340969,-7.509991,47.343772,-7.684861
47.436657,-7.535204,47.372866,-7.690741
47.436657,-7.535204,47.404364,-7.697329
47.436657,-7.535204,47.437017,-7.704092
47.532635,-7.559832,47.470232,-7.710867
47.532635,-7.559832,47.503727,-7.717564
47.532635,-7.559832,47.537354,-7.724145
47.628899,-7.583906,47.570873,-7.730763
47.628899,-7.583906,47.604172,-7.737615
47.628899,-7.583906,47.637233,-7.744804
47.725452,-7.607460,47.670087,-7.752371
47.725452,-7.607460,47.702771,-7.760511
47.725452,-7.607460,47.735381,-7.768965
47.822289,-7.630530,47.767954,-7.777692
47.822289,-7.630530,47.800510,-7.786643
47.822289,-7.630530,47.831975,-7.795457
47.919411,-7.653148,47.859223,-7.802859
47.919411,-7.653148,47.884213,-7.809387
47.919411,-7.653148,47.908281,-7.815329
48.016819,-7.675347,47.933487,-7.821154
48.016819,-7.675347,47.962804,-7.827901
48.016819,-7.675347,47.994165,-7.835173
48.016819,-7.675347,48.026407,-7.842823
48.114510,-7.697163,48.058991,-7.850831
48.114510,-7.697163,48.091712,-7.859103
48.114510,-7.697163,48.124482,-7.867569
48.212482,-7.718627,48.157262,-7.876181
48.212482,-7.718627,48.190070,-7.884843
48.212482,-7.718627,48.222975,-7.893358
48.310738,-7.739775,48.255968,-7.901701
48.310738,-7.739775,48.289014,-7.909911
48.310738,-7.739775,48.322095,-7.917999
48.409275,-7.760639,48.354437,-7.925705
48.409275,-7.760639,48.385682,-7.932771
48.409275,-7.760639,48.416625,-7.939222
48.508095,-7.781254,48.447635,-7.944975
48.508095,-7.781254,48.479646,-7.950403
48.508095,-7.781254,48.512703,-7.955802
48.607189,-7.801652,48.546075,-7.961232
48.607189,-7.801652,48.579456,-7.966835
48.607189,-7.801652,48.612749,-7.972754
48.706566,-7.821869,48.645957,-7.979009
48.706566,-7.821869,48.679121,-7.985538
48.706566,-7.821869,48.712261,-7.992289
48.806217,-7.841938,48.745390,-7.999220
48.806217,-7.841938,48.778513,-8.006299
48.806217,-7.841938,48.811635,-8.013490
48.906151,-7.861891,48.844758,-8.020773
48.906151,-7.861891,48.877883,-8.028125
48.906151,-7.861891,48.911011,-8.035532
49.006355,-7.881763,48.944142,-8.042976
49.006355,-7.881763,48.977278,-8.050448
49.006355,-7.881763,49.010422,-8.057938
49.106838,-7.901589,49.043647,-8.065278
49.106838,-7.901589,49.076983,-8.072350
49.106838,-7.901589,49.110389,-8.079229
49.207596,-7.921400,49.143840,-8.085930
49.207596,-7.921400,49.177314,-8.092477
49.207596,-7.921400,49.210724,-8.099066
49.308628,-7.941232,49.244062,-8.105792
49.308628,-7.941232,49.277361,-8.112588
49.308628,-7.941232,49.310640,-8.119448
49.409931,-7.961117,49.343910,-8.126356
49.409931,-7.961117,49.377175,-8.133299
49.409931,-7.961117,49.410439,-8.140267
49.511509,-7.981090,49.443703,-8.147252
49.511509,-7.981090,49.476970,-8.154247
49.511509,-7.981090,49.510238,-8.161245
49.613358,-8.001184,49.543510,-8.168243
49.613358,-8.001184,49.576784,-8.175236
49.613358,-8.001184,49.610062,-8.182221
49.715477,-8.021431,49.643343,-8.189196
49.715477,-8.021431,49.676627,-8.196158
49.715477,-8.021431,49.709914,-8.203105
49.817856,-8.041829,49.743205,-8.210037
49.817856,-8.041829,49.776500,-8.216952
49.817856,-8.041829,49.809797,-8.223849
49.920490,-8.062360,49.843099,-8.230727
49.920490,-8.062360,49.876403,-8.237587
49.920490,-8.062360,49.909712,-8.244427
50.023369,-8.083002,49.943023,-8.251246
50.023369,-8.083002,49.976339,-8.258046
50.023369,-8.083002,50.009659,-8.264825
50.126476,-8.103734,50.042982,-8.271583
50.126476,-8.103734,50.076309,-8.278320
50.126476,-8.103734,50.109641,-8.285036
50.229805,-8.124536,50.142976,-8.291731
50.229805,-8.124536,50.176315,-8.298404
50.229805,-8.124536,50.209658,-8.305056
50.229805,-8.124536,50.243005,-8.311687
50.333347,-8.145385,50.276356,-8.318296
50.333347,-8.145385,50.309711,-8.324884
50.333347,-8.145385,50.343071,-8.331450
50.437084,-8.166263,50.376434,-8.337995
50.437084,-8.166263,50.409802,-8.344518
50.437084,-8.166263,50.443175,-8.351020
50.541012,-8.187147,50.476551,-8.357500
50.541012,-8.187147,50.509932,-8.363959
50.541012,-8.187147,50.543318,-8.370397
50.645119,-8.208018,50.576708,-8.376813
50.645119,-8.208018,50.610103,-8.383208
50.645119,-8.208018,50.643502,-8.389582
50.749390,-8.228854,50.676906,-8.395934
50.749390,-8.228854,50.710315,-8.402265
50.749390,-8.228854,50.743728,-8.408575
50.853821,-8.249635,50.777145,-8.414864
50.853821,-8.249635,50.810567,-8.421131
50.853821,-8.249635,50.843994,-8.427377
50.958397,-8.270339,50.877425,-8.433602
50.958397,-8.270339,50.910860,-8.439806
50.958397,-8.270339,50.944299,-8.445988
51.063107,-8.290945,50.977742,-8.452149
51.063107,-8.290945,51.011189,-8.458289
51.063107,-8.290945,51.044640,-8.464407
51.063107,-8.290945,51.078094,-8.470505
51.167942,-8.311434,51.111552,-8.476580
51.167942,-8.311434,51.145014,-8.482634
51.167942,-8.311434,51.178480,-8.488665
51.272892,-8.331783,51.211949,-8.494675
51.272892,-8.331783,51.245422,-8.500663
51.272892,-8.331783,51.278898,-8.506630
51.377949,-8.351974,51.312377,-8.512575
51.377949,-8.351974,51.345859,-8.518498
51.377949,-8.351974,51.379344,-8.524401
51.483093,-8.371983,51.412833,-8.530281
51.483093,-8.371983,51.446324,-8.536141
51.483093,-8.371983,51.479819,-8.541978
51.588322,-8.391790,51.513316,-8.547795
51.588322,-8.391790,51.546816,-8.553590
51.588322,-8.391790,51.580319,-8.559363
51.693623,-8.411376,51.613825,-8.565115
51.693623,-8.411376,51.647334,-8.570845
51.693623,-8.411376,51.680846,-8.576554
51.693623,-8.411376,51.714361,-8.582241
51.798981,-8.430719,51.747879,-8.587907
51.798981,-8.430719,51.781400,-8.593551
51.798981,-8.430719,51.814923,-8.599174
51.904392,-8.449798,51.848450,-8.604775
51.904392,-8.449798,51.881981,-8.610354
51.904392,-8.449798,51.915514,-8.615912
52.009842,-8.468592,51.949051,-8.621449
52.009842,-8.468592,51.982591,-8.626963
52.009842,-8.468592,52.016134,-8.632457
52.115322,-8.487080,52.049681,-8.637928
52.115322,-8.487080,52.083231,-8.643378
52.115322,-8.487080,52.116785,-8.648807
52.220818,-8.505241,52.150343,-8.654213
52.220818,-8.505241,52.183904,-8.659599
52.220818,-8.505241,52.217469,-8.664962
52.326321,-8.523056,52.251037,-8.670304
52.326321,-8.523056,52.284610,-8.675624
52.326321,-8.523056,52.318186,-8.680923
52.326321,-8.523056,52.351766,-8.686199
52.431824,-8.540503,52.385350,-8.691455
52.431824,-8.540503,52.418938,-8.696688
52.431824,-8.540503,52.452530,-8.701900
52.537312,-8.557560,52.486126,-8.707090
52.537312,-8.557560,52.519725,-8.712259
52.537312,-8.557560,52.553329,-8.717405
52.642773,-8.574208,52.586937,-8.722531
52.642773,-8.574208,52.620548,-8.727634
52.642773,-8.574208,52.654173,-8.732697
52.748199,-8.590425,52.687876,-8.737537
52.748199,-8.590425,52.721664,-8.742091
52.748199,-8.590425,52.755499,-8.746428
52.853580,-8.606191,52.789362,-8.750576
52.853580,-8.606191,52.823242,-8.754555
52.853580,-8.606191,52.857118,-8.758411
52.958904,-8.621485,52.890927,-8.762344
52.958904,-8.621485,52.924678,-8.766417
52.958904,-8.621485,52.958402,-8.770566
53.064163,-8.636285,52.992130,-8.774739
53.064163,-8.636285,53.025926,-8.778726
53.064163,-8.636285,53.059793,-8.782495
53.064163,-8.636285,53.093697,-8.786097
53.169342,-8.650571,53.127624,-8.789549
53.169342,-8.650571,53.161562,-8.792864
53.169342,-8.650571,53.195508,-8.796055
53.274429,-8.664323,53.229459,-8.799130
53.274429,-8.664323,53.263415,-8.802099
53.274429,-8.664323,53.297374,-8.804966
53.379421,-8.677519,53.331337,-8.807740
53.379421,-8.677519,53.365303,-8.810421
53.379421,-8.677519,53.399273,-8.813018
53.484303,-8.690139,53.433247,-8.815528
53.484303,-8.690139,53.467224,-8.817959
53.484303,-8.690139,53.501205,-8.820309
53.589066,-8.702161,53.535189,-8.822582
53.589066,-8.702161,53.569177,-8.824777
53.589066,-8.702161,53.603169,-8.826898
53.693691,-8.713566,53.637164,-8.828942
53.693691,-8.713566,53.671163,-8.830913
53.693691,-8.713566,53.705165,-8.832810
53.798180,-8.724331,53.739171,-8.834634
53.798180,-8.724331,53.773180,-8.836385
53.798180,-8.724331,53.807192,-8.838062
53.902515,-8.734436,53.841207,-8.839669
53.902515,-8.734436,53.875225,-8.841201
53.902515,-8.734436,53.909246,-8.842663
53.902515,-8.734436,53.943269,-8.844050
54.006687,-8.743861,53.977295,-8.845369
54.006687,-8.743861,54.011323,-8.846612
54.006687,-8.743861,54.045353,-8.847786
54.110683,-8.752584,54.079386,-8.848885
54.110683,-8.752584,54.113420,-8.849916
54.110683,-8.752584,54.147456,-8.850871
54.214497,-8.760586,54.181494,-8.851758
54.214497,-8.760586,54.215532,-8.852570
54.214497,-8.760586,54.249573,-8.853312
54.318111,-8.767844,54.283614,-8.853981
54.318111,-8.767844,54.317656,-8.854579
54.318111,-8.767844,54.351699,-8.855104
54.421524,-8.774339,54.385743,-8.855559
54.421524,-8.774339,54.419786,-8.855941
54.421524,-8.774339,54.453831,-8.856252
54.524719,-8.780048,54.487875,-8.856490
54.524719,-8.780048,54.521920,-8.856658
54.524719,-8.780048,54.555964,-8.856753
54.627686,-8.784952,54.590009,-8.856778
54.627686,-8.784952,54.624052,-8.856729
54.627686,-8.784952,54.658096,-8.856610
54.730415,-8.789029,54.692139,-8.856420
54.730415,-8.789029,54.726181,-8.856157
54.730415,-8.789029,54.760222,-8.855823
54.832893,-8.792259,54.794263,-8.855417
54.832893,-8.792259,54.828302,-8.854941
54.832893,-8.792259,54.862341,-8.854392
54.935116,-8.794621,54.896378,-8.853773
54.935116,-8.794621,54.930413,-8.853082
54.935116,-8.794621,54.964448,-8.852320
55.037067,-8.796095,54.998480,-8.851488
55.037067,-8.796095,55.028694,-8.850572
55.037067,-8.796095,55.050944,-8.849400
55.037067,-8.796095,55.068491,-8.848182
55.037067,-8.796095,55.083864,-8.846839
55.138737,-8.796658,55.103079,-8.844918
55.138737,-8.796658,55.129780,-8.842317
55.138737,-8.796658,55.160339,-8.839466
55.240116,-8.796290,55.192648,-8.836605
55.240116,-8.796290,55.225763,-8.833852
55.240116,-8.796290,55.259273,-8.831201
55.341194,-8.794971,55.292982,-8.828637
55.341194,-8.794971,55.326689,-8.826119
55.341194,-8.794971,55.354496,-8.823958
55.341194,-8.794971,55.375010,-8.821923
55.341194,-8.794971,55.391678,-8.819996
55.441956,-8.792681,55.406614,-8.818015
55.441956,-8.792681,55.421121,-8.815814
55.441956,-8.792681,55.442238,-8.812430
55.441956,-8.792681,55.470064,-8.808036
55.542397,-8.789397,55.501076,-8.803206
55.542397,-8.789397,55.533482,-8.798310
55.542397,-8.789397,55.566497,-8.793650
55.642506,-8.785099,55.599808,-8.789412
55.642506,-8.785099,55.633303,-8.785650
55.642506,-8.785099,55.666171,-8.782311
55.642506,-8.785099,55.691621,-8.779738
55.742268,-8.779766,55.710667,-8.777694
55.742268,-8.779766,55.726551,-8.775945
55.742268,-8.779766,55.742229,-8.774090
55.742268,-8.779766,55.765501,-8.771122
55.841675,-8.773377,55.794237,-8.767363
55.841675,-8.773377,55.825635,-8.763552
55.841675,-8.773377,55.858289,-8.759883
55.940716,-8.765913,55.891540,-8.756490
55.940716,-8.765913,55.925075,-8.753222
55.940716,-8.765913,55.958779,-8.749856
56.039379,-8.757351,55.992631,-8.746193
56.039379,-8.757351,56.026655,-8.742047
56.039379,-8.757351,56.060890,-8.737251
56.137653,-8.747670,56.095374,-8.731649
56.137653,-8.747670,56.130076,-8.725113
56.137653,-8.747670,56.164811,-8.717718
56.235531,-8.736851,56.199361,-8.709703
56.235531,-8.736851,56.233482,-8.701446
56.235531,-8.736851,56.267132,-8.693174
56.333004,-8.724872,56.300367,-8.684997
56.333004,-8.724872,56.333364,-8.677168
56.333004,-8.724872,56.366262,-8.669793
56.430054,-8.711713,56.399189,-8.662963
56.430054,-8.711713,56.432260,-8.656764
56.430054,-8.711713,56.465571,-8.651271
56.526672,-8.697351,56.499200,-8.646553
56.526672,-8.697351,56.533153,-8.642677
56.622852,-8.681768,56.567317,-8.639552
56.622852,-8.681768,56.601592,-8.637058
56.622852,-8.681768,56.630687,-8.635194
56.622852,-8.681768,56.650081,-8.633657
56.622852,-8.681768,56.662609,-8.632543
56.718578,-8.664942,56.671606,-8.631678
56.718578,-8.664942,56.685784,-8.630205
56.718578,-8.664942,56.709262,-8.627765
56.718578,-8.664942,56.738286,-8.624409
56.813847,-8.646852,56.770007,-8.620058
56.813847,-8.646852,56.796802,-8.615672
56.813847,-8.646852,56.816166,-8.611741
56.813847,-8.646852,56.830707,-8.608239
56.813847,-8.646852,56.842772,-8.605028
56.813847,-8.646852,56.853990,-8.601817
56.908638,-8.627476,56.871907,-8.596621
56.908638,-8.627476,56.896998,-8.589469
56.908638,-8.627476,56.926155,-8.581315
57.002949,-8.606795,56.957248,-8.572847
57.002949,-8.606795,56.989230,-8.564452
57.002949,-8.606795,57.021664,-8.556375
57.096764,-8.584788,57.054397,-8.548771
57.096764,-8.584788,57.087387,-8.541723
57.096764,-8.584788,57.120651,-8.535302
57.190075,-8.561434,57.154239,-8.529594
57.190075,-8.561434,57.187007,-8.524814
57.190075,-8.561434,57.211046,-8.521335
57.190075,-8.561434,57.226706,-8.518931
57.282871,-8.536711,57.237238,-8.517286
57.282871,-8.536711,57.245273,-8.515997
57.282871,-8.536711,57.252199,-8.514829
57.282871,-8.536711,57.258328,-8.513738
57.282871,-8.536711,57.262855,-8.512858
57.282871,-8.536711,57.266582,-8.512060
57.282871,-8.536711,57.270005,-8.511255
57.282871,-8.536711,57.275739,-8.509769
57.282871,-8.536711,57.291282,-8.505701
57.282871,-8.536711,57.315358,-8.499421
57.375141,-8.510599,57.344240,-8.491996
57.375141,-8.510599,57.375353,-8.484234
57.375141,-8.510599,57.407499,-8.476495
57.466873,-8.483078,57.440185,-8.469034
57.466873,-8.483078,57.473209,-8.461987
57.466873,-8.483078,57.506430,-8.455313
57.558056,-8.454125,57.535788,-8.449584
57.558056,-8.454125,57.554852,-8.445850
57.558056,-8.454125,57.565824,-8.443670
57.558056,-8.454125,57.572282,-8.442399
57.558056,-8.454125,57.581625,-8.440419
57.558056,-8.454125,57.600935,-8.436173
57.648685,-8.423722,57.627334,-8.430386
57.648685,-8.423722,57.657383,-8.424055
57.648685,-8.423722,57.683207,-8.418610
57.738743,-8.391847,57.699372,-8.415176
57.738743,-8.391847,57.708720,-8.413387
57.738743,-8.391847,57.714524,-8.412189
57.738743,-8.391847,57.718721,-8.411233
57.738743,-8.391847,57.722250,-8.410346
57.738743,-8.391847,57.725563,-8.409430
57.738743,-8.391847,57.728813,-8.408453
57.738743,-8.391847,57.732024,-8.407421
57.738743,-8.391847,57.735210,-8.406344
57.738743,-8.391847,57.738380,-8.405222
57.738743,-8.391847,57.741539,-8.404066
57.738743,-8.391847,57.744691,-8.402876
57.738743,-8.391847,57.747838,-8.401658
57.738743,-8.391847,57.750981,-8.400416
57.738743,-8.391847,57.754120,-8.399156
57.738743,-8.391847,57.757257,-8.397878
57.738743,-8.391847,57.760391,-8.396584
57.738743,-8.391847,57.763521,-8.395278
57.738743,-8.391847,57.766649,-8.393962
57.738743,-8.391847,57.769774,-8.392636
57.738743,-8.391847,57.773912,-8.390970
57.738743,-8.391847,57.786324,-8.385566
57.828220,-8.358478,57.807593,-8.376242
57.828220,-8.358478,57.834029,-8.364654
57.828220,-8.358478,57.861600,-8.353034
57.917110,-8.323595,57.881089,-8.345139
57.917110,-8.323595,57.893058,-8.340506
57.917110,-8.323595,57.900265,-8.337855
57.917110,-8.323595,57.905077,-8.336004
57.917110,-8.323595,57.908797,-8.334513
57.917110,-8.323595,57.912031,-8.333185
57.917110,-8.323595,57.915059,-8.331909
57.917110,-8.323595,57.918013,-8.330632
57.917110,-8.323595,57.923237,-8.328448
57.917110,-8.323595,57.937562,-8.321872
57.917110,-8.323595,57.959988,-8.311452
58.005398,-8.287177,57.986855,-8.299062
58.005398,-8.287177,58.015841,-8.286107
58.005398,-8.287177,58.045989,-8.273327
58.093071,-8.249205,58.076861,-8.261038
58.093071,-8.249205,58.108274,-8.249383
58.093071,-8.249205,58.136386,-8.239586
58.180126,-8.209655,58.154984,-8.233454
58.180126,-8.209655,58.165732,-8.230048
58.180126,-8.209655,58.172031,-8.228159
58.180126,-8.209655,58.176294,-8.226951
58.180126,-8.209655,58.179658,-8.225865
58.180126,-8.209655,58.182719,-8.224789
58.180126,-8.209655,58.185742,-8.223648
58.180126,-8.209655,58.188805,-8.222419
58.180126,-8.209655,58.191880,-8.221123
58.180126,-8.209655,58.194951,-8.219774
58.180126,-8.209655,58.198014,-8.218384
58.180126,-8.209655,58.201069,-8.216958
58.180126,-8.209655,58.204115,-8.215503
58.180126,-8.209655,58.207153,-8.214023
58.180126,-8.209655,58.210184,-8.212520
58.180126,-8.209655,58.213199,-8.210987
58.180126,-8.209655,58.216422,-8.209314
58.180126,-8.209655,58.226301,-8.204409
58.266548,-8.168508,58.245108,-8.194574
58.266548,-8.168508,58.269964,-8.181798
58.266548,-8.168508,58.297666,-8.167815
58.352325,-8.125743,58.327091,-8.153561
58.352325,-8.125743,58.357347,-8.138693
58.352325,-8.125743,58.388083,-8.123116
58.437450,-8.081339,58.418962,-8.106827
58.437450,-8.081339,58.449796,-8.090007
58.437450,-8.081339,58.480444,-8.072735
58.521908,-8.035275,58.510876,-8.055099
58.521908,-8.035275,58.541062,-8.037143
58.605694,-7.987533,58.570950,-8.018839
58.605694,-7.987533,58.600586,-8.000248
58.605694,-7.987533,58.629976,-7.981380
58.688816,-7.938144,58.659132,-7.962253
58.688816,-7.938144,58.688067,-7.942874
58.688816,-7.938144,58.716763,-7.923298
58.771320,-7.887192,58.745142,-7.903840
58.771320,-7.887192,58.773266,-7.884713
58.771320,-7.887192,58.801287,-7.866024
58.853241,-7.834758,58.829362,-7.847735
58.853241,-7.834758,58.857583,-7.829441
58.853241,-7.834758,58.885984,-7.810816
58.934620,-7.780927,58.914531,-7.791613
58.934620,-7.780927,58.943106,-7.771735
58.934620,-7.780927,58.971530,-7.751339
59.015491,-7.725783,58.999711,-7.730526
59.015491,-7.725783,59.027612,-7.709365
59.095901,-7.669409,59.055225,-7.687893
59.095901,-7.669409,59.082514,-7.666252
59.095901,-7.669409,59.109449,-7.644786
59.175884,-7.611888,59.136143,-7.623671
59.175884,-7.611888,59.162764,-7.602985
59.175884,-7.611888,59.189446,-7.582593
59.255482,-7.553305,59.216247,-7.562085
59.255482,-7.553305,59.243168,-7.541161
59.255482,-7.553305,59.270156,-7.519584
59.334728,-7.493743,59.297011,-7.497523
59.334728,-7.493743,59.323573,-7.475446
59.334728,-7.493743,59.349891,-7.453608
59.413670,-7.433286,59.376111,-7.432125
59.413670,-7.433286,59.402371,-7.411045
59.413670,-7.433286,59.428820,-7.390425
59.492344,-7.372017,59.455592,-7.370299
59.492344,-7.372017,59.482826,-7.350711
59.492344,-7.372017,59.510809,-7.331905
59.570786,-7.310020,59.539578,-7.313866
59.570786,-7.310020,59.569068,-7.296462
59.570786,-7.310020,59.599305,-7.279667
59.649036,-7.247378,59.629922,-7.263477
59.649036,-7.247378,59.660564,-7.247743
59.649036,-7.247378,59.691060,-7.232242
59.727135,-7.184176,59.721347,-7.216756
59.727135,-7.184176,59.751414,-7.201090
59.727135,-7.184176,59.781262,-7.185063
59.805126,-7.120497,59.810905,-7.168527
59.805126,-7.120497,59.840352,-7.151337
59.805126,-7.120497,59.869606,-7.133361
59.883038,-7.056425,59.898659,-7.114474
59.883038,-7.056425,59.927498,-7.094555
59.883038,-7.056425,59.956049,-7.073542
59.960918,-6.992043,59.984191,-7.051694
59.960918,-6.992043,60.011762,-7.029175
60.038807,-6.927434,60.038569,-7.006334
60.038807,-6.927434,60.064953,-6.983700
60.038807,-6.927434,60.090992,-6.961340
60.116737,-6.862683,60.116892,-6.939306
60.116737,-6.862683,60.142758,-6.917455
60.116737,-6.862683,60.168651,-6.895696
60.194752,-6.797873,60.194588,-6.873980
60.194752,-6.797873,60.220561,-6.852266
60.194752,-6.797873,60.244836,-6.831915
60.194752,-6.797873,60.261507,-6.817243
60.272888,-6.733088,60.271545,-6.807999
60.272888,-6.733088,60.277342,-6.802475
60.272888,-6.733088,60.281109,-6.798762
60.272888,-6.733088,60.283988,-6.795829
60.272888,-6.733088,60.286482,-6.793230
60.272888,-6.733088,60.288806,-6.790762
60.272888,-6.733088,60.291059,-6.788331
60.272888,-6.733088,60.293285,-6.785896
60.272888,-6.733088,60.295503,-6.783441
60.272888,-6.733088,60.297720,-6.780961
60.272888,-6.733088,60.299939,-6.778458
60.272888,-6.733088,60.302159,-6.775934
60.272888,-6.733088,60.304380,-6.773392
60.272888,-6.733088,60.306600,-6.770835
60.272888,-6.733088,60.308820,-6.768266
60.272888,-6.733088,60.311038,-6.765686
60.272888,-6.733088,60.313255,-6.763097
60.272888,-6.733088,60.315469,-6.760500
60.272888,-6.733088,60.317681,-6.757897
60.272888,-6.733088,60.319915,-6.755260
60.272888,-6.733088,60.326309,-6.747909
60.351185,-6.668412,60.339151,-6.733538
60.351185,-6.668412,60.356633,-6.714642
60.351185,-6.668412,60.377004,-6.693229
60.351185,-6.668412,60.393770,-6.675634
60.351185,-6.668412,60.404137,-6.664322
60.429688,-6.603928,60.410095,-6.657627
60.429688,-6.603928,60.414114,-6.653005
60.429688,-6.603928,60.422654,-6.643223
60.429688,-6.603928,60.437238,-6.626887
60.429688,-6.603928,60.455874,-6.606477
60.429688,-6.603928,60.476901,-6.583901
60.508427,-6.539719,60.499228,-6.560465
60.508427,-6.539719,60.522341,-6.536852
60.508427,-6.539719,60.546060,-6.513398
60.587448,-6.475870,60.570354,-6.490269
60.587448,-6.475870,60.595263,-6.467549
60.587448,-6.475870,60.620856,-6.445293
60.666786,-6.412464,60.647197,-6.423551
60.666786,-6.412464,60.674202,-6.402373
60.666786,-6.412464,60.701686,-6.381693
60.746483,-6.349585,60.729538,-6.361469
60.746483,-6.349585,60.757688,-6.341654
60.746483,-6.349585,60.786082,-6.322206
60.826576,-6.287316,60.814680,-6.303083
60.826576,-6.287316,60.843434,-6.284274
60.826576,-6.287316,60.872193,-6.265798
60.907104,-6.225741,60.900686,-6.247203
60.907104,-6.225741,60.928923,-6.228429
60.907104,-6.225741,60.956876,-6.209294
60.988110,-6.164944,60.984544,-6.189654
60.988110,-6.164944,61.011923,-6.169373
61.069630,-6.105008,61.038981,-6.148353
61.069630,-6.105008,61.065690,-6.126670
61.069630,-6.105008,61.092050,-6.104479
61.151703,-6.046017,61.118080,-6.081885
61.151703,-6.046017,61.143807,-6.058958
61.151703,-6.046017,61.169255,-6.035751
61.234364,-5.988051,61.194465,-6.012396
61.234364,-5.988051,61.219542,-5.989153
61.234364,-5.988051,61.244628,-5.966162
61.317631,-5.931139,61.269848,-5.943470
61.317631,-5.931139,61.295278,-5.921052
61.317631,-5.931139,61.321141,-5.899024
61.401485,-5.875268,61.347574,-5.877436
61.401485,-5.875268,61.374682,-5.856337
61.401485,-5.875268,61.402403,-5.835753
61.485916,-5.820428,61.430565,-5.815666
61.485916,-5.820428,61.459060,-5.796038
61.485916,-5.820428,61.487818,-5.776827
61.570915,-5.766606,61.516788,-5.757988
61.570915,-5.766606,61.545935,-5.739482
61.570915,-5.766606,61.575232,-5.721275
61.656467,-5.713789,61.604657,-5.703329
61.656467,-5.713789,61.634197,-5.685623
61.656467,-5.713789,61.663847,-5.668148
61.742561,-5.661966,61.693594,-5.650880
61.742561,-5.661966,61.723433,-5.633806
61.742561,-5.661966,61.753361,-5.616918
61.829185,-5.611123,61.783367,-5.600206
61.829185,-5.611123,61.813448,-5.583661
61.829185,-5.611123,61.843608,-5.567276
61.916328,-5.561249,61.873841,-5.551045
61.916328,-5.561249,61.904148,-5.534967
61.916328,-5.561249,61.934526,-5.519036
62.003979,-5.512331,61.964975,-5.503252
62.003979,-5.512331,61.995494,-5.487611
62.003979,-5.512331,62.026082,-5.472113
62.092125,-5.464356,62.056739,-5.456756
62.092125,-5.464356,62.087464,-5.441539
62.092125,-5.464356,62.118256,-5.426463
62.180752,-5.417314,62.149091,-5.411517
62.180752,-5.417314,62.179756,-5.396557
62.180752,-5.417314,62.210142,-5.381427
62.269848,-5.371191,62.240254,-5.366027
62.269848,-5.371191,62.270370,-5.350572
62.269848,-5.371191,62.300730,-5.335242
62.359409,-5.325975,62.331447,-5.320133
62.359409,-5.325975,62.362404,-5.305257
62.359409,-5.325975,62.393524,-5.290618
62.449413,-5.281654,62.424809,-5.276221
62.449413,-5.281654,62.456431,-5.262193
62.449413,-5.281654,62.488309,-5.248614
62.539856,-5.238215,62.520352,-5.235455
62.539856,-5.238215,62.549800,-5.223556
62.539856,-5.238215,62.571437,-5.215146
62.630718,-5.195647,62.587975,-5.208672
62.630718,-5.195647,62.601975,-5.203011
62.630718,-5.195647,62.618208,-5.196167
62.630718,-5.195647,62.641559,-5.185936
62.630718,-5.195647,62.669097,-5.173818
62.721996,-5.153937,62.698912,-5.161040
62.721996,-5.153937,62.729850,-5.148048
62.721996,-5.153937,62.761253,-5.135052
62.813675,-5.113072,62.792692,-5.122020
62.813675,-5.113072,62.824041,-5.108891
62.813675,-5.113072,62.855339,-5.095673
62.905739,-5.073041,62.886614,-5.082397
62.905739,-5.073041,62.917881,-5.069084
62.905739,-5.073041,62.949152,-5.055754
62.998180,-5.033831,62.980443,-5.042456
62.998180,-5.033831,63.011749,-5.029170
62.998180,-5.033831,63.043188,-5.015993
63.090988,-4.995430,63.074945,-5.003077
63.090988,-4.995430,63.107156,-4.990551
63.184147,-4.957825,63.139734,-4.978479
63.184147,-4.957825,63.172528,-4.966851
63.184147,-4.957825,63.205457,-4.955652
63.277649,-4.921004,63.238476,-4.944843
63.277649,-4.921004,63.271558,-4.934359
63.277649,-4.921004,63.304290,-4.924211
63.371479,-4.884955,63.330316,-4.916085
63.371479,-4.884955,63.349555,-4.909848
63.371479,-4.884955,63.365577,-4.904181
63.371479,-4.884955,63.387485,-4.896276
63.371479,-4.884955,63.414675,-4.886933
63.465626,-4.849666,63.444410,-4.876703
63.465626,-4.849666,63.475406,-4.866048
63.465626,-4.849666,63.507160,-4.855306
63.560078,-4.815124,63.539512,-4.844760
63.560078,-4.815124,63.572410,-4.834576
63.560078,-4.815124,63.605635,-4.824760
63.654823,-4.781317,63.637755,-4.815612
63.654823,-4.781317,63.662389,-4.808455
63.654823,-4.781317,63.680972,-4.802545
63.654823,-4.781317,63.696235,-4.797606
63.654823,-4.781317,63.711669,-4.792409
63.749851,-4.748233,63.734430,-4.785107
63.749851,-4.748233,63.762199,-4.776392
63.749851,-4.748233,63.792445,-4.767001
63.845146,-4.715860,63.823882,-4.757254
63.845146,-4.715860,63.855897,-4.747319
63.845146,-4.715860,63.888189,-4.737286
63.940704,-4.684185,63.920610,-4.727213
63.940704,-4.684185,63.953093,-4.717127
63.940704,-4.684185,63.985606,-4.707044
64.036507,-4.653195,64.018139,-4.696984
64.036507,-4.653195,64.050689,-4.686964
64.036507,-4.653195,64.083257,-4.676996
64.132538,-4.622879,64.115844,-4.667084
64.132538,-4.622879,64.148448,-4.657233
64.132538,-4.622879,64.181072,-4.647445
64.228798,-4.593225,64.213715,-4.637721
64.228798,-4.593225,64.246379,-4.628064
64.228798,-4.593225,64.279062,-4.618475
64.325272,-4.564219,64.311771,-4.608974
64.325272,-4.564219,64.344502,-4.599552
64.325272,-4.564219,64.377254,-4.590203
64.421936,-4.535850,64.410024,-4.580927
64.421936,-4.535850,64.442813,-4.571724
64.421936,-4.535850,64.475621,-4.562597
64.518791,-4.508106,64.508447,-4.553549
64.518791,-4.508106,64.541291,-4.544579
64.518791,-4.508106,64.574151,-4.535679
64.615822,-4.480974,64.607029,-4.526852
64.615822,-4.480974,64.639925,-4.518100
64.615822,-4.480974,64.672839,-4.509420
64.713020,-4.454442,64.705773,-4.500812
64.713020,-4.454442,64.738726,-4.492278
64.713020,-4.454442,64.771699,-4.483814
64.810364,-4.428497,64.804693,-4.475420
64.810364,-4.428497,64.837708,-4.467104
64.907852,-4.403127,64.870746,-4.458864
64.907852,-4.403127,64.903806,-4.450699
64.907852,-4.403127,64.936886,-4.442608
65.005463,-4.378321,64.969986,-4.434589
65.005463,-4.378321,65.003107,-4.426646
65.005463,-4.378321,65.036249,-4.418775
65.103195,-4.354074,65.069410,-4.410979
65.103195,-4.354074,65.102592,-4.403256
65.103195,-4.354074,65.135793,-4.395606
65.201057,-4.330382,65.169009,-4.387993
65.201057,-4.330382,65.202213,-4.380287
65.201057,-4.330382,65.235447,-4.372772
65.299034,-4.307245,65.268688,-4.365329
65.299034,-4.307245,65.301943,-4.357983
65.299034,-4.307245,65.335212,-4.350715
65.397125,-4.284660,65.368494,-4.343523
65.397125,-4.284660,65.401786,-4.336408
65.397125,-4.284660,65.435095,-4.329369
65.495331,-4.262626,65.468420,-4.322404
65.495331,-4.262626,65.501760,-4.315514
65.495331,-4.262626,65.535114,-4.308699
65.593643,-4.241141,65.568482,-4.301957
65.593643,-4.241141,65.601865,-4.295291
65.593643,-4.241141,65.635263,-4.288699
65.692070,-4.220202,65.668675,-4.282181
65.692070,-4.220202,65.702102,-4.275736
65.692070,-4.220202,65.735544,-4.269367
65.790604,-4.199809,65.769000,-4.263071
65.790604,-4.199809,65.802472,-4.256850
65.790604,-4.199809,65.835958,-4.250703
65.889236,-4.179959,65.869458,-4.244630
65.889236,-4.179959,65.902972,-4.238639
65.889236,-4.179959,65.936499,-4.232721
65.987976,-4.160650,65.970044,-4.226888
65.987976,-4.160650,66.003604,-4.221136
65.987976,-4.160650,66.037182,-4.215441
66.086815,-4.141880,66.070777,-4.209819
66.086815,-4.141880,66.104389,-4.204272
66.086815,-4.141880,66.138017,-4.198801
66.185753,-4.123648,66.171660,-4.193405
66.185753,-4.123648,66.205322,-4.188119
66.185753,-4.123648,66.239005,-4.183039
66.284782,-4.105951,66.272683,-4.177911
66.284782,-4.105951,66.306368,-4.172879
66.284782,-4.105951,66.340062,-4.167921
66.383911,-4.088789,66.373763,-4.163042
66.383911,-4.088789,66.407473,-4.158242
66.383911,-4.088789,66.441191,-4.153525
66.483124,-4.072158,66.474917,-4.148882
66.483124,-4.072158,66.508650,-4.144314
66.483124,-4.072158,66.542392,-4.139821
66.582436,-4.056057,66.576142,-4.135404
66.582436,-4.056057,66.609903,-4.131062
66.582436,-4.056057,66.643673,-4.126795
66.681824,-4.040485,66.677453,-4.122603
66.681824,-4.040485,66.711244,-4.118481
66.781296,-4.025439,66.745047,-4.114435
66.781296,-4.025439,66.778862,-4.110469
66.781296,-4.025439,66.812690,-4.106581
66.880852,-4.010917,66.846529,-4.102768
66.880852,-4.010917,66.880380,-4.099033
66.880852,-4.010917,66.914229,-4.095354
66.980492,-3.996918,66.948008,-4.091543
66.980492,-3.996918,66.981711,-4.087432
66.980492,-3.996918,67.015375,-4.082858
67.080208,-3.983439,67.049012,-4.077760
67.080208,-3.983439,67.082585,-4.072395
67.080208,-3.983439,67.116110,-4.066837
67.179993,-3.970480,67.149725,-4.061670
67.179993,-3.970480,67.183455,-4.056812
67.179993,-3.970480,67.217257,-4.052249
67.279854,-3.958037,67.251101,-4.047946
67.279854,-3.958037,67.284972,-4.043870
67.279854,-3.958037,67.318856,-4.039990
67.379784,-3.946110,67.352723,-4.036228
67.379784,-3.946110,67.386513,-4.032348
67.379784,-3.946110,67.420235,-4.028170
67.479790,-3.934696,67.453905,-4.023619
67.479790,-3.934696,67.487533,-4.018858
67.479790,-3.934696,67.521164,-4.014141
67.579849,-3.923793,67.554870,-4.009658
67.579849,-3.923793,67.588680,-4.005490
67.579849,-3.923793,67.622549,-4.001581
67.679977,-3.913400,67.656451,-3.997899
67.679977,-3.913400,67.690374,-3.994415
67.679977,-3.913400,67.724309,-3.991106
67.780167,-3.903514,67.758210,-3.987851
67.780167,-3.903514,67.792033,-3.984420
67.780167,-3.903514,67.825801,-3.980643
67.880417,-3.894134,67.859519,-3.976512
67.880417,-3.894134,67.893202,-3.972104
67.880417,-3.894134,67.926860,-3.967478
67.980728,-3.885258,67.960497,-3.962655
67.980728,-3.885258,67.994118,-3.957660
67.980728,-3.885258,68.027739,-3.952679
68.081085,-3.876884,68.061413,-3.947905
68.081085,-3.876884,68.095213,-3.943505
68.081085,-3.876884,68.129110,-3.939463
68.181496,-3.869010,68.163062,-3.935729
68.181496,-3.869010,68.197047,-3.932260
68.181496,-3.869010,68.231054,-3.929079
68.281960,-3.861635,68.265069,-3.926150
68.281960,-3.861635,68.299076,-3.923314
68.281960,-3.861635,68.333012,-3.920465
68.382469,-3.854756,68.366868,-3.917415
68.382469,-3.854756,68.400673,-3.914009
68.382469,-3.854756,68.434439,-3.910285
68.483025,-3.848372,68.468176,-3.906292
68.483025,-3.848372,68.501889,-3.902075
68.483025,-3.848372,68.535581,-3.897668
68.583626,-3.842480,68.569255,-3.893102
68.583626,-3.842480,68.602915,-3.888421
68.684265,-3.837079,68.636587,-3.883847
68.684265,-3.837079,68.670333,-3.879545
68.684265,-3.837079,68.704205,-3.875654
68.784935,-3.832167,68.738154,-3.872119
68.784935,-3.832167,68.772148,-3.868885
68.784935,-3.832167,68.806166,-3.865910
68.885651,-3.827742,68.840200,-3.863161
68.885651,-3.827742,68.874242,-3.860608
68.885651,-3.827742,68.908268,-3.858188
68.986397,-3.823802,68.942217,-3.855677
68.986397,-3.823802,68.976103,-3.852899
68.986397,-3.823802,69.009951,-3.849753
69.087181,-3.820346,69.043772,-3.846310
69.087181,-3.820346,69.077572,-3.842604
69.087181,-3.820346,69.111336,-3.838543
69.187988,-3.817371,69.145080,-3.834351
69.187988,-3.817371,69.178809,-3.830139
69.187988,-3.817371,69.212558,-3.826100
69.288818,-3.814876,69.246392,-3.822385
69.288818,-3.814876,69.280327,-3.819060
69.288818,-3.814876,69.314308,-3.816061
69.389679,-3.812859,69.348278,-3.813253
69.389679,-3.812859,69.382182,-3.810383
69.389679,-3.812859,69.416037,-3.807262
69.490562,-3.811317,69.449856,-3.803844
69.490562,-3.811317,69.483644,-3.800305
69.490562,-3.811317,69.517446,-3.796885
69.591469,-3.810250,69.551329,-3.793761
69.591469,-3.810250,69.585296,-3.790968
69.591469,-3.810250,69.619308,-3.788452
69.692390,-3.809654,69.653426,-3.786304
69.692390,-3.809654,69.687755,-3.784697
69.692390,-3.809654,69.722240,-3.783641
69.793327,-3.809530,69.756777,-3.783045
69.793327,-3.809530,69.791200,-3.782689
69.793327,-3.809530,69.825420,-3.782326
69.894272,-3.809873,69.859460,-3.781757
69.894272,-3.809873,69.893382,-3.780840
69.894272,-3.809873,69.927269,-3.779828
69.995232,-3.810683,69.961180,-3.778874
69.995232,-3.810683,69.995122,-3.777940
69.995232,-3.810683,70.029086,-3.777044
70.096207,-3.811957,70.063075,-3.776188
70.096207,-3.811957,70.097171,-3.775584
70.096207,-3.811957,70.131469,-3.775404
70.197182,-3.813695,70.166030,-3.775811
70.197182,-3.813695,70.200697,-3.776848
70.197182,-3.813695,70.235191,-3.778250
70.298157,-3.815893,70.269445,-3.779576
70.298157,-3.815893,70.303483,-3.780744
70.298157,-3.815893,70.337410,-3.781721
70.399139,-3.818551,70.371292,-3.782564
70.399139,-3.818551,70.405138,-3.783118
70.399139,-3.818551,70.438973,-3.783346
70.500122,-3.821665,70.472813,-3.783340
70.500122,-3.821665,70.506674,-3.783176
70.500122,-3.821665,70.540584,-3.783088
70.601105,-3.825235,70.574543,-3.783141
70.601105,-3.825235,70.608532,-3.783288
70.601105,-3.825235,70.642539,-3.783523
70.702080,-3.829259,70.676555,-3.783848
70.702080,-3.829259,70.710578,-3.784258
70.702080,-3.829259,70.744605,-3.784747
70.803047,-3.833734,70.778668,-3.785372
70.803047,-3.833734,70.812859,-3.786344
70.803047,-3.833734,70.847261,-3.787834
70.904007,-3.838659,70.881861,-3.789968
70.904007,-3.838659,70.916512,-3.792702
70.904007,-3.838659,70.951052,-3.795818
71.004951,-3.844031,70.985326,-3.799048
71.004951,-3.844031,71.019348,-3.802165
71.004951,-3.844031,71.053215,-3.805039
71.105881,-3.849850,71.087008,-3.807625
71.105881,-3.849850,71.120818,-3.809491
71.105881,-3.849850,71.154659,-3.810833
71.206795,-3.856113,71.188521,-3.811846
71.206795,-3.856113,71.222393,-3.812641
71.206795,-3.856113,71.256288,-3.813477
71.307693,-3.862818,71.290219,-3.814531
71.307693,-3.862818,71.324185,-3.815788
71.307693,-3.862818,71.358166,-3.817205
71.408569,-3.869963,71.392203,-3.818902
71.408569,-3.869963,71.426368,-3.821071
71.408569,-3.869963,71.460729,-3.823868
71.509422,-3.877547,71.495204,-3.827342
71.509422,-3.877547,71.529570,-3.831164
71.610252,-3.885568,71.563713,-3.835040
71.610252,-3.885568,71.597655,-3.838753
71.610252,-3.885568,71.631489,-3.842243
71.711052,-3.894023,71.665273,-3.845622
71.711052,-3.894023,71.699037,-3.848753
71.711052,-3.894023,71.732805,-3.851551
71.811821,-3.902912,71.766580,-3.854128
71.811821,-3.902912,71.800374,-3.856546
71.811821,-3.902912,71.834201,-3.859035
71.912560,-3.912231,71.868062,-3.861723
71.912560,-3.912231,71.901950,-3.864514
71.912560,-3.912231,71.935849,-3.867408
72.013268,-3.921980,71.969752,-3.870401
72.013268,-3.921980,72.003655,-3.873483
72.013268,-3.921980,72.037555,-3.876649
72.113937,-3.932156,72.071452,-3.879894
72.113937,-3.932156,72.105344,-3.883218
72.113937,-3.932156,72.139221,-3.886670
72.214561,-3.942757,72.173078,-3.890256
72.214561,-3.942757,72.206936,-3.893807
72.214561,-3.942757,72.240781,-3.897434
72.315147,-3.953782,72.274615,-3.901128
72.315147,-3.953782,72.308440,-3.904884
72.315147,-3.953782,72.342256,-3.908704
72.415695,-3.965229,72.376062,-3.912588
72.415695,-3.965229,72.409859,-3.916534
72.415695,-3.965229,72.443648,-3.920540
72.516190,-3.977096,72.477428,-3.924607
72.516190,-3.977096,72.511200,-3.928732
72.516190,-3.977096,72.544966,-3.932918
72.616638,-3.989380,72.578726,-3.937165
72.616638,-3.989380,72.612480,-3.941473
72.616638,-3.989380,72.646228,-3.945842
72.717033,-4.002081,72.679971,-3.950271
72.717033,-4.002081,72.713708,-3.954759
72.717033,-4.002081,72.747439,-3.959307
72.817383,-4.015196,72.781165,-3.963915
72.817383,-4.015196,72.814885,-3.968583
72.817383,-4.015196,72.848600,-3.973310
72.917671,-4.028723,72.882309,-3.978097
72.917671,-4.028723,72.916013,-3.982944
72.917671,-4.028723,72.949712,-3.987850
73.017906,-4.042661,72.983407,-3.992805
73.017906,-4.042661,73.017113,-3.997725
73.017906,-4.042661,73.050811,-4.002669
73.118080,-4.057007,73.084470,-4.007775
73.118080,-4.057007,73.118116,-4.012924
73.118080,-4.057007,73.151746,-4.018134
73.218193,-4.071760,73.185361,-4.023407
73.218193,-4.071760,73.218964,-4.028744
73.218193,-4.071760,73.252555,-4.034138
73.318237,-4.086918,73.286133,-4.039591
73.318237,-4.086918,73.319698,-4.045104
73.318237,-4.086918,73.353254,-4.050675
73.418221,-4.102479,73.386803,-4.056314
73.418221,-4.102479,73.420390,-4.062212
73.418221,-4.102479,73.454064,-4.068571
73.518135,-4.118442,73.487862,-4.075564
73.518135,-4.118442,73.521665,-4.083165
73.518135,-4.118442,73.555292,-4.090983
73.617973,-4.134804,73.588702,-4.098748
73.617973,-4.134804,73.621956,-4.106272
73.617973,-4.134804,73.655151,-4.113416
73.717743,-4.151563,73.688381,-4.120071
73.717743,-4.151563,73.721689,-4.126239
73.717743,-4.151563,73.755063,-4.132062
73.817436,-4.168717,73.788495,-4.137611
73.817436,-4.168717,73.821973,-4.142967
73.817436,-4.168717,73.855465,-4.148364
73.917053,-4.186265,73.888987,-4.154022
73.917053,-4.186265,73.922571,-4.160119
73.917053,-4.186265,73.956262,-4.166819
74.016586,-4.204206,73.990049,-4.174259
74.016586,-4.204206,74.023843,-4.182390
74.016586,-4.204206,74.057552,-4.191062
74.116043,-4.222536,74.091122,-4.200211
74.116043,-4.222536,74.124422,-4.209854
74.116043,-4.222536,74.157453,-4.219483
74.215408,-4.241254,74.190251,-4.228936
74.215408,-4.241254,74.222924,-4.238073
74.215408,-4.241254,74.255596,-4.246775
74.314690,-4.260359,74.288370,-4.254960
74.314690,-4.260359,74.321263,-4.262688
74.314690,-4.260359,74.354264,-4.270053
74.413879,-4.279848,74.387339,-4.277197
74.413879,-4.279848,74.420450,-4.284379
74.413879,-4.279848,74.453607,-4.291815
74.512985,-4.299719,74.486835,-4.299697
74.512985,-4.299719,74.520164,-4.308194
74.512985,-4.299719,74.553539,-4.317415
74.611992,-4.319971,74.586862,-4.327263
74.611992,-4.319971,74.620053,-4.337628
74.611992,-4.319971,74.653080,-4.348436
74.710899,-4.340601,74.685932,-4.359633
74.710899,-4.340601,74.718619,-4.371171
74.710899,-4.340601,74.751144,-4.383022
74.809708,-4.361609,74.783516,-4.395154
74.809708,-4.361609,74.815669,-4.407357
74.809708,-4.361609,74.847604,-4.419395
74.908424,-4.382991,74.879418,-4.431113
74.908424,-4.382991,74.911230,-4.442403
74.908424,-4.382991,74.943166,-4.453153
75.007034,-4.404747,74.975330,-4.463291
75.007034,-4.404747,75.007611,-4.473347
75.007034,-4.404747,75.039929,-4.483789
75.105530,-4.426879,75.071635,-4.494443
75.105530,-4.426879,75.095983,-4.502506
75.105530,-4.426879,75.113264,-4.507845
75.105530,-4.426879,75.126270,-4.511745
75.203918,-4.449407,75.138404,-4.515224
75.203918,-4.449407,75.158110,-4.521140
75.203918,-4.449407,75.184079,-4.529343
75.203918,-4.449407,75.213409,-4.539070
75.302170,-4.472353,75.244388,-4.549922
75.302170,-4.472353,75.274753,-4.561066
75.302170,-4.472353,75.298060,-4.569680
75.302170,-4.472353,75.316145,-4.576001
75.400284,-4.495741,75.331251,-4.581167
75.400284,-4.495741,75.344961,-4.585704
75.400284,-4.495741,75.358076,-4.589870
75.400284,-4.495741,75.371007,-4.593762
75.400284,-4.495741,75.383977,-4.597405
75.400284,-4.495741,75.399604,-4.601512
75.400284,-4.495741,75.423213,-4.607706
75.498238,-4.519592,75.451635,-4.615266
75.498238,-4.519592,75.482377,-4.623643
75.498238,-4.519592,75.511275,-4.631572
75.596024,-4.543930,75.533063,-4.637367
75.596024,-4.543930,75.550406,-4.641633
75.596024,-4.543930,75.565492,-4.645120
75.596024,-4.543930,75.583362,-4.649067
75.596024,-4.543930,75.608613,-4.654816
75.693634,-4.568777,75.637985,-4.661682
75.693634,-4.568777,75.669260,-4.669355
75.693634,-4.568777,75.701412,-4.677648
75.791054,-4.594155,75.729555,-4.685085
75.791054,-4.594155,75.750311,-4.690550
75.791054,-4.594155,75.766923,-4.694593
75.791054,-4.594155,75.781562,-4.698036
75.791054,-4.594155,75.800956,-4.702507
75.888268,-4.620089,75.827313,-4.708887
75.888268,-4.620089,75.857162,-4.716305
75.888268,-4.620089,75.888494,-4.724531
75.985268,-4.646600,75.914496,-4.731495
75.985268,-4.646600,75.933904,-4.736669
75.985268,-4.646600,75.949810,-4.740966
75.985268,-4.646600,75.964082,-4.744778
75.985268,-4.646600,75.978008,-4.748215
75.985268,-4.646600,75.998531,-4.752957
76.082039,-4.673711,76.025686,-4.758901
76.082039,-4.673711,76.056043,-4.765570
76.082039,-4.673711,76.087874,-4.772702
76.178566,-4.701444,76.120370,-4.780462
76.178566,-4.701444,76.153183,-4.788932
76.178566,-4.701444,76.186164,-4.798210
76.274841,-4.729823,76.218561,-4.808186
76.274841,-4.729823,76.243850,-4.816462
76.274841,-4.729823,76.262585,-4.823015
76.274841,-4.729823,76.277918,-4.828396
76.274841,-4.729823,76.292752,-4.833513
76.370857,-4.758871,76.314752,-4.840871
76.370857,-4.758871,76.342202,-4.850021
76.370857,-4.758871,76.372335,-4.860452
76.466591,-4.788609,76.402256,-4.871239
76.466591,-4.788609,76.424877,-4.879675
76.466591,-4.788609,76.442097,-4.886318
76.466591,-4.788609,76.456676,-4.891901
76.466591,-4.788609,76.470035,-4.896858
76.562042,-4.819060,76.484937,-4.902155
76.562042,-4.819060,76.507746,-4.909894
76.562042,-4.819060,76.535550,-4.919300
76.562042,-4.819060,76.565798,-4.929679
76.657188,-4.850248,76.594492,-4.939907
76.657188,-4.850248,76.615743,-4.947657
76.657188,-4.850248,76.632393,-4.953750
76.657188,-4.850248,76.646750,-4.959018
76.657188,-4.850248,76.660114,-4.963703
76.752014,-4.882195,76.676481,-4.969108
76.752014,-4.882195,76.700734,-4.976820
76.752014,-4.882195,76.729304,-4.985991
76.752014,-4.882195,76.759815,-4.996304
76.846519,-4.914923,76.787321,-5.005747
76.846519,-4.914923,76.807726,-5.012674
76.846519,-4.914923,76.824077,-5.018034
76.846519,-4.914923,76.838507,-5.022450
76.846519,-4.914923,76.856698,-5.027868
76.940689,-4.948455,76.882033,-5.035769
76.940689,-4.948455,76.911070,-5.045131
76.940689,-4.948455,76.941823,-5.055548
77.034508,-4.982815,76.973404,-5.066793
77.034508,-4.982815,77.005393,-5.078859
77.034508,-4.982815,77.037581,-5.091807
77.127960,-5.018024,77.069767,-5.105537
77.127960,-5.018024,77.101690,-5.119808
77.127960,-5.018024,77.127291,-5.131425
77.221039,-5.054106,77.143855,-5.138549
77.221039,-5.054106,77.153629,-5.142345
77.221039,-5.054106,77.159736,-5.144761
77.221039,-5.054106,77.172010,-5.149723
77.221039,-5.054106,77.192654,-5.158627
77.221039,-5.054106,77.218592,-5.170470
77.313736,-5.091083,77.247313,-5.184307
77.313736,-5.091083,77.276762,-5.199064
77.313736,-5.091083,77.299083,-5.210237
77.313736,-5.091083,77.313084,-5.216899
77.406029,-5.128977,77.321292,-5.220408
77.406029,-5.128977,77.326377,-5.222520
77.406029,-5.128977,77.331105,-5.224466
77.406029,-5.128977,77.343954,-5.229981
77.406029,-5.128977,77.365068,-5.239451
77.406029,-5.128977,77.389727,-5.250879
77.497910,-5.167812,77.407156,-5.258875
77.497910,-5.167812,77.417864,-5.263414
77.497910,-5.167812,77.424361,-5.266044
77.497910,-5.167812,77.428800,-5.267775
77.497910,-5.167812,77.432331,-5.269092
77.497910,-5.167812,77.437497,-5.270918
77.497910,-5.167812,77.451941,-5.276126
77.497910,-5.167812,77.474590,-5.284486
77.589371,-5.207611,77.501996,-5.294937
77.589371,-5.207611,77.531655,-5.306644
77.589371,-5.207611,77.562366,-5.319239
77.680389,-5.248395,77.593561,-5.332639
77.680389,-5.248395,77.624975,-5.346881
77.680389,-5.248395,77.656436,-5.361969
77.770966,-5.290188,77.687747,-5.377702
77.770966,-5.290188,77.718826,-5.393943
77.770966,-5.290188,77.749653,-5.410603
77.861076,-5.333013,77.780196,-5.427504
77.861076,-5.333013,77.810413,-5.444371
77.861076,-5.333013,77.840403,-5.461001
77.950722,-5.376891,77.870249,-5.477324
77.950722,-5.376891,77.900088,-5.493267
77.950722,-5.376891,77.930101,-5.508714
78.039879,-5.421834,77.960415,-5.523609
78.039879,-5.421834,77.991142,-5.537904
78.039879,-5.421834,78.022364,-5.551542
78.128586,-5.467792,78.053899,-5.564605
78.128586,-5.467792,78.085490,-5.577334
78.128586,-5.467792,78.117028,-5.589964
78.216858,-5.514697,78.148477,-5.602713
78.216858,-5.514697,78.179839,-5.615771
78.216858,-5.514697,78.211116,-5.629319
78.304741,-5.562479,78.242330,-5.643499
78.304741,-5.562479,78.273502,-5.658429
78.392242,-5.611072,78.304631,-5.674166
78.392242,-5.611072,78.335520,-5.690730
78.392242,-5.611072,78.366131,-5.707888
78.479416,-5.660405,78.396431,-5.725541
78.479416,-5.660405,78.426413,-5.743613
78.479416,-5.660405,78.455941,-5.761922
78.566277,-5.710411,78.485080,-5.780177
78.566277,-5.710411,78.514071,-5.798095
78.566277,-5.710411,78.543033,-5.815632
78.652855,-5.761020,78.572118,-5.832718
78.652855,-5.761020,78.601474,-5.849293
78.652855,-5.761020,78.631219,-5.865314
78.739182,-5.812164,78.661458,-5.880727
78.739182,-5.812164,78.692306,-5.895336
78.739182,-5.812164,78.723675,-5.909047
78.825294,-5.863775,78.755234,-5.922449
78.825294,-5.863775,78.786996,-5.935398
78.825294,-5.863775,78.818907,-5.947965
78.911217,-5.915783,78.850910,-5.960216
78.911217,-5.915783,78.882827,-5.972330
78.911217,-5.915783,78.914575,-5.984504
78.996971,-5.968121,78.946139,-5.996921
78.996971,-5.968121,78.977531,-6.009743
78.996971,-5.968121,79.008773,-6.023123
79.082603,-6.020720,79.039886,-6.037196
79.082603,-6.020720,79.070858,-6.052065
79.082603,-6.020720,79.101640,-6.067684
79.168129,-6.073511,79.132191,-6.083882
79.168129,-6.073511,79.162495,-6.100557
79.168129,-6.073511,79.192556,-6.117628
79.253586,-6.126425,79.222389,-6.135039
79.253586,-6.126425,79.251997,-6.152659
79.253586,-6.126425,79.281421,-6.170189
79.339005,-6.179395,79.310763,-6.187465
79.339005,-6.179395,79.340154,-6.204386
79.339005,-6.179395,79.369678,-6.220956
79.424408,-6.232350,79.399436,-6.237165
79.424408,-6.232350,79.429646,-6.252797
79.424408,-6.232350,79.460344,-6.267819
79.509827,-6.285224,79.491335,-6.282321
79.509827,-6.285224,79.522364,-6.296519
79.595299,-6.337946,79.553344,-6.310580
79.595299,-6.337946,79.584261,-6.324651
79.595299,-6.337946,79.615006,-6.339148
79.680847,-6.390450,79.645623,-6.354152
79.680847,-6.390450,79.676116,-6.369824
79.680847,-6.390450,79.706494,-6.386297
79.766510,-6.442666,79.736751,-6.403710
79.766510,-6.442666,79.766752,-6.422063
79.766510,-6.442666,79.796421,-6.441141
79.852303,-6.494524,79.825642,-6.460872
79.852303,-6.494524,79.854378,-6.481166
79.852303,-6.494524,79.882751,-6.501527
79.938263,-6.545958,79.910721,-6.521778
79.938263,-6.545958,79.938482,-6.541847
79.938263,-6.545958,79.966108,-6.561857
80.024422,-6.596898,79.993666,-6.581880
80.024422,-6.596898,80.021196,-6.602175
80.024422,-6.596898,80.048626,-6.622827
80.110809,-6.647276,80.075935,-6.643734
80.110809,-6.647276,80.103103,-6.664857
80.110809,-6.647276,80.130115,-6.686178
80.197449,-6.697022,80.156976,-6.707677
80.197449,-6.697022,80.183685,-6.729349
80.197449,-6.697022,80.209404,-6.750437
80.284378,-6.746070,80.228424,-6.766209
80.284378,-6.746070,80.241581,-6.777180
80.284378,-6.746070,80.251556,-6.785350
80.284378,-6.746070,80.260070,-6.792149
80.284378,-6.746070,80.268608,-6.798631
80.284378,-6.746070,80.279513,-6.806456
80.284378,-6.746070,80.292034,-6.814946
80.371620,-6.794349,80.305592,-6.823620
80.371620,-6.794349,80.319906,-6.832237
80.371620,-6.794349,80.334849,-6.840668
80.371620,-6.794349,80.350367,-6.848732
80.371620,-6.794349,80.366352,-6.856185
80.371620,-6.794349,80.382519,-6.863386
80.459213,-6.841792,80.398795,-6.870314
80.459213,-6.841792,80.415145,-6.876972
80.459213,-6.841792,80.431547,-6.883386
80.459213,-6.841792,80.447986,-6.889583
80.459213,-6.841792,80.466798,-6.896515
80.547180,-6.888329,80.490950,-6.905416
80.547180,-6.888329,80.517917,-6.915219
80.547180,-6.888329,80.546238,-6.925378
80.547180,-6.888329,80.575925,-6.935899
80.635551,-6.933892,80.606930,-6.946956
80.635551,-6.933892,80.638343,-6.958396
80.635551,-6.933892,80.669772,-6.970253
80.724365,-6.978413,80.701069,-6.982542
80.724365,-6.978413,80.732176,-6.995385
80.724365,-6.978413,80.763086,-7.008886
80.813637,-7.021823,80.793798,-7.023116
80.813637,-7.021823,80.824281,-7.037989
80.813637,-7.021823,80.850252,-7.050981
80.903404,-7.064054,80.870658,-7.061064
80.903404,-7.064054,80.888112,-7.069607
80.903404,-7.064054,80.904309,-7.077398
80.903404,-7.064054,80.924341,-7.086859
80.993698,-7.105037,80.948676,-7.098064
80.993698,-7.105037,80.975425,-7.109831
80.993698,-7.105037,81.003656,-7.121476
80.993698,-7.105037,81.032716,-7.132767
81.084526,-7.144745,81.062211,-7.143625
81.084526,-7.144745,81.091947,-7.154046
81.084526,-7.144745,81.121824,-7.164054
81.175873,-7.183200,81.151893,-7.173723
81.175873,-7.183200,81.183172,-7.183547
81.175873,-7.183200,81.215118,-7.193594
81.267738,-7.220430,81.247193,-7.203879
81.267738,-7.220430,81.279179,-7.214494
81.267738,-7.220430,81.311001,-7.225551
81.360092,-7.256461,81.342649,-7.237169
81.360092,-7.256461,81.374141,-7.249453
81.360092,-7.256461,81.405484,-7.262512
81.452927,-7.291319,81.436658,-7.276341
81.452927,-7.291319,81.467709,-7.291006
81.452927,-7.291319,81.498622,-7.306602
81.546234,-7.325031,81.529263,-7.322937
81.546234,-7.325031,81.559440,-7.339746
81.639992,-7.357624,81.589247,-7.356686
81.639992,-7.357624,81.618980,-7.373336
81.639992,-7.357624,81.648701,-7.389710
81.734184,-7.389123,81.678573,-7.405699
81.734184,-7.389123,81.706561,-7.420121
81.734184,-7.389123,81.726029,-7.430085
81.734184,-7.389123,81.738636,-7.436368
81.734184,-7.389123,81.747589,-7.440615
81.734184,-7.389123,81.757879,-7.445171
81.828812,-7.419557,81.776498,-7.452537
81.828812,-7.419557,81.800905,-7.461307
81.828812,-7.419557,81.828308,-7.470455
81.828812,-7.419557,81.857214,-7.479556
81.923843,-7.448951,81.886871,-7.488451
81.923843,-7.448951,81.916903,-7.497079
81.923843,-7.448951,81.947126,-7.505395
82.019272,-7.477331,81.977457,-7.513307
82.019272,-7.477331,82.008605,-7.521206
82.019272,-7.477331,82.040782,-7.529433
82.115089,-7.504725,82.073253,-7.537919
82.115089,-7.504725,82.105706,-7.546736
82.115089,-7.504725,82.138031,-7.555994
82.211273,-7.531159,82.170208,-7.565800
82.211273,-7.531159,82.202242,-7.576190
82.211273,-7.531159,82.234160,-7.587048
82.307808,-7.556659,82.264937,-7.597787
82.307808,-7.556659,82.294640,-7.608117
82.307808,-7.556659,82.323963,-7.618108
82.404694,-7.581252,82.353301,-7.627749
82.404694,-7.581252,82.382907,-7.636966
82.404694,-7.581252,82.412950,-7.645666
82.501900,-7.604965,82.443343,-7.653789
82.501900,-7.604965,82.473914,-7.661389
82.501900,-7.604965,82.504642,-7.668533
82.501900,-7.604965,82.536556,-7.675677
82.599419,-7.627824,82.569215,-7.682963
82.599419,-7.627824,82.602052,-7.690438
82.599419,-7.627824,82.634842,-7.698208
82.697243,-7.649856,82.667513,-7.706400
82.697243,-7.649856,82.700062,-7.715127
82.795349,-7.671087,82.732511,-7.724366
82.795349,-7.671087,82.764884,-7.734009
82.795349,-7.671087,82.797197,-7.743980
82.893730,-7.691544,82.829517,-7.754041
82.893730,-7.691544,82.861949,-7.763992
82.893730,-7.691544,82.894603,-7.773671
82.992363,-7.711254,82.927592,-7.782934
82.992363,-7.711254,82.961038,-7.791632
82.992363,-7.711254,82.994992,-7.799647
83.091248,-7.730242,83.029252,-7.806969
83.091248,-7.730242,83.063655,-7.813686
83.091248,-7.730242,83.098069,-7.819869
83.190353,-7.748536,83.132225,-7.825756
83.190353,-7.748536,83.166039,-7.831567
83.190353,-7.748536,83.199535,-7.837510
83.289680,-7.766161,83.232771,-7.843755
83.289680,-7.766161,83.265820,-7.850459
83.289680,-7.766161,83.298740,-7.857718
83.389206,-7.783146,83.331572,-7.865450
83.389206,-7.783146,83.364348,-7.873572
83.389206,-7.783146,83.397076,-7.882057
83.488922,-7.799516,83.429798,-7.890793
83.488922,-7.799516,83.462702,-7.899207
83.488922,-7.799516,83.495874,-7.907226
83.588814,-7.815298,83.529416,-7.914727
83.588814,-7.815298,83.563424,-7.921589
83.588814,-7.815298,83.597855,-7.927737
83.688858,-7.830518,83.632489,-7.933245
83.688858,-7.830518,83.662801,-7.937605
83.688858,-7.830518,83.685337,-7.940783
83.688858,-7.830518,83.703232,-7.943101
83.688858,-7.830518,83.718878,-7.944918
83.789055,-7.845202,83.738842,-7.946979
83.789055,-7.845202,83.766088,-7.949217
83.789055,-7.845202,83.796871,-7.951577
83.889381,-7.859379,83.829198,-7.954130
83.889381,-7.859379,83.862056,-7.957139
83.889381,-7.859379,83.889086,-7.959712
83.889381,-7.859379,83.909025,-7.961401
83.889381,-7.859379,83.925353,-7.962661
83.989822,-7.873074,83.940332,-7.963646
83.989822,-7.873074,83.961564,-7.965023
83.989822,-7.873074,83.989436,-7.966969
83.989822,-7.873074,84.020479,-7.969424
84.090370,-7.886312,84.052490,-7.972255
84.090370,-7.886312,84.077955,-7.974481
84.090370,-7.886312,84.097101,-7.975894
84.090370,-7.886312,84.113172,-7.976919
84.090370,-7.886312,84.127916,-7.977667
84.191010,-7.899122,84.142935,-7.978172
84.191010,-7.899122,84.165435,-7.978853
84.191010,-7.899122,84.194104,-7.979812
84.191010,-7.899122,84.225687,-7.980972
84.291725,-7.911530,84.258509,-7.982402
84.291725,-7.911530,84.291825,-7.984207
84.291725,-7.911530,84.325319,-7.986483
84.392502,-7.923563,84.358877,-7.989323
84.392502,-7.923563,84.392450,-7.992711
84.392502,-7.923563,84.426020,-7.996542
84.493324,-7.935246,84.459588,-8.000738
84.493324,-7.935246,84.493153,-8.005238
84.493324,-7.935246,84.526710,-8.009990
84.594185,-7.946606,84.560262,-8.014919
84.594185,-7.946606,84.593851,-8.019790
84.594185,-7.946606,84.627550,-8.024415
84.695061,-7.957670,84.661447,-8.028627
84.695061,-7.957670,84.695630,-8.032277
84.695061,-7.957670,84.730178,-8.035236
84.795952,-7.968465,84.765083,-8.037393
84.795952,-7.968465,84.800127,-8.038812
84.795952,-7.968465,84.835185,-8.039596
84.896828,-7.979017,84.870117,-8.039883
84.896828,-7.979017,84.904726,-8.039948
84.896828,-7.979017,84.938994,-8.040027
84.997681,-7.989353,84.972979,-8.040303
84.997681,-7.989353,85.006776,-8.040940
84.997681,-7.989353,85.040481,-8.042071
85.098503,-7.999498,85.074181,-8.043813
85.098503,-7.999498,85.107931,-8.046257
85.098503,-7.999498,85.141683,-8.049263
85.199272,-8.009478,85.175397,-8.052522
85.199272,-8.009478,85.209096,-8.055965
85.199272,-8.009478,85.242795,-8.059578
85.299995,-8.019297,85.276494,-8.063390
85.299995,-8.019297,85.310254,-8.067037
85.299995,-8.019297,85.344161,-8.070225
85.400665,-8.028956,85.378287,-8.072884
85.400665,-8.028956,85.412477,-8.075142
85.400665,-8.028956,85.446617,-8.077225
85.501289,-8.038459,85.480718,-8.079125
85.501289,-8.038459,85.514803,-8.080854
85.601868,-8.047803,85.548878,-8.082428
85.601868,-8.047803,85.582895,-8.084014
85.601868,-8.047803,85.616836,-8.085824
85.702400,-8.056991,85.650731,-8.087986
85.702400,-8.056991,85.684597,-8.090444
85.702400,-8.056991,85.718449,-8.093141
85.802887,-8.066023,85.752292,-8.096029
85.802887,-8.066023,85.786129,-8.099080
85.802887,-8.066023,85.819963,-8.102262
85.903328,-8.074900,85.853794,-8.105553
85.903328,-8.074900,85.887646,-8.108735
85.903328,-8.074900,85.921575,-8.111639
86.003731,-8.083624,85.955660,-8.114101
86.003731,-8.083624,85.989933,-8.116000
86.003731,-8.083624,86.024175,-8.117492
86.104095,-8.092195,86.058293,-8.119012
86.104095,-8.092195,86.092297,-8.120671
86.104095,-8.092195,86.126232,-8.122639
86.204407,-8.100614,86.160130,-8.124859
86.204407,-8.100614,86.194006,-8.127286
86.204407,-8.100614,86.227866,-8.129900
86.304688,-8.108882,86.261716,-8.132666
86.304688,-8.108882,86.295556,-8.135562
86.304688,-8.108882,86.329388,-8.138567
86.404930,-8.117000,86.363214,-8.141661
86.404930,-8.117000,86.397032,-8.144830
86.404930,-8.117000,86.430852,-8.148019
86.505135,-8.124969,86.464714,-8.151007
86.505135,-8.124969,86.498684,-8.153621
86.505135,-8.124969,86.532837,-8.155718
86.605301,-8.132790,86.567113,-8.157281
86.605301,-8.132790,86.601304,-8.158603
86.605301,-8.132790,86.635369,-8.159916
86.705429,-8.140463,86.669336,-8.161425
86.705429,-8.140463,86.703251,-8.163238
86.705429,-8.140463,86.737139,-8.165298
86.805527,-8.147989,86.771014,-8.167558
86.805527,-8.147989,86.804880,-8.169986
86.805527,-8.147989,86.838741,-8.172559
86.905594,-8.155371,86.872598,-8.175260
86.905594,-8.155371,86.906465,-8.177946
86.905594,-8.155371,86.940383,-8.180411
87.005623,-8.162608,86.974421,-8.182485
87.005623,-8.162608,87.008499,-8.184247
87.005623,-8.162608,87.042523,-8.185959
87.105621,-8.169702,87.076496,-8.187839
87.105621,-8.169702,87.110439,-8.189933
87.105621,-8.169702,87.144366,-8.192203
87.205597,-8.176652,87.178283,-8.194617
87.205597,-8.176652,87.212195,-8.197154
87.205597,-8.176652,87.246103,-8.199798
87.305534,-8.183460,87.280000,-8.202600
87.305534,-8.183460,87.313899,-8.205334
87.305534,-8.183460,87.347859,-8.207712
87.405449,-8.190128,87.381948,-8.209652
87.405449,-8.190128,87.416226,-8.211015
87.405449,-8.190128,87.450496,-8.212032
87.505333,-8.196656,87.484648,-8.212967
87.505333,-8.196656,87.518689,-8.214027
87.505333,-8.196656,87.552666,-8.215386
87.605194,-8.203045,87.586609,-8.217001
87.605194,-8.203045,87.620534,-8.218831
87.705032,-8.209296,87.654452,-8.220833
87.705032,-8.209296,87.688365,-8.222981
87.705032,-8.209296,87.722276,-8.225248
87.804840,-8.215409,87.756187,-8.227614
87.804840,-8.215409,87.790097,-8.230064
87.804840,-8.215409,87.824008,-8.232571
87.904625,-8.221387,87.857942,-8.234907
87.904625,-8.221387,87.891960,-8.236907
87.904625,-8.221387,87.926132,-8.238418
88.004395,-8.227228,87.960537,-8.239302
88.004395,-8.227228,87.995134,-8.239485
88.004395,-8.227228,88.029620,-8.239192
88.104141,-8.232936,88.063906,-8.238874
88.104141,-8.232936,88.098004,-8.238637
88.104141,-8.232936,88.131987,-8.238673
88.203865,-8.238510,88.165938,-8.239128
88.203865,-8.238510,88.199925,-8.240150
88.203865,-8.238510,88.233952,-8.241724
88.303574,-8.243951,88.267983,-8.243746
88.303574,-8.243951,88.301979,-8.246082
88.303574,-8.243951,88.335908,-8.248464
88.403259,-8.249261,88.369812,-8.250687
88.403259,-8.249261,88.403719,-8.252700
88.403259,-8.249261,88.437666,-8.254480
88.502937,-8.254439,88.471726,-8.255841
88.502937,-8.254439,88.505973,-8.256636
88.502937,-8.254439,88.540478,-8.256734
88.602592,-8.259488,88.575063,-8.256207
88.602592,-8.259488,88.609475,-8.255373
88.602592,-8.259488,88.643675,-8.254479
88.702232,-8.264408,88.677705,-8.253736
88.702232,-8.264408,88.711638,-8.253218
88.702232,-8.264408,88.745544,-8.252987
88.801865,-8.269199,88.779478,-8.253200
88.801865,-8.269199,88.813503,-8.253993
88.801865,-8.269199,88.847529,-8.255207
88.901482,-8.273865,88.881497,-8.256563
88.901482,-8.273865,88.915441,-8.257820
88.901482,-8.273865,88.949385,-8.258942
89.001091,-8.278403,88.983337,-8.259959
89.001091,-8.278403,89.017298,-8.260889
89.001091,-8.278403,89.051269,-8.261742
89.100685,-8.282816,89.085249,-8.262529
89.100685,-8.282816,89.119238,-8.263259
89.200272,-8.287106,89.153235,-8.263937
89.200272,-8.287106,89.187237,-8.264570
89.200272,-8.287106,89.221243,-8.265173
89.299850,-8.291270,89.255251,-8.265832
89.299850,-8.291270,89.289254,-8.266368
89.299850,-8.291270,89.323254,-8.266863
89.399414,-8.295314,89.357252,-8.267323
89.399414,-8.295314,89.391252,-8.267768
89.399414,-8.295314,89.425254,-8.268395
89.498978,-8.299235,89.459298,-8.269385
89.498978,-8.299235,89.493442,-8.270891
89.498978,-8.299235,89.527744,-8.273052
89.598541,-8.303036,89.562187,-8.275944
89.598541,-8.303036,89.596507,-8.279238
89.598541,-8.303036,89.630622,-8.282666
89.698097,-8.306716,89.664566,-8.286004
89.698097,-8.306716,89.698422,-8.289072
89.698097,-8.306716,89.732267,-8.291755
89.797646,-8.310278,89.766124,-8.294113
89.797646,-8.310278,89.800002,-8.296206
89.797646,-8.310278,89.833904,-8.298077
89.897194,-8.313723,89.867827,-8.299767
89.897194,-8.313723,89.901770,-8.301301
89.897194,-8.313723,89.935730,-8.302706
89.996750,-8.317049,89.969705,-8.304002
89.996750,-8.317049,90.003692,-8.305191
89.996750,-8.317049,90.037687,-8.306185
90.096298,-8.320260,90.071679,-8.307198
90.096298,-8.320260,90.105667,-8.308178
90.096298,-8.320260,90.139654,-8.309112
90.195847,-8.323356,90.173638,-8.309990
90.195847,-8.323356,90.207619,-8.310828
90.195847,-8.323356,90.241595,-8.311637
90.295395,-8.326337,90.275568,-8.312415
90.295395,-8.326337,90.309538,-8.313164
90.295395,-8.326337,90.343507,-8.313882
90.394951,-8.329206,90.377475,-8.314574
90.394951,-8.329206,90.411444,-8.315238
90.494514,-8.331961,90.445413,-8.315877
90.494514,-8.331961,90.479382,-8.316490
90.494514,-8.331961,90.513351,-8.317079
90.594078,-8.334605,90.547319,-8.317644
90.594078,-8.334605,90.581286,-8.318186
90.594078,-8.334605,90.615254,-8.318704
90.693649,-8.337138,90.649222,-8.319199
90.693649,-8.337138,90.683189,-8.319671
90.693649,-8.337138,90.717157,-8.320122
90.793228,-8.339562,90.751126,-8.320549
90.793228,-8.339562,90.785097,-8.320954
90.793228,-8.339562,90.819070,-8.321337
90.892815,-8.341878,90.853044,-8.321698
90.892815,-8.341878,90.887022,-8.322037
90.892815,-8.341878,90.921004,-8.322353
90.992416,-8.344085,90.954988,-8.322646
90.992416,-8.344085,90.988974,-8.322918
90.992416,-8.344085,91.022960,-8.323167
91.092018,-8.346185,91.056946,-8.323394
91.092018,-8.346185,91.090933,-8.323600
91.092018,-8.346185,91.124921,-8.323783
91.191635,-8.348179,91.158909,-8.323944
91.191635,-8.348179,91.192898,-8.324084
91.191635,-8.348179,91.226887,-8.324201
91.291267,-8.350068,91.260877,-8.324296
91.291267,-8.350068,91.294868,-8.324370
91.291267,-8.350068,91.328859,-8.324421
91.390915,-8.351853,91.362851,-8.324451
91.390915,-8.351853,91.396844,-8.324458
91.390915,-8.351853,91.430838,-8.324444
91.490578,-8.353536,91.464832,-8.324408
91.490578,-8.353536,91.498827,-8.324350
91.490578,-8.353536,91.532822,-8.324270
91.590248,-8.355115,91.566818,-8.324168
91.590248,-8.355115,91.600815,-8.324045
91.590248,-8.355115,91.634812,-8.323899
91.689941,-8.356592,91.668809,-8.323732
91.689941,-8.356592,91.702807,-8.323543
91.689941,-8.356592,91.736806,-8.323406
91.789650,-8.357970,91.770823,-8.323525
91.789650,-8.357970,91.804912,-8.324068
91.789650,-8.357970,91.839133,-8.325175
91.889381,-8.359248,91.873408,-8.326792
91.889381,-8.359248,91.907577,-8.328627
91.989128,-8.360427,91.941628,-8.330497
91.989128,-8.360427,91.975626,-8.332101
91.989128,-8.360427,92.009610,-8.333419
92.088898,-8.361509,92.043595,-8.334491
92.088898,-8.361509,92.077587,-8.335277
92.088898,-8.361509,92.111581,-8.335814
92.188690,-8.362496,92.145569,-8.336370
92.188690,-8.362496,92.179554,-8.336794
92.188690,-8.362496,92.213536,-8.337127
92.288498,-8.363393,92.247515,-8.337389
92.288498,-8.363393,92.281493,-8.337590
92.288498,-8.363393,92.315470,-8.337730
92.388329,-8.364201,92.349445,-8.337819
92.388329,-8.364201,92.383421,-8.337862
92.388329,-8.364201,92.417398,-8.337864
92.488174,-8.364923,92.451375,-8.337828
92.488174,-8.364923,92.485351,-8.337758
92.488174,-8.364923,92.519326,-8.337655
92.588036,-8.365563,92.553299,-8.337521
92.588036,-8.365563,92.587271,-8.337360
92.588036,-8.365563,92.621243,-8.337170
92.687912,-8.366125,92.655214,-8.336954
92.687912,-8.366125,92.689184,-8.336714
92.687912,-8.366125,92.723155,-8.336448
92.787811,-8.366611,92.757127,-8.336158
92.787811,-8.366611,92.791100,-8.335843
92.787811,-8.366611,92.825074,-8.335506
92.887726,-8.367024,92.859050,-8.335145
92.887726,-8.367024,92.893029,-8.334762
92.887726,-8.367024,92.927011,-8.334354
92.987648,-8.367368,92.960994,-8.333924
92.987648,-8.367368,92.994978,-8.333471
92.987648,-8.367368,93.028962,-8.332996
93.087593,-8.367645,93.062947,-8.332499
93.087593,-8.367645,93.096931,-8.331979
93.087593,-8.367645,93.130915,-8.331437
93.187546,-8.367859,93.164899,-8.330873
93.187546,-8.367859,93.198883,-8.330287
93.187546,-8.367859,93.232867,-8.329678
93.287514,-8.368011,93.266851,-8.329048
93.287514,-8.368011,93.300838,-8.328457
93.287514,-8.368011,93.334843,-8.328103
93.387489,-8.368108,93.368921,-8.328156
93.387489,-8.368108,93.403135,-8.328765
93.487480,-8.368151,93.437550,-8.330061
93.487480,-8.368151,93.472054,-8.332035
93.487480,-8.368151,93.506401,-8.334333
93.587486,-8.368141,93.540547,-8.336703
93.587486,-8.368141,93.574538,-8.338932
93.587486,-8.368141,93.608458,-8.340849
93.687500,-8.368085,93.642366,-8.342388
93.687500,-8.368085,93.676280,-8.343621
93.687500,-8.368085,93.710207,-8.344603
93.787521,-8.367984,93.744150,-8.345376
93.787521,-8.367984,93.778109,-8.345973
93.787521,-8.367984,93.812081,-8.346426
93.887550,-8.367841,93.846066,-8.346755
93.887550,-8.367841,93.880061,-8.346979
93.887550,-8.367841,93.914065,-8.347114
93.987587,-8.367660,93.948076,-8.347174
93.987587,-8.367660,93.982091,-8.347145
93.987587,-8.367660,94.016103,-8.346950
94.087631,-8.367442,94.050112,-8.346847
94.087631,-8.367442,94.084116,-8.346680
94.087631,-8.367442,94.118118,-8.346478
94.187691,-8.367193,94.152116,-8.346234
94.187691,-8.367193,94.186109,-8.345950
94.187691,-8.367193,94.220096,-8.345639
94.287750,-8.366915,94.254077,-8.345303
94.287750,-8.366915,94.288055,-8.344946
94.287750,-8.366915,94.322029,-8.344561
94.387810,-8.366611,94.356002,-8.344149
94.387810,-8.366611,94.389974,-8.343715
94.387810,-8.366611,94.423946,-8.343256
94.487885,-8.366283,94.457917,-8.342773
94.487885,-8.366283,94.491886,-8.342266
94.487885,-8.366283,94.525855,-8.341737
94.587952,-8.365936,94.559823,-8.341184
94.587952,-8.365936,94.593790,-8.340609
94.587952,-8.365936,94.627756,-8.340034
94.688034,-8.365572,94.661732,-8.339662
94.688034,-8.365572,94.695768,-8.339664
94.688034,-8.365572,94.729926,-8.340183
94.788116,-8.365195,94.764262,-8.341357
94.788116,-8.365195,94.798706,-8.343188
94.788116,-8.365195,94.833027,-8.345338
94.888199,-8.364807,94.867169,-8.347538
94.888199,-8.364807,94.901173,-8.349576
94.888199,-8.364807,94.935113,-8.351320
94.988281,-8.364411,94.969042,-8.352691
94.988281,-8.364411,95.002974,-8.353781
94.988281,-8.364411,95.036916,-8.354640
95.088364,-8.364012,95.070868,-8.355369
95.088364,-8.364012,95.104822,-8.356132
95.188454,-8.363611,95.138786,-8.356908
95.188454,-8.363611,95.172758,-8.357697
95.188454,-8.363611,95.206739,-8.358540
95.288536,-8.363212,95.240730,-8.359150
95.288536,-8.363212,95.274724,-8.359589
95.288536,-8.363212,95.308721,-8.359914
95.388618,-8.362818,95.342721,-8.360142
95.388618,-8.362818,95.376719,-8.360380
95.388618,-8.362818,95.410713,-8.360726
95.488701,-8.362432,95.444705,-8.361151
95.488701,-8.362432,95.478697,-8.361641
95.488701,-8.362432,95.512692,-8.362077
95.588783,-8.362058,95.546693,-8.362381
95.588783,-8.362058,95.580697,-8.362586
95.588783,-8.362058,95.614703,-8.362708
95.688858,-8.361698,95.648706,-8.362885
95.688858,-8.361698,95.682705,-8.363166
95.688858,-8.361698,95.716702,-8.363530
95.788933,-8.361355,95.750698,-8.363963
95.788933,-8.361355,95.784693,-8.364453
95.788933,-8.361355,95.818688,-8.364991
95.889000,-8.361033,95.852682,-8.365572
95.889000,-8.361033,95.886676,-8.366187
95.889000,-8.361033,95.920669,-8.366834
95.989067,-8.360735,95.954661,-8.367507
95.989067,-8.360735,95.988652,-8.368204
95.989067,-8.360735,96.022642,-8.368923
96.089119,-8.360463,96.056631,-8.369661
96.089119,-8.360463,96.090619,-8.370417
96.089119,-8.360463,96.124606,-8.371189
96.189171,-8.360222,96.158591,-8.371975
96.189171,-8.360222,96.192571,-8.372760
96.189171,-8.360222,96.226546,-8.373572
96.289215,-8.360010,96.260516,-8.374395
96.289215,-8.360010,96.294482,-8.375235
96.289215,-8.360010,96.328446,-8.376086
96.389259,-8.359828,96.362407,-8.376950
96.389259,-8.359828,96.396366,-8.377826
96.389259,-8.359828,96.430322,-8.378712
96.489288,-8.359674,96.464280,-8.379610
96.489288,-8.359674,96.498237,-8.380519
96.489288,-8.359674,96.532194,-8.381438
96.589317,-8.359546,96.566150,-8.382369
96.589317,-8.359546,96.600106,-8.383310
96.589317,-8.359546,96.634061,-8.384262
96.689339,-8.359442,96.668015,-8.385223
96.689339,-8.359442,96.701969,-8.386194
96.689339,-8.359442,96.735924,-8.387176
96.789360,-8.359361,96.769879,-8.388168
96.789360,-8.359361,96.803842,-8.389098
96.789360,-8.359361,96.837844,-8.389770
96.889374,-8.359302,96.871948,-8.390015
96.889374,-8.359302,96.906222,-8.389683
96.989380,-8.359262,96.940572,-8.388823
96.989380,-8.359262,96.974809,-8.387744
96.989380,-8.359262,97.008908,-8.386658
97.089386,-8.359241,97.042920,-8.385772
97.089386,-8.359241,97.076918,-8.385247
97.089386,-8.359241,97.110984,-8.385234
97.189384,-8.359237,97.145192,-8.385856
97.189384,-8.359237,97.179591,-8.387228
97.189384,-8.359237,97.214002,-8.389203
97.289383,-8.359248,97.248232,-8.391614
97.289383,-8.359248,97.282286,-8.394025
97.289383,-8.359248,97.316228,-8.396221
97.389374,-8.359274,97.350116,-8.398226
97.389374,-8.359274,97.384010,-8.399949
97.389374,-8.359274,97.417974,-8.401235
97.489365,-8.359311,97.452079,-8.401955
97.489365,-8.359311,97.486399,-8.401981
97.489365,-8.359311,97.520977,-8.401191
97.589355,-8.359360,97.555537,-8.399850
97.589355,-8.359360,97.589900,-8.398251
97.589355,-8.359360,97.624088,-8.396600
97.689346,-8.359418,97.658169,-8.394856
97.689346,-8.359418,97.692156,-8.393212
97.689346,-8.359418,97.726081,-8.391807
97.789330,-8.359484,97.760004,-8.390675
97.789330,-8.359484,97.793992,-8.390110
97.789330,-8.359484,97.827971,-8.389829
97.889313,-8.359556,97.861930,-8.389599
97.889313,-8.359556,97.895897,-8.389235
97.889313,-8.359556,97.929874,-8.388796
97.989296,-8.359632,97.963855,-8.388290
97.989296,-8.359632,97.997832,-8.387924
97.989296,-8.359632,98.031811,-8.387739
