Time(s),Lateral Error(m),Heading Error(deg),Heading angular velocity(deg),speed(m/s),delta(deg),Acc(m/s^2,arc(m)3.159000,0.005269,-12.118431,-0.076013,0.311621,-20.000000,9.000000,0.000000
3.294000,0.029094,-12.052863,-0.763911,0.921427,-20.000000,1.000000,0.100000
3.397000,0.038336,-11.775025,-3.602720,1.015350,-20.000000,0.000000,0.200000
3.530000,0.050253,-11.242629,-6.782067,1.030181,-20.000000,0.000000,0.300000
3.635000,0.075170,-10.187006,-8.863194,1.025939,-20.000000,0.000000,0.400000
3.766000,0.074623,-9.309755,-9.349197,1.019290,-19.000000,0.000000,0.600000
3.873000,0.057441,-8.059373,-9.622092,1.011101,-19.000000,0.000000,0.700000
4.006000,0.054026,-7.138174,-9.671952,1.011001,-19.000000,0.000000,0.800000
4.111000,0.057679,-5.962711,-9.132461,1.010170,-19.000000,0.000000,0.900000
4.242000,0.054457,-5.094522,-8.933152,1.008818,-16.000000,0.000000,1.000000
4.349000,0.043810,-4.044043,-8.429761,1.008339,-15.000000,0.000000,1.200000
4.478000,0.036586,-3.281804,-7.911800,1.005660,-15.000000,0.000000,1.300000
4.587000,0.016309,-2.311367,-7.209374,1.002815,-14.000000,0.000000,1.400000
4.718000,0.011928,-1.673117,-6.684425,1.000768,-9.000000,0.000000,1.500000
4.825000,0.046906,-0.899207,-6.194262,0.997649,-6.000000,0.000000,1.600000
4.953000,0.050159,-0.435923,-5.036327,0.996123,-4.000000,0.000000,1.700000
5.063000,0.029973,-0.067991,-3.444276,0.996096,-2.000000,0.000000,1.900000
5.201000,0.032896,0.078697,-2.121674,0.997286,0.000000,0.000000,2.000000
5.309000,0.038053,0.137526,-0.892214,0.998843,0.000000,0.000000,2.100000
5.441000,0.040252,0.091386,-0.614801,0.999725,0.000000,0.000000,2.200000
5.549000,0.054211,-0.087791,-0.677468,0.999997,-1.000000,0.000000,2.400000
5.681000,0.053280,-0.152898,-0.533526,1.000208,-2.000000,0.000000,2.500000
5.785000,0.037626,-0.168128,-0.979054,1.000240,-2.000000,0.000000,2.600000
5.921000,0.039196,-0.192605,-1.126611,1.000201,-3.000000,0.000000,2.700000
6.068000,0.052653,-0.262464,-1.522355,1.000337,-2.000000,0.000000,2.900000
6.204000,0.045846,-0.213509,-1.553621,1.000197,-3.000000,0.000000,3.000000
6.304000,0.048481,-0.215419,-1.574247,1.000259,-3.000000,0.000000,3.100000
6.436000,0.067018,-0.168430,-1.734963,1.000185,-3.000000,0.000000,3.200000
6.544000,0.070383,-0.167847,-1.725149,1.000285,-4.000000,0.000000,3.300000
6.676000,0.060153,-0.281867,-1.920544,1.000525,-3.000000,0.000000,3.500000
6.780000,0.062201,-0.284244,-1.873685,1.000478,-3.000000,0.000000,3.600000
6.912000,0.067129,-0.223558,-1.654741,1.000552,-4.000000,0.000000,3.700000
7.020000,0.070589,-0.228247,-1.749867,1.000562,-4.000000,0.000000,3.800000
7.151000,0.081504,-0.386251,-1.879499,1.000821,-4.000000,0.000000,4.000000
7.255000,0.083071,-0.392647,-2.122655,1.000703,-4.000000,0.000000,4.100000
7.391000,0.077687,-0.339175,-2.175724,1.000617,-4.000000,0.000000,4.200000
7.499000,0.080733,-0.363310,-2.301512,1.000784,-5.000000,0.000000,4.300000
7.631000,0.092722,-0.314025,-2.411384,1.000817,-5.000000,0.000000,4.400000
7.731000,0.096806,-0.345561,-2.370338,1.000919,-5.000000,0.000000,4.500000
7.860000,0.096238,-0.595135,-2.685047,1.001397,-5.000000,0.000000,4.700000
7.971000,0.099352,-0.641747,-2.732529,1.001205,-6.000000,0.000000,4.800000
8.103000,0.103345,-0.601200,-2.930965,1.001162,-6.000000,0.000000,4.900000
8.207000,0.107756,-0.653978,-2.955242,1.001348,-6.000000,0.000000,5.000000
8.343000,0.120521,-0.983074,-3.423544,1.001994,-7.000000,0.000000,5.200000
8.447000,0.123676,-1.047240,-3.497812,1.001810,-7.000000,0.000000,5.300000
8.578000,0.122540,-0.995490,-3.540326,1.002213,-8.000000,0.000000,5.400000
8.686000,0.127099,-1.064809,-3.639430,1.002013,-8.000000,0.000000,5.500000
8.818000,0.138172,-0.999360,-3.897156,1.002836,-8.000000,0.000000,5.600000
8.922000,0.143698,-1.069678,-3.965184,1.003064,-8.000000,0.000000,5.700000
9.058000,0.146797,-1.507065,-4.056918,1.003130,-9.000000,0.000000,5.900000
9.166000,0.151397,-1.587921,-4.723874,1.002445,-9.000000,0.000000,6.000000
9.302000,0.158181,-1.482540,-4.696442,1.003126,-8.000000,0.000000,6.100000
9.442000,0.169715,-1.765979,-4.467483,1.001933,-8.000000,0.000000,6.300000
9.551000,0.170147,-1.563974,-4.315836,1.001522,-8.000000,0.000000,6.400000
9.681000,0.174617,-1.469931,-3.989958,1.000737,-7.000000,0.000000,6.500000
9.789000,0.182810,-1.239354,-3.731043,1.000108,-6.000000,0.000000,6.600000
9.917000,0.186775,-1.130398,-3.201775,0.999561,-4.000000,0.000000,6.700000
10.027000,0.189955,-1.070959,-2.669444,0.999663,-4.000000,0.000000,6.900000
10.157000,0.192192,-0.914421,-2.298010,0.999686,-3.000000,0.000000,7.000000
10.259000,0.193058,-0.684395,-1.932958,0.999743,-2.000000,0.000000,7.100000
10.401000,0.194777,-0.522734,-1.303486,0.999413,-1.000000,0.000000,7.200000
10.509000,0.200967,-0.329388,-0.677576,0.999573,0.000000,0.000000,7.300000
10.641000,0.201692,-0.184160,-0.232211,0.999726,1.000000,0.000000,7.400000
10.749000,0.197263,0.141219,0.447556,1.000129,2.000000,0.000000,7.600000
10.881000,0.196203,0.308570,1.013252,1.000664,3.000000,0.000000,7.700000
10.985000,0.193927,0.425113,1.622116,1.001123,4.000000,0.000000,7.800000
11.121000,0.191844,0.576775,2.043592,1.001482,5.000000,0.000000,7.900000
11.225000,0.193265,1.079423,2.588116,1.001941,6.000000,0.000000,8.100000
11.358000,0.189692,1.269866,2.895845,1.002564,7.000000,0.000000,8.200000
11.468000,0.179374,1.353014,3.348372,1.002943,8.000000,0.000000,8.300000
11.604000,0.175154,1.413494,3.939773,1.003648,9.000000,0.000000,8.400000
11.712000,0.170641,1.595919,4.547580,1.003605,9.000000,0.000000,8.500000
11.844000,0.166525,2.228126,4.949791,1.003814,10.000000,0.000000,8.700000
11.952000,0.161222,2.337683,5.185237,1.003350,10.000000,0.000000,8.800000
12.084000,0.150260,2.236785,5.109318,1.003823,11.000000,0.000000,8.900000
12.188000,0.144983,2.272355,5.377660,1.004658,11.000000,0.000000,9.000000
12.320000,0.142615,2.077523,5.529172,1.003991,11.000000,0.000000,9.100000
12.424000,0.137745,2.046168,5.607248,1.003517,12.000000,0.000000,9.200000
12.556000,0.125344,2.284989,5.730516,1.003305,12.000000,0.000000,9.400000
12.663000,0.118559,2.174028,5.869392,1.003519,10.000000,0.000000,9.500000
12.795000,0.109525,1.851980,5.880703,1.002702,10.000000,0.000000,9.600000
12.899000,0.103282,1.709382,5.799986,1.002672,10.000000,0.000000,9.700000
13.031000,0.101658,1.764375,5.888559,1.002924,10.000000,0.000000,9.900000
13.143000,0.094087,1.575197,5.723344,1.002478,10.000000,0.000000,10.000000
13.275000,0.075334,1.197176,5.397735,1.001615,9.000000,0.000000,10.100000
13.375000,0.068016,1.008788,5.071271,1.000541,9.000000,0.000000,10.200000
13.507000,0.067754,0.664355,4.836449,0.999856,9.000000,0.000000,10.300000
13.615000,0.062880,0.489813,4.351056,1.000134,6.000000,0.000000,10.400000
13.747000,0.051383,0.464257,3.964334,0.999236,5.000000,0.000000,10.600000
13.851000,0.045714,0.330965,3.416131,0.999004,4.000000,0.000000,10.700000
13.979000,0.031829,0.162640,2.408178,0.998354,3.000000,0.000000,10.800000
14.093000,0.028708,0.137870,1.989030,0.998914,3.000000,0.000000,10.900000
14.226000,0.050074,0.073513,1.593322,0.999355,2.000000,0.000000,11.000000
14.330000,0.049801,0.083737,1.281445,0.999487,2.000000,0.000000,11.100000
14.460000,0.028271,0.179710,1.100379,0.999729,2.000000,0.000000,11.300000
14.566000,0.026975,0.167160,1.060262,0.999826,2.000000,0.000000,11.400000
14.698000,0.019375,0.121156,0.892494,0.999952,1.000000,0.000000,11.500000
14.806000,0.018299,0.100473,0.800723,1.000054,0.000000,0.000000,11.600000
14.938000,0.047616,0.055432,0.588794,1.000133,0.000000,0.000000,11.700000
15.045000,0.046773,0.036631,0.399619,1.000197,0.000000,0.000000,11.800000
15.159000,0.039363,0.016380,0.020175,0.839444,0.000000,3.000000,12.000000
15.289000,0.047457,-0.005598,-0.113128,0.980298,0.000000,0.000000,12.100000
15.399000,0.018466,-0.049250,-0.135296,0.999522,0.000000,0.000000,12.200000
15.529000,0.020391,-0.080483,-0.330836,1.000410,-1.000000,0.000000,12.300000
15.637000,0.019104,-0.077670,-0.446615,1.000294,-1.000000,0.000000,12.400000
15.765000,0.017568,-0.071590,-0.442692,1.000122,0.000000,0.000000,12.500000
15.875000,0.045100,-0.049679,-0.248983,0.999960,0.000000,0.000000,12.600000
16.004000,0.042084,-0.050172,-0.274008,0.999827,0.000000,0.000000,12.700000
16.113000,0.038005,-0.039235,-0.093813,0.999801,0.000000,0.000000,12.900000
16.256000,0.041683,-0.022754,-0.062804,0.999777,0.000000,0.000000,13.000000
16.358000,0.016863,0.001703,-0.041727,0.999767,0.000000,0.000000,13.100000
16.492000,0.019609,0.033935,-0.032702,0.999794,0.000000,0.000000,13.200000
16.596000,0.021078,0.059589,0.230967,0.999986,1.000000,0.000000,13.300000
16.732000,0.017566,0.077220,0.341999,1.000081,1.000000,0.000000,13.400000
16.836000,0.042502,0.072259,0.561798,1.000250,1.000000,0.000000,13.500000
16.971000,0.037656,0.075402,0.629435,1.000319,0.000000,0.000000,13.600000
17.071000,0.043193,0.158704,0.650768,1.000385,1.000000,0.000000,13.800000
17.203000,0.047889,0.190515,0.790014,1.000513,2.000000,0.000000,13.900000
17.312000,0.019582,0.179006,0.931675,1.000608,2.000000,0.000000,14.000000
17.452000,0.012237,0.160818,1.133842,1.000560,2.000000,0.000000,14.100000
17.563000,0.006948,0.173636,1.199240,1.000478,3.000000,0.000000,14.200000
17.699000,0.034573,0.136643,1.314980,1.000350,3.000000,0.000000,14.300000
17.799000,0.029394,0.144517,1.434472,1.000194,2.000000,0.000000,14.400000
17.915000,0.049010,0.270533,1.519192,1.000264,2.000000,0.000000,14.600000
18.047000,0.053437,0.121555,1.409602,1.000029,3.000000,0.000000,14.600000
18.153000,0.026551,0.287091,1.446703,1.000145,3.000000,0.000000,14.800000
18.283000,0.032022,0.321801,1.700222,1.000353,3.000000,0.000000,14.900000
18.391000,0.015068,0.282463,1.820142,1.000637,4.000000,0.000000,15.000000
18.523000,0.018767,0.306069,1.862350,1.000336,4.000000,0.000000,15.100000
18.629000,0.032543,0.256940,2.148502,1.000489,5.000000,0.000000,15.200000
18.763000,0.031968,0.276378,2.028964,1.000827,4.000000,0.000000,15.300000
18.867000,0.057588,0.219466,2.519276,1.000780,5.000000,0.000000,15.400000
18.999000,0.056157,0.242630,2.588520,1.000671,4.000000,0.000000,15.500000
19.105000,0.049328,0.456517,2.843209,1.000846,6.000000,0.000000,15.700000
19.239000,0.054750,0.477002,2.819685,1.001326,5.000000,0.000000,15.800000
19.343000,0.048388,0.414295,2.903267,1.000970,5.000000,0.000000,15.900000
19.478000,0.052860,0.450014,2.980861,1.001074,6.000000,0.000000,16.000000
19.581000,0.063152,0.391247,3.065909,1.001158,6.000000,0.000000,16.100000
19.714000,0.066291,0.432408,3.013847,1.001294,7.000000,0.000000,16.200000
19.819000,0.085378,0.729541,3.186320,1.001445,7.000000,0.000000,16.400000
19.958000,0.089750,0.396548,3.285943,1.001762,6.000000,0.000000,16.400000
20.070000,0.082527,0.707954,3.385384,1.001393,7.000000,0.000000,16.600000
20.206000,0.087698,0.758802,3.591003,1.002040,7.000000,0.000000,16.700000
20.306000,0.092793,0.680310,3.800659,1.001937,7.000000,0.000000,16.800000
20.442000,0.098058,0.726449,3.633168,1.001814,7.000000,0.000000,16.900000
20.542000,0.113692,0.658681,3.812147,1.001233,7.000000,0.000000,17.000000
20.677000,0.118526,0.725761,3.988994,1.001936,8.000000,0.000000,17.100000
20.781000,0.118754,1.146549,4.189498,1.002371,8.000000,0.000000,17.300000
20.917000,0.123911,1.224184,4.332665,1.002321,9.000000,0.000000,17.400000
21.017000,0.130449,1.152378,4.406379,1.002343,8.000000,0.000000,17.500000
21.153000,0.136138,1.236840,4.547285,1.002619,9.000000,0.000000,17.600000
21.253000,0.149732,1.733490,4.759278,1.003283,9.000000,0.000000,17.800000
21.393000,0.150092,1.669754,4.931168,1.003230,10.000000,0.000000,17.900000
21.500000,0.155569,1.765352,4.962177,1.003049,10.000000,0.000000,18.000000
21.640000,0.166216,1.698348,5.066306,1.003460,10.000000,0.000000,18.100000
21.748000,0.172618,1.797796,5.301578,1.003967,11.000000,0.000000,18.200000
21.860000,0.177206,2.373694,5.448990,1.003935,11.000000,0.000000,18.400000
21.992000,0.182028,2.497528,5.472241,1.003793,11.000000,0.000000,18.500000
22.097000,0.190260,2.427506,5.584479,1.004262,12.000000,0.000000,18.600000
22.236000,0.196585,2.544106,5.889648,1.004516,12.000000,0.000000,18.700000
22.348000,0.202545,3.200482,6.050661,1.004537,12.000000,0.000000,18.900000
22.484000,0.208853,3.132817,6.234225,1.004776,12.000000,0.000000,19.000000
22.596000,0.214695,3.270734,6.399482,1.005054,13.000000,0.000000,19.100000
22.709000,0.220936,3.996462,6.608803,1.005334,13.000000,0.000000,19.300000
22.844000,0.224729,4.151855,6.619555,1.005231,13.000000,0.000000,19.400000
22.947000,0.231766,4.084004,6.861913,1.005809,14.000000,0.000000,19.500000
23.079000,0.237307,4.242547,6.991769,1.006220,14.000000,0.000000,19.600000
23.185000,0.239419,5.061592,7.084754,1.006046,14.000000,0.000000,19.800000
23.319000,0.242748,5.238289,7.215539,1.006577,14.000000,0.000000,19.900000
23.423000,0.251240,5.175285,7.416700,1.006891,15.000000,0.000000,20.000000
23.555000,0.252210,6.307439,7.550193,1.007249,15.000000,0.000000,20.200000
23.658000,0.253137,6.246419,7.643754,1.007095,15.000000,0.000000,20.300000
23.791000,0.255879,6.443647,7.693792,1.007438,16.000000,0.000000,20.400000
23.899000,0.257855,7.386003,7.860182,1.007115,16.000000,0.000000,20.600000
24.027000,0.258043,7.597515,8.037197,1.007241,16.000000,0.000000,20.700000
24.137000,0.260977,7.530835,8.197720,1.007335,16.000000,0.000000,20.800000
24.267000,0.262548,8.794778,8.309107,1.007486,16.000000,0.000000,21.000000
24.375000,0.257723,8.734385,8.456102,1.007674,17.000000,0.000000,21.100000
24.503000,0.256987,8.938834,8.484930,1.007812,17.000000,0.000000,21.200000
24.613000,0.257259,9.750595,8.599505,1.008313,16.000000,0.000000,21.400000
24.742000,0.254311,9.767987,8.646541,1.008489,17.000000,0.000000,21.500000
24.851000,0.250854,9.437115,8.510222,1.007994,17.000000,0.000000,21.600000
24.986000,0.249723,9.332467,8.533328,1.008232,17.000000,0.000000,21.700000
25.089000,0.247728,9.549298,8.554829,1.008259,16.000000,0.000000,21.900000
25.218000,0.245552,9.283442,8.521730,1.008424,16.000000,0.000000,22.000000
25.327000,0.243660,8.684444,8.280101,1.007264,16.000000,0.000000,22.100000
25.458000,0.243504,8.324249,8.233744,1.007210,16.000000,0.000000,22.200000
25.565000,0.245084,8.025020,8.268387,1.006420,15.000000,0.000000,22.400000
25.693000,0.245092,7.535362,8.054501,1.005546,15.000000,0.000000,22.500000
25.803000,0.244359,6.757411,7.694331,1.003770,14.000000,0.000000,22.600000
25.933000,0.246160,6.214880,7.532001,1.003013,14.000000,0.000000,22.700000
26.041000,0.252951,5.409290,7.049187,1.001824,12.000000,0.000000,22.800000
26.177000,0.255865,4.845872,6.783448,1.000794,11.000000,0.000000,22.900000
26.285000,0.256809,4.087357,6.031302,0.999021,10.000000,0.000000,23.100000
26.421000,0.260051,3.480331,5.469508,0.999414,8.000000,0.000000,23.200000
26.525000,0.263705,2.738420,4.317884,0.997578,5.000000,0.000000,23.300000
26.658000,0.266131,2.214541,3.586642,0.997830,4.000000,0.000000,23.400000
26.765000,0.272373,1.626508,2.394608,0.998235,2.000000,0.000000,23.500000
26.900000,0.273504,1.186553,1.584420,0.998788,0.000000,0.000000,23.600000
27.000000,0.271568,0.427496,0.356954,0.999693,-2.000000,0.000000,23.800000
27.140000,0.271104,0.044172,-0.373010,1.000076,-3.000000,0.000000,23.900000
27.240000,0.268146,-0.279327,-1.354505,1.001147,-4.000000,0.000000,24.000000
27.380000,0.267741,-0.520970,-2.224544,1.001774,-6.000000,0.000000,24.100000
27.492000,0.264605,-0.801819,-2.843937,1.002436,-7.000000,0.000000,24.200000
27.605000,0.259995,-1.619066,-3.312589,1.002917,-8.000000,0.000000,24.400000
27.744000,0.256697,-1.940071,-3.588842,1.003170,-8.000000,0.000000,24.500000
27.852000,0.249294,-2.081564,-4.499250,1.003128,-9.000000,0.000000,24.600000
27.988000,0.245488,-2.311789,-4.566095,1.003132,-9.000000,0.000000,24.700000
28.088000,0.241768,-2.349556,-4.829792,1.003219,-10.000000,0.000000,24.800000
28.224000,0.237724,-2.511508,-4.935218,1.003041,-10.000000,0.000000,24.900000
28.328000,0.235187,-3.125822,-5.248565,1.003157,-10.000000,0.000000,25.100000
28.458000,0.231491,-3.233471,-5.326521,1.002864,-11.000000,0.000000,25.200000
28.564000,0.222363,-3.141657,-5.432331,1.002838,-10.000000,0.000000,25.300000
28.699000,0.218880,-3.231572,-5.111024,1.004516,-10.000000,0.000000,25.400000
28.803000,0.215354,-3.138833,-5.214170,1.004065,-11.000000,0.000000,25.500000
28.939000,0.211841,-3.191412,-5.496207,1.005320,-11.000000,0.000000,25.600000
29.039000,0.210729,-3.613733,-5.393576,1.005004,-11.000000,0.000000,25.800000
29.171000,0.207105,-3.620992,-5.472861,1.004711,-11.000000,0.000000,25.900000
29.283000,0.197555,-3.435273,-5.606384,1.004722,-12.000000,0.000000,26.000000
29.423000,0.193578,-3.234853,-5.436844,1.004125,-11.000000,0.000000,26.100000
29.527000,0.189830,-3.209960,-5.505614,1.004579,-11.000000,0.000000,26.200000
29.663000,0.188596,-3.509388,-5.582804,1.003869,-11.000000,0.000000,26.400000
29.771000,0.184125,-3.425030,-5.901942,1.004085,-11.000000,0.000000,26.500000
29.883000,0.172953,-3.141647,-5.810089,1.002954,-11.000000,0.000000,26.600000
30.027000,0.168109,-3.042020,-5.823003,1.003709,-11.000000,0.000000,26.700000
30.134000,0.163149,-2.745373,-5.886901,1.002651,-12.000000,0.000000,26.800000
30.270000,0.160158,-2.908754,-5.801667,1.002659,-12.000000,0.000000,27.000000
30.378000,0.154852,-2.780853,-5.846813,1.003183,-12.000000,0.000000,27.100000
30.518000,0.141911,-2.458430,-5.751341,1.002806,-11.000000,0.000000,27.200000
30.622000,0.136521,-2.342468,-5.528370,1.004234,-10.000000,0.000000,27.300000
30.733000,0.132291,-2.063530,-5.065747,1.003087,-10.000000,0.000000,27.400000
30.870000,0.126977,-1.942793,-5.445116,1.004266,-10.000000,0.000000,27.500000
30.978000,0.122312,-2.038658,-5.269554,1.003309,-10.000000,0.000000,27.700000
31.114000,0.116350,-1.894252,-5.125471,1.002708,-10.000000,0.000000,27.800000
31.218000,0.102238,-1.597792,-4.956759,1.002165,-10.000000,0.000000,27.900000
31.350000,0.096354,-1.478067,-4.782088,1.002338,-10.000000,0.000000,28.000000
31.453000,0.093881,-1.189314,-4.796827,1.002671,-9.000000,0.000000,28.100000
31.585000,0.088273,-1.056893,-4.862229,1.001579,-10.000000,0.000000,28.200000
31.693000,0.080258,-1.082800,-4.760827,1.001129,-8.000000,0.000000,28.400000
31.833000,0.074139,-0.951845,-4.794309,1.000834,-7.000000,0.000000,28.500000
31.933000,0.058038,-0.681017,-4.346696,1.000234,-7.000000,0.000000,28.600000
32.065000,0.051925,-0.584805,-4.136003,0.999773,-8.000000,0.000000,28.700000
32.169000,0.057920,-0.378170,-3.914337,0.999762,-7.000000,0.000000,28.800000
32.305000,0.054559,-0.333073,-3.593805,0.999823,-6.000000,0.000000,28.900000
32.409000,0.041676,-0.527186,-3.419614,1.000915,-6.000000,0.000000,29.100000
32.549000,0.026515,-0.410668,-3.032531,1.000365,-6.000000,0.000000,29.200000
32.657000,0.022679,-0.419501,-3.031026,1.000474,-6.000000,0.000000,29.300000
32.773000,0.046885,-0.327483,-2.930273,1.001118,-5.000000,0.000000,29.400000
32.913000,0.046983,-0.335573,-3.117857,1.001517,-5.000000,0.000000,29.500000
33.020000,0.019763,-0.536665,-2.998798,1.001838,-6.000000,0.000000,29.700000
33.157000,0.016287,-0.422257,-3.125004,1.001457,-7.000000,0.000000,29.800000
33.272000,0.018895,-0.414861,-3.177253,1.001326,-7.000000,0.000000,29.900000
33.385000,0.049280,-0.594394,-3.104973,1.001694,-5.000000,0.000000,30.100000
33.524000,0.049321,-0.583547,-3.114758,1.001238,-5.000000,0.000000,30.200000
33.636000,0.026389,-0.466409,-2.875315,1.001570,-6.000000,0.000000,30.300000
33.772000,0.030165,-0.460617,-2.835293,1.000833,-6.000000,0.000000,30.400000
33.872000,0.043867,-0.363987,-2.854395,1.000669,-6.000000,0.000000,30.500000
34.012000,0.055771,-0.558084,-3.062978,1.000648,-5.000000,0.000000,30.700000
34.116000,0.058025,-0.558249,-3.086765,1.001042,-5.000000,0.000000,30.800000
34.252000,0.051035,-0.449725,-3.072977,1.001081,-6.000000,0.000000,30.900000
34.359000,0.055516,-0.441394,-2.948325,1.000904,-5.000000,0.000000,31.000000
34.473000,0.071411,-0.332845,-3.003321,1.001144,-6.000000,0.000000,31.100000
34.607000,0.076019,-0.329140,-2.846934,1.000696,-6.000000,0.000000,31.200000
34.711000,0.076402,-0.518450,-2.860733,1.000881,-5.000000,0.000000,31.400000
34.847000,0.079872,-0.515414,-2.815394,1.001235,-6.000000,0.000000,31.500000
34.955000,0.082147,-0.420095,-2.636157,1.001041,-5.000000,0.000000,31.600000
35.087000,0.086478,-0.422108,-2.555227,1.001234,-5.000000,0.000000,31.700000
35.195000,0.102755,-0.350522,-2.369475,1.000769,-5.000000,0.000000,31.800000
35.327000,0.106760,-0.375639,-2.568303,1.001165,-5.000000,0.000000,31.900000
35.431000,0.100200,-0.583627,-2.810773,1.000678,-5.000000,0.000000,32.100000
35.567000,0.103626,-0.594292,-2.727422,1.000783,-5.000000,0.000000,32.200000
35.671000,0.110164,-0.517111,-2.753456,1.000656,-5.000000,0.000000,32.300000
35.811000,0.114017,-0.530378,-2.492668,1.001199,-5.000000,0.000000,32.400000
35.954000,0.117276,-0.637356,-2.587053,1.000728,-5.000000,0.000000,32.600000
36.090000,0.125413,-0.563207,-2.521467,1.000501,-5.000000,0.000000,32.700000
36.194000,0.129115,-0.574672,-2.565525,1.000614,-5.000000,0.000000,32.800000
36.330000,0.133582,-0.769179,-2.613255,1.000877,-5.000000,0.000000,33.000000
36.430000,0.136417,-0.775929,-2.584253,1.000783,-5.000000,0.000000,33.100000
36.570000,0.137428,-0.691240,-2.529666,1.000819,-5.000000,0.000000,33.200000
36.714000,0.147359,-0.616106,-2.409989,1.000806,-5.000000,0.000000,33.300000
36.819000,0.147749,-0.803440,-2.438596,1.001048,-5.000000,0.000000,33.500000
36.954000,0.150522,-0.812731,-2.444612,1.001144,-5.000000,0.000000,33.600000
37.057000,0.153791,-0.726100,-2.756106,1.000993,-5.000000,0.000000,33.700000
37.186000,0.157139,-0.725471,-2.756012,1.001022,-5.000000,0.000000,33.800000
37.295000,0.167811,-0.901294,-2.652104,1.000693,-5.000000,0.000000,34.000000
37.433000,0.170188,-0.906614,-2.607262,1.000612,-5.000000,0.000000,34.100000
37.541000,0.167924,-0.823173,-2.724651,1.000677,-5.000000,0.000000,34.200000
37.673000,0.170599,-0.836500,-2.410754,1.000948,-5.000000,0.000000,34.300000
37.777000,0.176132,-0.760473,-2.405676,1.000683,-5.000000,0.000000,34.400000
37.909000,0.179193,-0.766527,-2.416061,1.000566,-5.000000,0.000000,34.500000
38.017000,0.184358,-0.944693,-2.403963,1.000465,-4.000000,0.000000,34.700000
38.157000,0.186649,-0.953907,-2.460341,1.000572,-4.000000,0.000000,34.800000
38.301000,0.190986,-0.798208,-2.474598,1.000619,-5.000000,0.000000,34.900000
38.433000,0.193671,-0.968497,-2.357868,1.000651,-4.000000,0.000000,35.100000
38.545000,0.196008,-0.971972,-2.416024,1.000827,-4.000000,0.000000,35.200000
38.655000,0.197606,-0.892437,-2.265952,1.000852,-5.000000,0.000000,35.300000
38.789000,0.200316,-0.891774,-2.261469,1.000898,-5.000000,0.000000,35.400000
38.893000,0.208462,-0.815740,-2.223111,1.000991,-4.000000,0.000000,35.500000
39.028000,0.211400,-0.813414,-2.508709,1.000919,-4.000000,0.000000,35.600000
39.131000,0.210080,-0.980964,-2.395423,1.000777,-4.000000,0.000000,35.800000
39.268000,0.212387,-0.983029,-2.383167,1.000806,-4.000000,0.000000,35.900000
39.380000,0.215960,-0.906670,-2.512628,1.000620,-5.000000,0.000000,36.000000
39.516000,0.222750,-1.067253,-2.511218,1.000412,-4.000000,0.000000,36.200000
39.628000,0.224729,-1.068071,-2.526644,1.000332,-4.000000,0.000000,36.300000
39.743000,0.223606,-1.003361,-2.295524,1.000591,-4.000000,0.000000,36.400000
39.872000,0.225803,-1.007601,-2.289253,1.000469,-4.000000,0.000000,36.500000
39.981000,0.230770,-0.934093,-2.312723,1.000650,-4.000000,0.000000,36.600000
40.112000,0.233240,-0.934179,-2.351644,1.000590,-4.000000,0.000000,36.700000
40.219000,0.236135,-1.090927,-2.255658,1.000493,-4.000000,0.000000,36.900000
40.340000,0.238068,-1.091330,-2.271650,1.000406,-4.000000,0.000000,37.000000
40.473000,0.239039,-1.014644,-2.219246,1.000587,-4.000000,0.000000,37.100000
40.577000,0.241263,-1.012627,-2.224499,1.000714,-4.000000,0.000000,37.200000
40.717000,0.247784,-0.936532,-2.157651,1.000820,-4.000000,0.000000,37.300000
40.864000,0.247793,-1.082607,-2.308546,1.000913,-4.000000,0.000000,37.500000
40.967000,0.250127,-1.003991,-2.348951,1.000867,-4.000000,0.000000,37.600000
41.104000,0.252356,-1.000793,-2.315560,1.000776,-4.000000,0.000000,37.700000
41.216000,0.258944,-1.150500,-2.308483,1.000670,-4.000000,0.000000,37.900000
41.348000,0.260612,-1.147455,-2.294106,1.000725,-4.000000,0.000000,38.000000
41.452000,0.259417,-1.072364,-2.308496,1.000412,-4.000000,0.000000,38.100000
41.588000,0.261246,-1.076438,-2.233631,1.000433,-4.000000,0.000000,38.200000
41.688000,0.265095,-1.013114,-2.144823,1.000503,-4.000000,0.000000,38.300000
41.820000,0.267174,-1.015457,-2.132032,1.000535,-4.000000,0.000000,38.400000
41.928000,0.269980,-1.162221,-2.199147,1.000482,-4.000000,0.000000,38.600000
42.059000,0.271626,-1.167289,-2.212114,1.000558,-4.000000,0.000000,38.700000
42.159000,0.272493,-1.104634,-2.323996,1.000675,-4.000000,0.000000,38.800000
42.299000,0.274595,-1.125771,-2.358860,1.000619,-5.000000,0.000000,38.900000
42.407000,0.280777,-1.072853,-2.441891,1.000756,-5.000000,0.000000,39.000000
42.551000,0.280875,-1.319920,-2.524286,1.001050,-5.000000,0.000000,39.200000
42.655000,0.282947,-1.369851,-2.535406,1.001189,-5.000000,0.000000,39.300000
42.769000,0.286399,-1.330031,-2.825376,1.001233,-6.000000,0.000000,39.400000
42.899000,0.289216,-1.377124,-2.964814,1.001406,-6.000000,0.000000,39.500000
43.007000,0.293963,-1.702381,-3.113341,1.001679,-6.000000,0.000000,39.700000
43.143000,0.296116,-1.773415,-3.193583,1.001659,-6.000000,0.000000,39.800000
43.251000,0.297772,-1.737973,-3.391736,1.001642,-7.000000,0.000000,39.900000
43.383000,0.300570,-1.812972,-3.523304,1.001570,-7.000000,0.000000,40.000000
43.490000,0.307806,-1.769237,-3.782536,1.001526,-7.000000,0.000000,40.100000
43.630000,0.310446,-2.310774,-3.705413,1.001893,-8.000000,0.000000,40.300000
43.734000,0.310267,-2.298545,-3.729605,1.002434,-8.000000,0.000000,40.400000
43.874000,0.315256,-2.268080,-3.953666,1.002527,-8.000000,0.000000,40.500000
43.986000,0.318417,-2.368030,-4.096666,1.002718,-9.000000,0.000000,40.600000
44.095000,0.320512,-2.863674,-4.281236,1.003093,-9.000000,0.000000,40.800000
44.238000,0.322763,-2.977611,-4.333670,1.003114,-9.000000,0.000000,40.900000
44.342000,0.326621,-2.941377,-4.533844,1.003413,-10.000000,0.000000,41.000000
44.474000,0.329613,-3.053709,-4.661878,1.003456,-10.000000,0.000000,41.100000
44.578000,0.332566,-3.617003,-4.736675,1.003817,-10.000000,0.000000,41.300000
44.714000,0.334672,-3.732281,-5.486065,1.003396,-10.000000,0.000000,41.400000
44.817000,0.338110,-3.667596,-5.300388,1.003988,-11.000000,0.000000,41.500000
44.953000,0.340954,-3.785744,-5.303953,1.003906,-11.000000,0.000000,41.600000
45.057000,0.344010,-4.387320,-5.331878,1.003798,-11.000000,0.000000,41.800000
45.189000,0.345421,-4.456606,-5.438187,1.003856,-11.000000,0.000000,41.900000
45.293000,0.347299,-4.305461,-5.418589,1.003192,-11.000000,0.000000,42.000000
45.429000,0.349123,-4.295404,-5.383230,1.002858,-10.000000,0.000000,42.100000
45.529000,0.352046,-4.513937,-5.269075,1.002009,-10.000000,0.000000,42.300000
45.665000,0.352319,-4.426967,-4.837843,1.003718,-10.000000,0.000000,42.400000
45.773000,0.352045,-4.145672,-4.629361,1.002848,-9.000000,0.000000,42.500000
45.909000,0.355872,-3.847984,-4.598804,1.002283,-8.000000,0.000000,42.600000
46.016000,0.356978,-3.682354,-4.353251,1.002487,-8.000000,0.000000,42.700000
46.148000,0.354750,-3.543357,-4.066579,1.002161,-7.000000,0.000000,42.900000
46.256000,0.355370,-3.298379,-3.700356,1.001089,-7.000000,0.000000,43.000000
46.388000,0.356811,-2.933165,-3.186003,1.000181,-5.000000,0.000000,43.100000
46.500000,0.357286,-2.683512,-2.807287,1.000077,-5.000000,0.000000,43.200000
46.611000,0.358647,-2.309702,-2.584262,0.999795,-4.000000,0.000000,43.400000
46.748000,0.358667,-2.010596,-2.107327,0.999748,-3.000000,0.000000,43.500000
46.856000,0.356649,-1.657375,-1.385410,0.999704,-1.000000,0.000000,43.600000
46.988000,0.356114,-1.380468,-1.076108,0.999675,0.000000,0.000000,43.700000
47.096000,0.356624,-1.081871,-0.427604,0.999880,0.000000,0.000000,43.800000
47.232000,0.355622,-0.815541,-0.047001,0.999971,1.000000,0.000000,43.900000
47.336000,0.353927,-0.244548,0.541357,1.000264,2.000000,0.000000,44.100000
47.460000,0.349913,0.008138,1.047208,1.000502,3.000000,0.000000,44.200000
47.579000,0.347799,0.279967,1.254065,1.000813,4.000000,0.000000,44.300000
47.711000,0.345987,0.480241,1.987421,1.001146,5.000000,0.000000,44.400000
47.819000,0.343210,0.737996,2.533425,1.001948,6.000000,0.000000,44.500000
47.951000,0.340085,1.493965,2.645542,1.001007,7.000000,0.000000,44.700000
48.058000,0.337534,1.819456,3.211633,1.002960,7.000000,0.000000,44.800000
48.195000,0.331359,2.014456,3.807411,1.003464,8.000000,0.000000,44.900000
48.295000,0.328093,2.322416,4.140329,1.003551,9.000000,0.000000,45.000000
48.435000,0.324598,2.490700,4.589753,1.003525,10.000000,0.000000,45.100000
48.535000,0.321341,2.814554,4.879592,1.003469,10.000000,0.000000,45.200000
48.651000,0.319761,3.717716,5.175413,1.003276,10.000000,0.000000,45.400000
48.787000,0.317251,3.962686,5.207972,1.003421,10.000000,0.000000,45.500000
48.889000,0.311356,4.024529,5.163864,1.004657,11.000000,0.000000,45.600000
49.018000,0.309376,4.217851,5.286799,1.004560,11.000000,0.000000,45.700000
49.127000,0.307285,4.207960,5.238361,1.004282,11.000000,0.000000,45.800000
49.258000,0.305680,4.350677,5.252268,1.004472,11.000000,0.000000,45.900000
49.365000,0.306941,4.918971,5.786007,1.003991,11.000000,0.000000,46.100000
49.502000,0.305321,4.976579,5.689564,1.003906,11.000000,0.000000,46.200000
49.611000,0.299370,4.816167,5.621108,1.003783,11.000000,0.000000,46.300000
49.746000,0.297809,4.836018,5.681972,1.004185,11.000000,0.000000,46.400000
49.854000,0.295672,4.647394,5.579432,1.003848,11.000000,0.000000,46.500000
49.990000,0.294111,4.633450,5.518326,1.003827,11.000000,0.000000,46.600000
50.130000,0.292032,4.763943,5.583765,1.004145,11.000000,0.000000,46.800000
50.258000,0.289594,4.515994,5.412605,1.003394,11.000000,0.000000,46.900000
50.369000,0.288045,4.450433,5.380196,1.003180,10.000000,0.000000,47.000000
50.510000,0.289359,4.187716,5.528276,1.003247,10.000000,0.000000,47.100000
50.651000,0.284230,4.361805,5.362248,1.002755,10.000000,0.000000,47.300000
50.758000,0.281361,4.076278,5.393765,1.002671,10.000000,0.000000,47.400000
50.889000,0.279580,3.960646,5.275477,1.002471,9.000000,0.000000,47.500000
50.997000,0.280577,3.675288,5.318550,1.002578,9.000000,0.000000,47.600000
51.129000,0.278464,3.538714,5.196485,1.002403,9.000000,0.000000,47.700000
51.235000,0.273342,3.578215,4.834179,1.001285,9.000000,0.000000,47.900000
51.369000,0.271268,3.423583,4.695372,1.001531,9.000000,0.000000,48.000000
51.473000,0.267382,3.118954,4.480918,1.001442,9.000000,0.000000,48.100000
51.605000,0.265226,2.967795,4.244684,1.001305,8.000000,0.000000,48.200000
51.711000,0.265309,2.672719,4.104911,1.001432,8.000000,0.000000,48.300000
51.840000,0.262950,2.517714,3.915139,1.001262,8.000000,0.000000,48.400000
51.949000,0.258234,2.453531,3.575386,1.000994,7.000000,0.000000,48.600000
52.088000,0.256062,2.293670,3.579684,1.001081,6.000000,0.000000,48.700000
52.200000,0.251492,2.020309,3.185788,1.000634,6.000000,0.000000,48.800000
52.332000,0.249327,1.870395,3.013049,1.000570,5.000000,0.000000,48.900000
52.432000,0.249398,1.623231,2.871099,1.000469,5.000000,0.000000,49.000000
52.568000,0.247335,1.482306,2.721776,1.000367,5.000000,0.000000,49.100000
52.676000,0.243609,1.378658,2.482318,1.000126,4.000000,0.000000,49.300000
52.812000,0.239515,1.167465,2.349671,1.000042,3.000000,0.000000,49.400000
52.924000,0.237907,1.047931,2.128399,1.000402,3.000000,0.000000,49.500000
53.056000,0.239121,0.883317,1.931260,1.000169,3.000000,0.000000,49.600000
53.203000,0.235502,0.830503,1.762743,1.000109,3.000000,0.000000,49.800000
53.309000,0.232239,0.707883,1.643295,1.000086,2.000000,0.000000,49.900000
53.443000,0.230964,0.648322,1.504388,1.000042,2.000000,0.000000,50.000000
53.547000,0.233214,0.556525,1.298550,0.999965,2.000000,0.000000,50.100000
53.679000,0.232275,0.518506,1.191396,0.999969,2.000000,0.000000,50.200000
53.785000,0.227773,0.531042,1.104197,0.999956,2.000000,0.000000,50.400000
53.923000,0.226671,0.505052,1.040967,0.999947,2.000000,0.000000,50.500000
54.031000,0.224693,0.444723,0.970821,0.999962,2.000000,0.000000,50.600000
54.167000,0.223802,0.426471,0.975580,0.999983,1.000000,0.000000,50.700000
54.271000,0.227546,0.377976,0.914617,1.000047,1.000000,0.000000,50.800000
54.411000,0.221404,0.415275,0.871037,1.000157,1.000000,0.000000,51.000000
54.518000,0.220407,0.403570,0.893199,1.000219,1.000000,0.000000,51.100000
54.655000,0.219708,0.363051,0.870496,1.000278,1.000000,0.000000,51.200000
54.798000,0.222029,0.405253,0.866921,1.000318,1.000000,0.000000,51.400000
54.907000,0.216553,0.367040,0.873081,1.000332,1.000000,0.000000,51.500000
55.042000,0.215619,0.359421,0.851678,1.000305,1.000000,0.000000,51.600000
55.145000,0.216142,0.323106,0.854947,1.000260,1.000000,0.000000,51.700000
55.274000,0.215473,0.315551,0.847290,1.000203,1.000000,0.000000,51.800000
55.383000,0.215161,0.359773,0.801359,1.000102,1.000000,0.000000,52.000000
55.514000,0.214064,0.354496,0.789305,1.000042,1.000000,0.000000,52.100000
55.621000,0.210321,0.320904,0.793486,0.999983,1.000000,0.000000,52.200000
55.754000,0.209518,0.316384,0.776739,0.999943,1.000000,0.000000,52.300000
55.859000,0.212102,0.284036,0.755260,0.999917,1.000000,0.000000,52.400000
55.990000,0.211632,0.279564,0.772324,0.999949,1.000000,0.000000,52.500000
56.097000,0.207654,0.322311,0.733350,0.999976,1.000000,0.000000,52.700000
56.229000,0.206628,0.317120,0.739222,1.000010,1.000000,0.000000,52.800000
56.335000,0.205033,0.286969,0.751574,1.000107,1.000000,0.000000,52.900000
56.465000,0.204360,0.282174,0.745071,1.000167,1.000000,0.000000,53.000000
56.573000,0.207926,0.323042,0.737373,1.000240,1.000000,0.000000,53.200000
56.709000,0.206681,0.318131,0.756996,1.000285,1.000000,0.000000,53.300000
56.817000,0.200816,0.287070,0.742193,1.000304,1.000000,0.000000,53.400000
56.953000,0.199909,0.281876,0.734004,1.000300,1.000000,0.000000,53.500000
57.057000,0.200791,0.251230,0.747041,1.000274,1.000000,0.000000,53.600000
57.197000,0.200622,0.290928,0.716466,1.000200,1.000000,0.000000,53.800000
57.305000,0.199480,0.286298,0.731943,1.000156,1.000000,0.000000,53.900000
57.436000,0.195774,0.258507,0.682383,1.000055,1.000000,0.000000,54.000000
57.553000,0.195052,0.255306,0.684103,1.000006,1.000000,0.000000,54.100000
57.659000,0.198358,0.228892,0.682506,0.999953,1.000000,0.000000,54.200000
57.792000,0.198072,0.225807,0.714671,0.999916,1.000000,0.000000,54.300000
57.899000,0.193255,0.266003,0.645926,0.999912,1.000000,0.000000,54.500000
58.032000,0.192300,0.262204,0.648000,0.999929,1.000000,0.000000,54.600000
58.137000,0.191323,0.234830,0.659057,0.999986,1.000000,0.000000,54.700000
58.268000,0.190790,0.230633,0.655759,1.000038,1.000000,0.000000,54.800000
58.375000,0.193598,0.266323,0.656477,1.000122,1.000000,0.000000,55.000000
58.512000,0.192382,0.260778,0.656376,1.000181,1.000000,0.000000,55.100000
58.620000,0.186998,0.233897,0.637420,1.000238,1.000000,0.000000,55.200000
58.759000,0.186201,0.229021,0.631988,1.000269,1.000000,0.000000,55.300000
58.903000,0.187823,0.242935,0.645345,1.000291,1.000000,0.000000,55.500000
59.035000,0.184024,0.216706,0.643574,1.000263,1.000000,0.000000,55.600000
59.143000,0.183356,0.212734,0.612417,1.000210,1.000000,0.000000,55.700000
59.258000,0.186998,0.187490,0.616523,1.000145,1.000000,0.000000,55.800000
59.387000,0.186778,0.183440,0.607479,1.000084,1.000000,0.000000,55.900000
59.497000,0.181785,0.216544,0.626222,1.000003,1.000000,0.000000,56.100000
59.627000,0.180878,0.212276,0.596918,0.999958,1.000000,0.000000,56.200000
59.735000,0.179949,0.189072,0.565078,0.999911,1.000000,0.000000,56.300000
59.864000,0.179483,0.184781,0.556307,0.999898,1.000000,0.000000,56.400000
59.973000,0.182898,0.211464,0.521761,0.999906,1.000000,0.000000,56.600000
60.106000,0.181825,0.205563,0.526141,0.999940,1.000000,0.000000,56.700000
60.211000,0.176163,0.181955,0.482714,0.999994,1.000000,0.000000,56.800000
60.347000,0.175527,0.176632,0.469607,1.000052,1.000000,0.000000,56.900000
60.463000,0.177559,0.155087,0.469861,1.000137,1.000000,0.000000,57.000000
60.602000,0.177029,0.173969,0.439298,1.000197,0.000000,0.000000,57.200000
60.710000,0.176174,0.166747,0.450231,1.000239,0.000000,0.000000,57.300000
60.846000,0.172879,0.143886,0.438005,1.000257,0.000000,0.000000,57.400000
60.986000,0.176994,0.123248,0.399976,1.000236,0.000000,0.000000,57.500000
61.095000,0.173105,0.135632,0.387791,1.000192,0.000000,0.000000,57.700000
61.230000,0.172437,0.127952,0.389119,1.000137,0.000000,0.000000,57.800000
61.333000,0.171215,0.109474,0.325566,1.000061,0.000000,0.000000,57.900000
61.458000,0.171004,0.102677,0.307971,1.000002,0.000000,0.000000,58.000000
61.571000,0.176343,0.108248,0.289556,0.999935,0.000000,0.000000,58.200000
61.710000,0.175708,0.110421,0.088851,0.999880,0.000000,0.000000,58.300000
61.817000,0.169666,0.102872,0.096230,0.999887,0.000000,0.000000,58.400000
61.957000,0.169603,0.111291,0.164647,0.999865,0.000000,0.000000,58.500000
62.101000,0.173663,0.115740,0.202204,0.999934,0.000000,0.000000,58.700000
62.233000,0.169220,0.107596,0.041477,0.999975,0.000000,0.000000,58.800000
62.337000,0.169310,0.113101,0.013207,1.000031,0.000000,0.000000,58.900000
62.477000,0.173048,0.118504,-0.002556,1.000113,0.000000,0.000000,59.000000
62.581000,0.173622,0.124205,-0.006062,1.000166,0.000000,0.000000,59.100000
62.693000,0.172262,0.131868,-0.005753,1.000214,0.000000,0.000000,59.300000
62.821000,0.172200,0.133137,-0.003998,1.000231,0.000000,0.000000,59.400000
62.931000,0.170854,0.132726,-0.001572,1.000223,0.000000,0.000000,59.500000
63.059000,0.171205,0.130660,-0.000346,1.000196,0.000000,0.000000,59.600000
63.169000,0.177624,0.126830,-0.000318,1.000138,0.000000,0.000000,59.700000
63.300000,0.178343,0.121243,-0.001568,1.000083,0.000000,0.000000,59.800000
63.407000,0.172200,0.104741,-0.004672,1.000006,0.000000,0.000000,60.000000
63.548000,0.172231,0.093785,-0.007840,0.999953,0.000000,0.000000,60.100000
63.652000,0.173518,0.080992,-0.012578,0.999897,0.000000,0.000000,60.200000
63.784000,0.173907,0.066419,-0.016045,0.999872,0.000000,0.000000,60.300000
63.892000,0.176596,0.032330,-0.019884,0.999867,0.000000,0.000000,60.500000
64.031000,0.172313,0.015005,-0.022208,0.999895,0.000000,0.000000,60.600000
64.140000,0.172302,-0.001401,-0.022752,0.999935,0.000000,0.000000,60.700000
64.276000,0.175730,-0.016984,-0.021562,1.000011,0.000000,0.000000,60.800000
64.384000,0.176072,-0.031634,-0.019605,1.000064,0.000000,0.000000,60.900000
64.495000,0.174274,-0.058175,-0.015724,1.000140,0.000000,0.000000,61.100000
64.628000,0.173867,-0.070150,-0.012270,1.000186,0.000000,0.000000,61.200000
64.733000,0.172137,-0.081245,-0.007603,1.000224,0.000000,0.000000,61.300000
64.867000,0.172112,-0.091425,-0.004517,1.000231,0.000000,0.000000,61.400000
64.971000,0.178134,-0.100726,-0.001511,1.000213,0.000000,0.000000,61.500000
65.107000,0.178260,-0.116676,-0.000419,1.000179,0.000000,0.000000,61.700000
65.215000,0.171491,-0.123360,-0.000878,1.000115,0.000000,0.000000,61.800000
65.351000,0.171124,-0.129180,-0.002465,1.000058,0.000000,0.000000,61.900000
65.458000,0.172228,-0.128862,-0.049041,1.000003,0.000000,0.000000,62.000000
65.591000,0.172530,-0.119204,-0.087025,0.999958,0.000000,0.000000,62.100000
65.695000,0.174494,-0.119097,-0.040023,0.999881,0.000000,0.000000,62.300000
65.827000,0.173911,-0.118717,-0.031187,0.999864,0.000000,0.000000,62.400000
65.931000,0.169912,-0.118236,-0.026753,0.999872,0.000000,0.000000,62.500000
66.059000,0.169722,-0.117665,-0.025422,0.999898,0.000000,0.000000,62.600000
66.174000,0.173623,-0.116457,-0.023770,0.999955,0.000000,0.000000,62.700000
66.314000,0.171182,-0.111604,-0.021417,1.000029,0.000000,0.000000,62.900000
66.418000,0.170702,-0.107919,-0.018775,1.000089,0.000000,0.000000,63.000000
