ref x,ref y),x,y0.000000,0.000000,-0.002157,-0.000042
0.000000,0.000000,0.005261,-0.000104
0.000000,0.000000,0.023354,-0.000666
0.000000,0.000000,0.049343,-0.002117
0.100005,0.000314,0.079395,-0.004424
0.100005,0.000314,0.102972,-0.006256
0.100005,0.000314,0.118736,-0.007328
0.100005,0.000314,0.129678,-0.007980
0.100005,0.000314,0.138199,-0.008317
0.100005,0.000314,0.146193,-0.008524
0.200009,0.000626,0.160600,-0.008793
0.200009,0.000626,0.180083,-0.008914
0.200009,0.000626,0.202146,-0.008562
0.200009,0.000626,0.225576,-0.007650
0.300014,0.000931,0.250501,-0.006050
0.300014,0.000931,0.280109,-0.003666
0.300014,0.000931,0.312277,-0.000852
0.300014,0.000931,0.345469,0.002144
0.400019,0.001228,0.379042,0.005095
0.400019,0.001228,0.412756,0.007811
0.400019,0.001228,0.446555,0.010137
0.500023,0.001512,0.480462,0.011941
0.500023,0.001512,0.514529,0.013114
0.500023,0.001512,0.548815,0.013537
0.600027,0.001781,0.583376,0.013096
0.600027,0.001781,0.618266,0.011687
0.700031,0.002032,0.653534,0.009198
0.700031,0.002032,0.689019,0.005649
0.700031,0.002032,0.724211,0.001496
0.800034,0.002262,0.758923,-0.003015
0.800034,0.002262,0.793136,-0.007771
0.800034,0.002262,0.827019,-0.012294
0.900037,0.002467,0.860675,-0.016524
0.900037,0.002467,0.894234,-0.020321
0.900037,0.002467,0.927813,-0.023569
1.000040,0.002646,0.961508,-0.026172
1.000040,0.002646,0.995403,-0.028041
1.000040,0.002646,1.029569,-0.029084
1.100042,0.002794,1.064067,-0.029210
1.100042,0.002794,1.098947,-0.028320
1.100042,0.002794,1.133959,-0.026531
1.200044,0.002909,1.168726,-0.024182
1.200044,0.002909,1.203123,-0.021402
1.200044,0.002909,1.237201,-0.018551
1.300045,0.002987,1.271081,-0.015969
1.300045,0.002987,1.304860,-0.013744
1.300045,0.002987,1.338639,-0.012010
1.400046,0.003027,1.372512,-0.010887
1.400046,0.003027,1.406534,-0.010457
1.400046,0.003027,1.440658,-0.010669
1.500046,0.003024,1.474824,-0.011426
1.500046,0.003024,1.508999,-0.012644
1.500046,0.003024,1.543166,-0.014258
1.600045,0.002975,1.577311,-0.016213
1.600045,0.002975,1.611371,-0.018293
1.600045,0.002975,1.645352,-0.020324
1.700043,0.002879,1.679286,-0.022368
1.700043,0.002879,1.713187,-0.024256
1.700043,0.002879,1.747094,-0.025810
1.800041,0.002730,1.781070,-0.026886
1.800041,0.002730,1.815187,-0.027357
1.800041,0.002730,1.849503,-0.027103
1.900038,0.002528,1.883994,-0.026070
1.900038,0.002528,1.918543,-0.024384
2.000034,0.002268,1.953073,-0.022136
2.000034,0.002268,1.987548,-0.019399
2.000034,0.002268,2.021934,-0.016254
2.100029,0.001947,2.056114,-0.012963
2.100029,0.001947,2.090079,-0.009742
2.100029,0.001947,2.123896,-0.006772
2.200024,0.001563,2.157658,-0.004203
2.200024,0.001563,2.191457,-0.002156
2.200024,0.001563,2.225363,-0.000738
2.300017,0.001113,2.259360,0.000068
2.300017,0.001113,2.293391,0.000423
2.300017,0.001113,2.327401,0.000529
2.400009,0.000593,2.361404,0.000392
2.400009,0.000593,2.395407,0.000050
2.400009,0.000593,2.429415,-0.000468
2.500000,-0.000000,2.463426,-0.001138
2.500000,-0.000000,2.497441,-0.001941
2.500000,-0.000000,2.531459,-0.002863
2.599990,-0.000665,2.565477,-0.003887
2.599990,-0.000665,2.599497,-0.005006
2.599990,-0.000665,2.633517,-0.006212
2.699979,-0.001391,2.667535,-0.007497
2.699979,-0.001391,2.701553,-0.008856
2.699979,-0.001391,2.735570,-0.010284
2.799967,-0.002162,2.769584,-0.011779
2.799967,-0.002162,2.803597,-0.013336
2.799967,-0.002162,2.837607,-0.014955
2.899955,-0.002963,2.871615,-0.016633
2.899955,-0.002963,2.905619,-0.018368
2.899955,-0.002963,2.939621,-0.020159
2.999943,-0.003780,2.973620,-0.022006
2.999943,-0.003780,3.007615,-0.023907
2.999943,-0.003780,3.041607,-0.025862
3.099931,-0.004596,3.075595,-0.027869
3.099931,-0.004596,3.109580,-0.029930
3.099931,-0.004596,3.143560,-0.032043
3.199919,-0.005397,3.177536,-0.034208
3.199919,-0.005397,3.211507,-0.036425
3.199919,-0.005397,3.245474,-0.038693
3.299907,-0.006169,3.279436,-0.041012
3.299907,-0.006169,3.313393,-0.043383
3.299907,-0.006169,3.347345,-0.045804
3.399896,-0.006894,3.381292,-0.048276
3.399896,-0.006894,3.415233,-0.050798
3.399896,-0.006894,3.449169,-0.053372
3.499886,-0.007559,3.483099,-0.055995
3.499886,-0.007559,3.517024,-0.058670
3.599877,-0.008149,3.550943,-0.061395
3.599877,-0.008149,3.584856,-0.064169
3.599877,-0.008149,3.618764,-0.066995
3.699870,-0.008648,3.652666,-0.069870
3.699870,-0.008648,3.686563,-0.072796
3.699870,-0.008648,3.720453,-0.075773
3.799864,-0.009041,3.754339,-0.078798
3.799864,-0.009041,3.788219,-0.081875
3.799864,-0.009041,3.822093,-0.085003
3.899860,-0.009313,3.855963,-0.088180
3.899860,-0.009313,3.888353,-0.091238
3.899860,-0.009313,3.913906,-0.093261
3.899860,-0.009313,3.934779,-0.094586
3.999857,-0.009449,3.953380,-0.095485
3.999857,-0.009449,3.973134,-0.096142
3.999857,-0.009449,3.999728,-0.097131
3.999857,-0.009449,4.030179,-0.098405
4.099858,-0.009434,4.062495,-0.099975
4.099858,-0.009434,4.095729,-0.102044
4.099858,-0.009434,4.129476,-0.104649
4.199861,-0.009253,4.163577,-0.107919
4.199861,-0.009253,4.197908,-0.111949
4.199861,-0.009253,4.229366,-0.116121
4.299866,-0.008890,4.253784,-0.119398
4.299866,-0.008890,4.274074,-0.121815
4.299866,-0.008890,4.292300,-0.123912
4.299866,-0.008890,4.309563,-0.125732
4.299866,-0.008890,4.330487,-0.127788
4.399874,-0.008331,4.358009,-0.130664
4.399874,-0.008331,4.388849,-0.133782
4.399874,-0.008331,4.421253,-0.137086
4.499886,-0.007559,4.454424,-0.140282
4.499886,-0.007559,4.488029,-0.143118
4.499886,-0.007559,4.521955,-0.145421
4.599901,-0.006562,4.556185,-0.147060
4.599901,-0.006562,4.590749,-0.147911
4.599901,-0.006562,4.625688,-0.147855
4.699920,-0.005322,4.660931,-0.146819
4.699920,-0.005322,4.696301,-0.144897
4.699920,-0.005322,4.731640,-0.142227
4.799942,-0.003825,4.766702,-0.139090
4.799942,-0.003825,4.801340,-0.135787
4.799942,-0.003825,4.835542,-0.132419
4.899969,-0.002056,4.869440,-0.129285
4.899969,-0.002056,4.903145,-0.126523
4.899969,-0.002056,4.936776,-0.124259
5.000000,-0.000000,4.970437,-0.122595
5.000000,-0.000000,5.004217,-0.121629
5.000000,-0.000000,5.038186,-0.121449
5.100033,0.002374,5.072406,-0.122140
5.100033,0.002374,5.106871,-0.123772
5.100033,0.002374,5.141435,-0.126211
5.200058,0.005159,5.175075,-0.129269
5.200058,0.005159,5.201683,-0.131944
5.200058,0.005159,5.222931,-0.134328
5.200058,0.005159,5.242827,-0.136586
5.300062,0.008463,5.268821,-0.139289
5.300062,0.008463,5.298872,-0.141818
5.300062,0.008463,5.331016,-0.143899
5.400031,0.012395,5.364306,-0.145370
5.400031,0.012395,5.398305,-0.146103
5.400031,0.012395,5.432825,-0.145991
5.499953,0.017064,5.467802,-0.144906
5.499953,0.017064,5.503197,-0.142739
5.499953,0.017064,5.538868,-0.139458
5.599815,0.022577,5.574455,-0.135259
5.599815,0.022577,5.609579,-0.130531
5.599815,0.022577,5.644147,-0.125589
5.699603,0.029043,5.678230,-0.120678
5.699603,0.029043,5.711958,-0.115981
5.699603,0.029043,5.745470,-0.111652
5.799305,0.036572,5.778900,-0.107808
5.799305,0.036572,5.812362,-0.104547
5.799305,0.036572,5.845953,-0.101961
5.898909,0.045270,5.879655,-0.100004
5.898909,0.045270,5.913382,-0.098366
5.898909,0.045270,5.947137,-0.096788
5.998400,0.055242,5.980967,-0.095050
5.998400,0.055242,6.014928,-0.092961
5.998400,0.055242,6.049080,-0.090340
6.097766,0.066519,6.083420,-0.087055
6.097766,0.066519,6.117849,-0.083145
6.097766,0.066519,6.152328,-0.078607
6.196996,0.079071,6.186827,-0.073449
6.196996,0.079071,6.221253,-0.067760
6.196996,0.079071,6.255564,-0.061601
6.296077,0.092867,6.289747,-0.055024
6.296077,0.092867,6.323732,-0.048194
6.296077,0.092867,6.357515,-0.041174
6.394998,0.107876,6.391169,-0.033958
6.394998,0.107876,6.424731,-0.026545
6.394998,0.107876,6.458221,-0.018940
6.493745,0.124066,6.491650,-0.011143
6.493745,0.124066,6.525022,-0.003158
6.493745,0.124066,6.558341,0.005013
6.592308,0.141406,6.591609,0.013367
6.592308,0.141406,6.624825,0.021905
6.592308,0.141406,6.657991,0.030623
6.690674,0.159866,6.691107,0.039520
6.690674,0.159866,6.723503,0.048396
6.690674,0.159866,6.748626,0.055787
6.788831,0.179414,6.767326,0.061750
6.788831,0.179414,6.782841,0.066995
6.788831,0.179414,6.796857,0.071903
6.788831,0.179414,6.810167,0.076694
6.788831,0.179414,6.823155,0.081474
6.788831,0.179414,6.836002,0.086292
6.788831,0.179414,6.848791,0.091172
6.886767,0.200018,6.861557,0.096119
6.886767,0.200018,6.874314,0.101136
6.886767,0.200018,6.887065,0.106218
6.886767,0.200018,6.899810,0.111364
6.886767,0.200018,6.912548,0.116569
6.886767,0.200018,6.925276,0.121833
6.886767,0.200018,6.937994,0.127150
6.886767,0.200018,6.950697,0.132519
6.984470,0.221658,6.963384,0.137939
6.984470,0.221658,6.976054,0.143408
6.984470,0.221658,6.988707,0.148923
6.984470,0.221658,7.001343,0.154484
6.984470,0.221658,7.013959,0.160089
6.984470,0.221658,7.026556,0.165739
6.984470,0.221658,7.039133,0.171433
7.081928,0.244333,7.051692,0.177168
7.081928,0.244333,7.064232,0.182946
7.081928,0.244333,7.080347,0.190353
7.081928,0.244333,7.103994,0.200897
7.081928,0.244333,7.131715,0.212922
7.179130,0.268049,7.161315,0.225390
7.179130,0.268049,7.191857,0.237693
7.179130,0.268049,7.222943,0.249590
7.276062,0.292810,7.254455,0.260916
7.276062,0.292810,7.286330,0.271624
7.276062,0.292810,7.318567,0.281695
7.372713,0.318621,7.351142,0.291069
7.372713,0.318621,7.383875,0.299951
7.372713,0.318621,7.416641,0.308614
7.469071,0.345487,7.449313,0.317222
7.469071,0.345487,7.476170,0.324297
7.469071,0.345487,7.495979,0.329561
7.469071,0.345487,7.512032,0.334024
7.565124,0.373412,7.526361,0.338249
7.565124,0.373412,7.539966,0.342562
7.565124,0.373412,7.553336,0.347145
7.565124,0.373412,7.566577,0.352045
7.565124,0.373412,7.579686,0.357232
7.565124,0.373412,7.592679,0.362660
7.565124,0.373412,7.606145,0.368591
7.660861,0.402400,7.626454,0.377811
7.660861,0.402400,7.652458,0.389823
7.660861,0.402400,7.681179,0.402969
7.756268,0.432457,7.711120,0.416415
7.756268,0.432457,7.741721,0.430113
7.756268,0.432457,7.772763,0.444212
7.851334,0.463587,7.804076,0.458971
7.851334,0.463587,7.835555,0.474542
7.851334,0.463587,7.866951,0.490789
7.946048,0.495785,7.898138,0.507570
7.946048,0.495785,7.929078,0.524783
7.946048,0.495785,7.959713,0.542401
8.040398,0.529047,7.989972,0.560456
8.040398,0.529047,8.019934,0.578836
8.040398,0.529047,8.049605,0.597526
8.134372,0.563365,8.078965,0.616439
8.134372,0.563365,8.107932,0.635231
8.134372,0.563365,8.136587,0.653694
8.227959,0.598732,8.165087,0.671722
8.227959,0.598732,8.193596,0.689244
8.227959,0.598732,8.222276,0.706244
8.321147,0.635144,8.251185,0.722834
8.321147,0.635144,8.280316,0.739147
8.321147,0.635144,8.309653,0.755258
8.413924,0.672591,8.339189,0.771157
8.413924,0.672591,8.368963,0.786705
8.413924,0.672591,8.399051,0.801802
8.506281,0.711070,8.429540,0.816373
8.506281,0.711070,8.460524,0.830348
8.506281,0.711070,8.492009,0.843656
8.598203,0.750571,8.523854,0.856368
8.598203,0.750571,8.555947,0.868569
8.598203,0.750571,8.588225,0.880316
8.689681,0.791090,8.620644,0.891665
8.689681,0.791090,8.653173,0.902663
8.689681,0.791090,8.685792,0.913346
8.780703,0.832621,8.718470,0.923750
8.780703,0.832621,8.748877,0.933353
8.780703,0.832621,8.776761,0.942402
8.871257,0.875157,8.803351,0.951288
8.871257,0.875157,8.829277,0.960238
8.871257,0.875157,8.854966,0.969335
8.961333,0.918694,8.882883,0.979764
8.961333,0.918694,8.912769,0.991858
8.961333,0.918694,8.943517,1.005207
9.050920,0.963227,8.974561,1.019436
9.050920,0.963227,9.005605,1.034302
9.050920,0.963227,9.036483,1.049459
9.140006,1.008752,9.067153,1.064685
9.140006,1.008752,9.097781,1.079746
9.140006,1.008752,9.128341,1.094794
9.228581,1.055262,9.158867,1.109849
9.228581,1.055262,9.189376,1.124921
9.228581,1.055262,9.219868,1.140023
9.316634,1.102752,9.250347,1.155160
9.316634,1.102752,9.280813,1.170333
9.316634,1.102752,9.311272,1.185536
9.404154,1.151219,9.341733,1.200750
9.404154,1.151219,9.372190,1.215985
9.404154,1.151219,9.402655,1.231209
9.491128,1.200656,9.433040,1.246565
9.491128,1.200656,9.463393,1.261975
9.491128,1.200656,9.493717,1.277440
9.577548,1.251059,9.524014,1.292960
9.577548,1.251059,9.554284,1.308534
9.577548,1.251059,9.584527,1.324164
9.663402,1.302421,9.614743,1.339851
9.663402,1.302421,9.644931,1.355593
9.663402,1.302421,9.675093,1.371390
9.748679,1.354735,9.705225,1.387247
9.748679,1.354735,9.735312,1.403190
9.748679,1.354735,9.765309,1.419284
9.833369,1.407993,9.795340,1.435390
9.833369,1.407993,9.825318,1.451863
9.917463,1.462191,9.855206,1.468828
9.917463,1.462191,9.884946,1.486239
9.917463,1.462191,9.914510,1.503990
10.000950,1.517319,9.943887,1.522026
10.000950,1.517319,9.973073,1.540313
10.000950,1.517319,10.002078,1.558823
10.083818,1.573372,10.028216,1.575878
10.083818,1.573372,10.049563,1.590518
10.083818,1.573372,10.068435,1.604007
10.083818,1.573372,10.086068,1.617036
10.166059,1.630343,10.106079,1.632033
10.166059,1.630343,10.129913,1.649773
10.166059,1.630343,10.155667,1.668919
10.166059,1.630343,10.182317,1.688802
10.247661,1.688224,10.209316,1.709091
10.247661,1.688224,10.232988,1.727233
10.247661,1.688224,10.252637,1.742926
10.328614,1.747010,10.270258,1.757413
10.328614,1.747010,10.286959,1.771454
10.328614,1.747010,10.306628,1.788014
10.328614,1.747010,10.329616,1.807111
10.408908,1.806692,10.354401,1.827449
10.408908,1.806692,10.380035,1.848413
10.408908,1.806692,10.406074,1.869711
10.488534,1.867262,10.432285,1.891210
10.488534,1.867262,10.458552,1.912847
10.488534,1.867262,10.484813,1.934594
10.567482,1.928714,10.511036,1.956440
10.567482,1.928714,10.537210,1.978377
10.567482,1.928714,10.563311,2.000415
10.645741,1.991039,10.589334,2.022556
10.645741,1.991039,10.615278,2.044800
10.645741,1.991039,10.641140,2.067148
10.723305,2.054230,10.666918,2.089602
10.723305,2.054230,10.692608,2.112163
10.723305,2.054230,10.718207,2.134835
10.800160,2.118278,10.743714,2.157617
10.800160,2.118278,10.769127,2.180508
10.876299,2.183177,10.794444,2.203512
10.876299,2.183177,10.819671,2.226621
10.876299,2.183177,10.844829,2.249772
10.951713,2.248918,10.869925,2.272766
10.951713,2.248918,10.895099,2.295435
10.951713,2.248918,10.920580,2.317615
11.026389,2.315493,10.946528,2.339227
11.026389,2.315493,10.972497,2.360851
11.026389,2.315493,10.998440,2.382681
11.100322,2.382895,11.024309,2.404900
11.100322,2.382895,11.050038,2.427591
11.100322,2.382895,11.075592,2.450535
11.173499,2.451116,11.101022,2.473415
11.173499,2.451116,11.126447,2.496090
11.173499,2.451116,11.151895,2.518619
11.245914,2.520145,11.177331,2.541173
11.245914,2.520145,11.202682,2.564028
11.245914,2.520145,11.227859,2.587313
11.317558,2.589975,11.252851,2.610942
11.317558,2.589975,11.277651,2.634820
11.317558,2.589975,11.302251,2.658904
11.388421,2.660597,11.326582,2.683227
11.388421,2.660597,11.350667,2.707748
11.388421,2.660597,11.374628,2.732363
11.458495,2.732002,11.398413,2.757113
11.458495,2.732002,11.422034,2.781987
11.458495,2.732002,11.445498,2.806981
11.527772,2.804181,11.468803,2.832099
11.527772,2.804181,11.491977,2.857322
11.527772,2.804181,11.515016,2.882652
11.596242,2.877126,11.537924,2.908089
11.596242,2.877126,11.560703,2.933635
11.663897,2.950828,11.583354,2.959291
11.663897,2.950828,11.605881,2.985050
11.663897,2.950828,11.628284,3.010911
11.730727,3.025277,11.650565,3.036875
11.730727,3.025277,11.672723,3.062940
11.730727,3.025277,11.694760,3.089094
11.796725,3.100465,11.716726,3.115135
11.796725,3.100465,11.738730,3.140912
11.796725,3.100465,11.760926,3.166356
11.861883,3.176383,11.783404,3.191480
11.861883,3.176383,11.806107,3.216402
11.861883,3.176383,11.828904,3.241333
11.926194,3.253019,11.851688,3.266483
11.926194,3.253019,11.874350,3.292027
11.926194,3.253019,11.896792,3.317946
11.989649,3.330366,11.919076,3.343905
11.989649,3.330366,11.941315,3.369716
11.989649,3.330366,11.963595,3.395374
12.052241,3.408413,11.985885,3.420996
12.052241,3.408413,12.008093,3.446830
12.052241,3.408413,12.030126,3.473049
12.113961,3.487150,12.051921,3.499623
12.113961,3.487150,12.073491,3.526444
12.113961,3.487150,12.094827,3.553460
12.174804,3.566569,12.115942,3.580636
12.174804,3.566569,12.136839,3.607955
12.174804,3.566569,12.157537,3.635400
12.234758,3.646659,12.178053,3.662957
12.234758,3.646659,12.198453,3.690592
12.234758,3.646659,12.218810,3.718259
12.293819,3.727411,12.239131,3.745957
12.293819,3.727411,12.259186,3.773736
12.351978,3.808814,12.279272,3.801284
12.351978,3.808814,12.299504,3.828523
12.351978,3.808814,12.320018,3.855430
12.409228,3.890860,12.340730,3.882154
12.409228,3.890860,12.361450,3.908970
12.409228,3.890860,12.382050,3.936094
12.465563,3.973537,12.402414,3.963627
12.465563,3.973537,12.422535,3.991486
12.465563,3.973537,12.442423,4.019567
12.520975,4.056834,12.462086,4.047816
12.520975,4.056834,12.481534,4.076202
12.520975,4.056834,12.500750,4.104662
12.575459,4.140743,12.517225,4.129499
12.575459,4.140743,12.530945,4.150492
12.575459,4.140743,12.543058,4.169850
12.575459,4.140743,12.554260,4.188648
12.629006,4.225251,12.567448,4.211494
12.629006,4.225251,12.582691,4.237978
12.629006,4.225251,12.598957,4.266163
12.681611,4.310349,12.615635,4.295220
12.681611,4.310349,12.632257,4.324412
12.681611,4.310349,12.645987,4.349242
12.681611,4.310349,12.657373,4.370743
12.733268,4.396028,12.667826,4.391144
12.733268,4.396028,12.680390,4.415705
12.733268,4.396028,12.694658,4.443254
12.783968,4.482274,12.709829,4.472013
12.783968,4.482274,12.725594,4.501157
12.783968,4.482274,12.741879,4.530305
12.833705,4.569080,12.758665,4.559306
12.833705,4.569080,12.775843,4.588167
12.833705,4.569080,12.793338,4.616920
12.882475,4.656433,12.811081,4.645599
12.882475,4.656433,12.828885,4.674358
12.882475,4.656433,12.846601,4.703370
12.930270,4.744323,12.864084,4.732767
12.930270,4.744323,12.881249,4.762526
12.930270,4.744323,12.898117,4.792526
12.977085,4.832739,12.914692,4.822700
12.977085,4.832739,12.930992,4.853009
12.977085,4.832739,12.947054,4.883376
13.022915,4.921669,12.963019,4.913605
13.022915,4.921669,12.978981,4.943678
13.022915,4.921669,12.994939,4.973682
13.067755,5.011104,13.010898,5.003663
13.067755,5.011104,13.026826,5.033707
13.067755,5.011104,13.042582,5.064005
13.111597,5.101031,13.058103,5.094576
13.111597,5.101031,13.073383,5.125335
13.111597,5.101031,13.088462,5.156145
13.154437,5.191440,13.103492,5.186814
13.154437,5.191440,13.118532,5.217347
13.154437,5.191440,13.133576,5.247824
13.196270,5.282319,13.148622,5.278286
13.196270,5.282319,13.162082,5.305708
13.196270,5.282319,13.172991,5.328455
13.237089,5.373658,13.182701,5.349060
13.237089,5.373658,13.191709,5.368865
13.237089,5.373658,13.201873,5.392223
13.237089,5.373658,13.213631,5.420076
13.276890,5.465445,13.226122,5.449900
13.276890,5.465445,13.239138,5.480481
13.276890,5.465445,13.252442,5.511452
13.315668,5.557670,13.265616,5.542894
13.315668,5.557670,13.278557,5.574870
13.315668,5.557670,13.291085,5.607493
13.353418,5.650319,13.303045,5.640788
13.353418,5.650319,13.314395,5.674544
13.353418,5.650319,13.325156,5.708541
13.390137,5.743382,13.335463,5.742645
13.390137,5.743382,13.345391,5.776518
13.390137,5.743382,13.355119,5.809938
13.425818,5.836848,13.364685,5.842880
13.425818,5.836848,13.374131,5.875397
13.460461,5.930705,13.383900,5.907531
13.460461,5.930705,13.394149,5.939361
13.460461,5.930705,13.404999,5.970955
13.494057,6.024940,13.416551,6.002369
13.494057,6.024940,13.428880,6.033625
13.494057,6.024940,13.441685,6.064742
13.526603,6.119543,13.454711,6.095806
13.526603,6.119543,13.467744,6.126949
13.526603,6.119543,13.480614,6.158290
13.558096,6.214502,13.493242,6.189840
13.558096,6.214502,13.505681,6.221528
13.558096,6.214502,13.517940,6.253316
13.588531,6.309806,13.530028,6.285182
13.588531,6.309806,13.541954,6.317112
13.588531,6.309806,13.553740,6.349094
13.617903,6.405442,13.565393,6.381120
13.617903,6.405442,13.576925,6.413186
13.617903,6.405442,13.588311,6.445335
13.646211,6.501399,13.599408,6.477757
13.646211,6.501399,13.610077,6.510615
13.646211,6.501399,13.620182,6.544043
13.673450,6.597664,13.629591,6.578110
13.673450,6.597664,13.638220,6.612713
13.673450,6.597664,13.646088,6.647583
13.699618,6.694227,13.653243,6.682572
13.699618,6.694227,13.659739,6.717601
13.699618,6.694227,13.665626,6.752630
13.724712,6.791074,13.670948,6.787639
13.724712,6.791074,13.675751,6.822619
13.748728,6.888194,13.680153,6.857405
13.748728,6.888194,13.684373,6.891752
13.748728,6.888194,13.688637,6.925621
13.771664,6.985574,13.693135,6.959075
13.771664,6.985574,13.698021,6.992208
13.771664,6.985574,13.703428,7.025111
13.793514,7.083204,13.709465,7.057868
13.793514,7.083204,13.716224,7.090545
13.793514,7.083204,13.723797,7.123194
13.814278,7.181071,13.732267,7.155853
13.814278,7.181071,13.741713,7.188549
13.814278,7.181071,13.752233,7.221293
13.833952,7.279162,13.763525,7.253870
13.833952,7.279162,13.775203,7.286155
13.833952,7.279162,13.787112,7.318144
13.852533,7.377467,13.799161,7.349899
13.852533,7.377467,13.810835,7.381539
13.852533,7.377467,13.821243,7.410731
13.870022,7.475972,13.830586,7.438116
13.870022,7.475972,13.839153,7.464831
13.870022,7.475972,13.847043,7.491474
13.870022,7.475972,13.854354,7.518642
13.886415,7.574665,13.861541,7.549180
13.886415,7.574665,13.868154,7.582385
13.886415,7.574665,13.874022,7.616951
13.901710,7.673534,13.879112,7.652150
13.901710,7.673534,13.883370,7.687690
13.901710,7.673534,13.886928,7.723368
13.915906,7.772567,13.889917,7.759070
13.915906,7.772567,13.892328,7.794723
13.929000,7.871751,13.894167,7.830215
13.929000,7.871751,13.895409,7.865557
13.929000,7.871751,13.896132,7.900781
13.940990,7.971076,13.896382,7.935903
13.940990,7.971076,13.896252,7.970875
13.940990,7.971076,13.896020,8.005445
13.951876,8.070527,13.895869,8.039554
13.951876,8.070527,13.895989,8.073266
13.951876,8.070527,13.896527,8.106692
13.961654,8.170093,13.897558,8.139953
13.961654,8.170093,13.898988,8.173197
13.961654,8.170093,13.900740,8.206496
13.970325,8.269761,13.902746,8.239873
13.970325,8.269761,13.904894,8.273371
13.970325,8.269761,13.906938,8.307113
13.977887,8.369520,13.908668,8.341203
13.977887,8.369520,13.909883,8.375733
13.977887,8.369520,13.910394,8.410776
13.984341,8.469357,13.910109,8.446215
13.984341,8.469357,13.909089,8.481766
13.984341,8.469357,13.907395,8.517281
13.989684,8.569260,13.905207,8.552541
13.989684,8.569260,13.902814,8.587306
13.989684,8.569260,13.900463,8.621577
13.993917,8.669215,13.898339,8.655454
13.993917,8.669215,13.896597,8.689062
13.997039,8.769212,13.895348,8.722523
13.997039,8.769212,13.894690,8.755941
13.997039,8.769212,13.894718,8.789405
13.999049,8.869237,13.895514,8.822987
13.999049,8.869237,13.897153,8.856746
13.999049,8.869237,13.899720,8.890731
13.999948,8.969277,13.903304,8.924979
13.999948,8.969277,13.907983,8.959414
13.999948,8.969277,13.912976,8.991154
13.999733,9.069323,13.917868,9.020408
13.999733,9.069323,13.922664,9.048314
13.999733,9.069323,13.927307,9.075497
13.999733,9.069323,13.931725,9.102324
13.998405,9.169359,13.935869,9.129020
13.998405,9.169359,13.939695,9.155736
13.998405,9.169359,13.943245,9.182564
13.998405,9.169359,13.946326,9.209951
13.995966,9.269375,13.948904,9.240601
13.995966,9.269375,13.950694,9.273640
13.995966,9.269375,13.951509,9.308111
13.992415,9.369357,13.951273,9.343509
13.992415,9.369357,13.950039,9.379288
13.992415,9.369357,13.947919,9.415130
13.987754,9.469294,13.945021,9.450891
13.987754,9.469294,13.941391,9.486488
13.981982,9.569172,13.937082,9.521888
13.981982,9.569172,13.932189,9.557087
13.981982,9.569172,13.926768,9.592090
13.975101,9.668980,13.920909,9.626846
13.975101,9.668980,13.914909,9.661132
13.975101,9.668980,13.909009,9.694932
13.967111,9.768705,13.903392,9.728345
13.967111,9.768705,13.898198,9.761508
13.967111,9.768705,13.893484,9.794560
13.958013,9.868337,13.889140,9.827637
13.958013,9.868337,13.885081,9.860801
13.958013,9.868337,13.881242,9.894071
13.947807,9.967859,13.877503,9.927475
13.947807,9.967859,13.873633,9.961104
13.947807,9.967859,13.869466,9.995041
13.936495,10.067263,13.864811,10.029352
13.936495,10.067263,13.859448,10.064072
13.936495,10.067263,13.853101,10.099007
13.924078,10.166534,13.846061,10.133947
13.924078,10.166534,13.838403,10.168759
13.924078,10.166534,13.830148,10.203366
13.910559,10.265662,13.821326,10.237529
13.910559,10.265662,13.812369,10.271134
13.895939,10.364634,13.803616,10.304285
13.895939,10.364634,13.795192,10.337094
13.895939,10.364634,13.787218,10.369716
13.880219,10.463436,13.779781,10.402296
13.880219,10.463436,13.772960,10.434957
13.880219,10.463436,13.766823,10.467805
13.863404,10.562058,13.761429,10.500923
13.863404,10.562058,13.756848,10.534386
13.863404,10.562058,13.753149,10.568252
13.845493,10.660487,13.750405,10.602575
13.845493,10.660487,13.748712,10.637387
13.845493,10.660487,13.747833,10.672285
13.826490,10.758711,13.747440,10.706960
13.826490,10.758711,13.747238,10.741341
13.826490,10.758711,13.747013,10.775276
13.806396,10.856717,13.746527,10.806251
13.806396,10.856717,13.745663,10.835047
13.806396,10.856717,13.744393,10.862825
13.806396,10.856717,13.742649,10.890181
13.785212,10.954494,13.740345,10.917432
13.785212,10.954494,13.737395,10.944747
13.785212,10.954494,13.733712,10.972231
13.762942,11.052029,13.729236,10.999890
13.762942,11.052029,13.724075,11.027565
13.762942,11.052029,13.718196,11.055740
13.762942,11.052029,13.710938,11.087069
13.739590,11.149310,13.702478,11.120163
13.739590,11.149310,13.693095,11.153932
13.715158,11.246326,13.682983,11.187864
13.715158,11.246326,13.672256,11.221712
13.715158,11.246326,13.660943,11.255341
13.689649,11.343065,13.649147,11.288733
13.689649,11.343065,13.636906,11.321871
13.689649,11.343065,13.624256,11.354757
13.663067,11.439514,13.611223,11.387401
13.663067,11.439514,13.597832,11.419819
13.663067,11.439514,13.584100,11.452023
13.635415,11.535662,13.570137,11.483956
13.635415,11.535662,13.556262,11.515484
13.635415,11.535662,13.542690,11.546658
13.606696,11.631496,13.529552,11.577615
13.606696,11.631496,13.516926,11.608508
13.606696,11.631496,13.504808,11.639469
13.576913,11.727006,13.493057,11.670584
13.576913,11.727006,13.481574,11.701880
13.576913,11.727006,13.470364,11.733353
13.546070,11.822178,13.459574,11.765012
13.546070,11.822178,13.449295,11.796909
13.546070,11.822178,13.439619,11.829124
13.514170,11.917001,13.430617,11.861729
13.514170,11.917001,13.422217,11.894597
13.514170,11.917001,13.414212,11.927540
13.481218,12.011463,13.406484,11.960523
13.481218,12.011463,13.398679,11.993489
13.481218,12.011463,13.390971,12.024177
13.447218,12.105555,13.383510,12.052566
13.447218,12.105555,13.375820,12.079891
13.447218,12.105555,13.367600,12.106836
13.412174,12.199261,13.357767,12.136127
13.412174,12.199261,13.346036,12.167575
13.412174,12.199261,13.332940,12.199930
13.376092,12.292573,13.318861,12.232491
13.376092,12.292573,13.304024,12.264931
13.376092,12.292573,13.288585,12.297118
13.338975,12.385478,13.272698,12.329043
13.338975,12.385478,13.256332,12.360602
13.338975,12.385478,13.239660,12.391516
13.300827,12.477965,13.223176,12.421954
13.300827,12.477965,13.207023,12.452025
13.300827,12.477965,13.191312,12.481910
13.261655,12.570022,13.176096,12.511778
13.261655,12.570022,13.161248,12.541743
13.261655,12.570022,13.146658,12.571861
13.221460,12.661638,13.132251,12.602135
13.221460,12.661638,13.117986,12.632553
13.221460,12.661638,13.104014,12.663126
13.180249,12.752801,13.090449,12.693906
13.180249,12.752801,13.077384,12.724979
13.138027,12.843500,13.064867,12.756383
13.138027,12.843500,13.052655,12.787922
13.138027,12.843500,13.040522,12.819508
13.094799,12.933724,13.028237,12.851103
13.094799,12.933724,13.015909,12.881932
13.094799,12.933724,13.004133,12.909961
13.094799,12.933724,12.992370,12.936428
13.050571,13.023462,12.980247,12.962160
13.050571,13.023462,12.967601,12.987489
13.050571,13.023462,12.953859,13.013628
13.005349,13.112703,12.937979,13.042319
13.005349,13.112703,12.920666,13.072084
13.005349,13.112703,12.902393,13.102111
12.959139,13.201437,12.883551,13.131949
12.959139,13.201437,12.864626,13.161351
12.959139,13.201437,12.845888,13.190347
12.911944,13.289651,12.827486,13.219071
12.911944,13.289651,12.809516,13.247700
12.911944,13.289651,12.792044,13.276399
12.863772,13.377336,12.775107,13.305312
12.863772,13.377336,12.758746,13.334568
12.863772,13.377336,12.742994,13.364274
12.814630,13.464478,12.727889,13.394524
12.814630,13.464478,12.713482,13.425406
12.764520,13.551069,12.699828,13.456999
12.764520,13.551069,12.686994,13.489361
12.764520,13.551069,12.675709,13.519903
12.764520,13.551069,12.665700,13.548061
12.713449,13.637098,12.656602,13.574972
12.713449,13.637098,12.647992,13.601180
12.713449,13.637098,12.639355,13.626931
12.661427,13.722553,12.630441,13.652394
12.661427,13.722553,12.621143,13.677682
12.661427,13.722553,12.611347,13.702859
12.661427,13.722553,12.600958,13.727969
12.608457,13.807425,12.589880,13.753035
12.608457,13.807425,12.578028,13.778069
12.608457,13.807425,12.565340,13.803055
12.608457,13.807425,12.551834,13.828118
12.554547,13.891704,12.536490,13.855355
12.554547,13.891704,12.519982,13.883888
12.554547,13.891704,12.503114,13.912960
12.499704,13.975378,12.486257,13.942271
12.499704,13.975378,12.469277,13.971703
12.499704,13.975378,12.451945,14.001210
12.443935,14.058437,12.434034,14.030744
12.443935,14.058437,12.415353,14.060279
12.387247,14.140872,12.395747,14.089740
12.387247,14.140872,12.375316,14.118943
12.387247,14.140872,12.354318,14.147833
12.329645,14.222671,12.332868,14.176356
12.329645,14.222671,12.310999,14.204466
12.329645,14.222671,12.288570,14.232068
12.271138,14.303824,12.265623,14.259109
12.271138,14.303824,12.242394,14.285812
12.271138,14.303824,12.218858,14.312117
12.211731,14.384322,12.195043,14.338054
12.211731,14.384322,12.170961,14.363640
12.211731,14.384322,12.146626,14.388895
12.151433,14.464154,12.122045,14.413832
12.151433,14.464154,12.097230,14.438471
12.151433,14.464154,12.072182,14.462824
12.090251,14.543311,12.046902,14.486898
12.090251,14.543311,12.021392,14.510705
12.028193,14.621783,11.995810,14.534210
12.028193,14.621783,11.970510,14.557416
12.028193,14.621783,11.945644,14.580454
11.965268,14.699561,11.921276,14.603501
11.965268,14.699561,11.897418,14.626728
11.965268,14.699561,11.874065,14.650281
11.901482,14.776635,11.851219,14.674285
11.901482,14.776635,11.828882,14.698844
11.901482,14.776635,11.807056,14.724049
11.836843,14.852995,11.785760,14.749987
11.836843,14.852995,11.765018,14.776737
11.836843,14.852995,11.744859,14.804373
11.771359,14.928632,11.725347,14.832958
11.771359,14.928632,11.707760,14.860048
11.771359,14.928632,11.691860,14.885143
11.771359,14.928632,11.676829,14.909145
11.705039,15.003536,11.662193,14.932506
11.705039,15.003536,11.647648,14.955461
11.705039,15.003536,11.632967,14.978126
11.637890,15.077698,11.618003,15.000578
11.637890,15.077698,11.602709,15.022911
11.637890,15.077698,11.587019,15.045178
11.637890,15.077698,11.570620,15.067235
11.569920,15.151109,11.553466,15.089101
11.569920,15.151109,11.535529,15.110700
11.569920,15.151109,11.516807,15.132220
11.501138,15.223759,11.495214,15.155567
11.501138,15.223759,11.471377,15.179874
11.501138,15.223759,11.446303,15.204372
11.431553,15.295641,11.420454,15.228642
11.431553,15.295641,11.394087,15.252531
11.431553,15.295641,11.367352,15.276012
11.361173,15.366744,11.340393,15.299189
11.361173,15.366744,11.313193,15.321972
11.361173,15.366744,11.285792,15.344400
11.290008,15.437062,11.258211,15.366502
11.290008,15.437062,11.230452,15.388286
11.290008,15.437062,11.202520,15.409770
11.218065,15.506584,11.174422,15.430965
11.218065,15.506584,11.146247,15.451877
11.218065,15.506584,11.118362,15.472570
11.145354,15.575302,11.090882,15.493024
11.145354,15.575302,11.063768,15.513204
11.071885,15.643209,11.037019,15.533291
11.071885,15.643209,11.010690,15.553649
11.071885,15.643209,10.984621,15.574333
10.997664,15.710293,10.958704,15.595314
10.997664,15.710293,10.932919,15.616580
10.997664,15.710293,10.907388,15.638209
10.922702,15.776546,10.882172,15.660296
10.922702,15.776546,10.857307,15.682947
10.922702,15.776546,10.832822,15.706268
10.847008,15.841964,10.808738,15.730354
10.847008,15.841964,10.785086,15.755311
10.847008,15.841964,10.761903,15.781237
10.770591,15.906535,10.740447,15.806453
10.770591,15.906535,10.721108,15.829631
10.770591,15.906535,10.702884,15.851688
10.770591,15.906535,10.685200,15.873076
10.693461,15.970254,10.667693,15.894017
10.693461,15.970254,10.650117,15.914621
10.693461,15.970254,10.632290,15.934944
10.615628,16.033112,10.614072,15.954996
10.615628,16.033112,10.595349,15.974774
10.615628,16.033112,10.576024,15.994267
10.615628,16.033112,10.556001,16.013454
10.537102,16.095100,10.535232,16.032287
10.537102,16.095100,10.513799,16.050759
10.537102,16.095100,10.489665,16.070549
10.457891,16.156214,10.463025,16.091318
10.457891,16.156214,10.434980,16.112154
10.457891,16.156214,10.406127,16.132690
10.378006,16.216442,10.376763,16.152769
10.378006,16.216442,10.347043,16.172313
10.378006,16.216442,10.317054,16.191315
10.297457,16.275778,10.286857,16.209811
10.297457,16.275778,10.256510,16.227826
10.297457,16.275778,10.226358,16.245415
10.216252,16.334215,10.196616,16.262738
10.216252,16.334215,10.167347,16.279990
10.216252,16.334215,10.138550,16.297371
10.134402,16.391747,10.110179,16.315040
10.134402,16.391747,10.082067,16.333012
10.134402,16.391747,10.054096,16.351270
10.051918,16.448364,10.026201,16.369774
10.051918,16.448364,9.998319,16.388473
10.051918,16.448364,9.970223,16.407223
9.968810,16.504061,9.941717,16.425910
9.968810,16.504061,9.912659,16.444509
9.968810,16.504061,9.882889,16.462911
9.885088,16.558832,9.852308,16.480843
9.885088,16.558832,9.821181,16.498158
9.800763,16.612667,9.789730,16.514940
9.800763,16.612667,9.758157,16.531193
9.800763,16.612667,9.726844,16.546961
9.715845,16.665562,9.695914,16.562284
9.715845,16.665562,9.665424,16.577443
9.715845,16.665562,9.635393,16.592784
9.630343,16.717510,9.605718,16.608390
9.630343,16.717510,9.576229,16.624261
9.630343,16.717510,9.546830,16.640370
9.544271,16.768501,9.517469,16.656679
9.544271,16.768501,9.488172,16.673199
9.544271,16.768501,9.459056,16.690048
9.457636,16.818533,9.430167,16.707348
9.457636,16.818533,9.401518,16.725217
9.457636,16.818533,9.373117,16.743776
9.370449,16.867596,9.344971,16.763140
9.370449,16.867596,9.317089,16.783412
9.370449,16.867596,9.289492,16.804708
9.282722,16.915688,9.264056,16.825265
9.282722,16.915688,9.240904,16.844316
9.282722,16.915688,9.218966,16.862511
9.194468,16.962801,9.197632,16.880159
9.194468,16.962801,9.176527,16.897406
9.194468,16.962801,9.155395,16.914301
9.194468,16.962801,9.134055,16.930857
9.105694,17.008930,9.112376,16.947075
9.105694,17.008930,9.090242,16.962926
9.105694,17.008930,9.067562,16.978379
9.105694,17.008930,9.044251,16.993397
9.016413,17.054073,9.020268,17.007927
9.016413,17.054073,8.995610,17.022033
9.016413,17.054073,8.967801,17.037044
8.926636,17.098223,8.937514,17.052426
8.926636,17.098223,8.905927,17.067557
8.926636,17.098223,8.873647,17.082208
8.836374,17.141375,8.840885,17.096244
8.836374,17.141375,8.807826,17.109696
8.836374,17.141375,8.774575,17.122501
8.745638,17.183523,8.741206,17.134743
8.745638,17.183523,8.707798,17.146456
8.654439,17.224663,8.674713,17.157766
8.654439,17.224663,8.642117,17.168890
8.654439,17.224663,8.610019,17.180034
8.562788,17.264791,8.578369,17.191394
8.562788,17.264791,8.547084,17.203133
8.562788,17.264791,8.516021,17.215280
8.470696,17.303898,8.485054,17.227743
8.470696,17.303898,8.454086,17.240451
8.470696,17.303898,8.422909,17.253208
8.378177,17.341980,8.391335,17.265846
8.378177,17.341980,8.359206,17.278195
8.378177,17.341980,8.326392,17.290097
8.285239,17.379028,8.293015,17.301439
8.285239,17.379028,8.259688,17.312298
8.285239,17.379028,8.226685,17.322860
8.191895,17.415037,8.194089,17.333340
8.191895,17.415037,8.161884,17.343942
8.191895,17.415037,8.129979,17.354782
8.098158,17.450001,8.098214,17.365842
8.098158,17.450001,8.066503,17.377095
8.098158,17.450001,8.034803,17.388503
8.004038,17.483912,8.003092,17.400026
8.004038,17.483912,7.971360,17.411641
8.004038,17.483912,7.939600,17.423312
7.909546,17.516764,7.907729,17.434955
7.909546,17.516764,7.875562,17.446393
7.909546,17.516764,7.842952,17.457486
7.814695,17.548552,7.809760,17.468096
7.814695,17.548552,7.775872,17.478096
7.719496,17.579268,7.741670,17.487314
7.719496,17.579268,7.707691,17.496068
7.719496,17.579268,7.674115,17.504588
7.623960,17.608912,7.640957,17.513071
7.623960,17.608912,7.608170,17.521722
7.623960,17.608912,7.575617,17.530588
7.528100,17.637489,7.543161,17.539646
7.528100,17.637489,7.510737,17.548859
7.528100,17.637489,7.478392,17.558321
7.431928,17.665005,7.446174,17.568166
7.431928,17.665005,7.414081,17.578531
7.431928,17.665005,7.382092,17.589539
7.335455,17.691462,7.350198,17.601296
7.335455,17.691462,7.318457,17.613517
7.335455,17.691462,7.286844,17.625920
7.238694,17.716867,7.255257,17.638295
7.238694,17.716867,7.223567,17.650468
7.238694,17.716867,7.191657,17.662298
7.141657,17.741224,7.159522,17.673728
7.141657,17.741224,7.127239,17.684850
7.141657,17.741224,7.094830,17.695690
7.044355,17.764540,7.062142,17.706129
7.044355,17.764540,7.029030,17.716048
7.044355,17.764540,6.995375,17.725325
6.946801,17.786814,6.961085,17.733842
6.946801,17.786814,6.926224,17.741499
6.946801,17.786814,6.891072,17.748336
6.849007,17.808056,6.855803,17.754402
6.849007,17.808056,6.820507,17.759760
6.750984,17.828255,6.785313,17.764501
6.750984,17.828255,6.750544,17.768872
6.750984,17.828255,6.716287,17.773117
6.652745,17.847387,6.682496,17.777452
6.652745,17.847387,6.649080,17.782061
6.652745,17.847387,6.615937,17.787088
6.554302,17.865417,6.582978,17.792654
6.554302,17.865417,6.550129,17.798871
6.554302,17.865417,6.517329,17.805836
6.455666,17.882318,6.484584,17.813502
6.455666,17.882318,6.451894,17.821529
6.455666,17.882318,6.419181,17.829670
6.356850,17.898056,6.386343,17.837725
6.356850,17.898056,6.353272,17.845535
6.356850,17.898056,6.319866,17.852985
6.257866,17.912601,6.286032,17.859991
6.257866,17.912601,6.251655,17.866239
6.257866,17.912601,6.216654,17.871603
6.158726,17.925920,6.181194,17.876077
6.158726,17.925920,6.145555,17.879718
6.158726,17.925920,6.109895,17.882469
6.059443,17.937984,6.074501,17.884591
6.059443,17.937984,6.039601,17.886488
6.059443,17.937984,6.005217,17.888332
5.960026,17.948761,5.971264,17.890326
5.960026,17.948761,5.937632,17.892645
5.860491,17.958231,5.904168,17.895296
5.860491,17.958231,5.870743,17.898217
5.860491,17.958231,5.837301,17.901350
5.760848,17.966465,5.803819,17.904647
5.760848,17.966465,5.770290,17.908065
5.760848,17.966465,5.736714,17.911571
5.661111,17.973572,5.703094,17.915132
5.661111,17.973572,5.669434,17.918724
5.661111,17.973572,5.635738,17.922327
5.561293,17.979656,5.602012,17.925923
5.561293,17.979656,5.568258,17.929502
5.561293,17.979656,5.534481,17.933046
5.461406,17.984831,5.500672,17.936547
5.461406,17.984831,5.466723,17.939818
5.461406,17.984831,5.432630,17.942754
5.361465,17.989202,5.398456,17.945423
5.361465,17.989202,5.364265,17.947851
5.361465,17.989202,5.330189,17.950245
5.261480,17.992880,5.296222,17.952703
5.261480,17.992880,5.262308,17.955169
5.261480,17.992880,5.228412,17.957634
5.161467,17.995972,5.194491,17.960060
5.161467,17.995972,5.160438,17.962246
5.161467,17.995972,5.126262,17.964120
5.061437,17.998585,5.092024,17.965745
5.061437,17.998585,5.057797,17.967169
5.061437,17.998585,5.023690,17.968607
4.961404,18.000828,4.989683,17.970110
4.961404,18.000828,4.955719,17.971631
4.961404,18.000828,4.921788,17.973203
4.861374,18.002771,4.887924,17.974994
4.861374,18.002771,4.854103,17.977015
4.861374,18.002771,4.820295,17.979198
4.761350,18.004435,4.786484,17.981503
4.761350,18.004435,4.752638,17.983845
4.761350,18.004435,4.718674,17.985994
4.661328,18.005831,4.684529,17.987783
4.661328,18.005831,4.650232,17.989151
4.661328,18.005831,4.615939,17.990244
4.561311,18.006975,4.581783,17.991303
4.561311,18.006975,4.547766,17.992519
4.561311,18.006975,4.513838,17.993925
4.461298,18.007883,4.479947,17.995474
4.461298,18.007883,4.446033,17.997034
4.461298,18.007883,4.412003,17.998383
4.361287,18.008570,4.377803,17.999356
4.361287,18.008570,4.343481,17.999933
4.261280,18.009052,4.309119,18.000165
4.261280,18.009052,4.274843,18.000216
4.261280,18.009052,4.240729,18.000321
4.161275,18.009344,4.206745,18.000643
4.161275,18.009344,4.172834,18.001167
4.161275,18.009344,4.138947,18.001850
4.061274,18.009459,4.105064,18.002659
4.061274,18.009459,4.071173,18.003564
4.061274,18.009459,4.037272,18.004544
3.961274,18.009415,4.003360,18.005577
3.961274,18.009415,3.969437,18.006649
3.961274,18.009415,3.935506,18.007745
3.861277,18.009224,3.901566,18.008860
3.861277,18.009224,3.867620,18.009978
3.861277,18.009224,3.833668,18.011097
3.761282,18.008904,3.799711,18.012210
3.761282,18.008904,3.765743,18.013304
3.761282,18.008904,3.731705,18.014184
3.661289,18.008467,3.697521,18.014677
3.661289,18.008467,3.663113,18.014616
3.661289,18.008467,3.628479,18.013887
3.561297,18.007931,3.593934,18.012766
3.561297,18.007931,3.559614,18.011511
3.561297,18.007931,3.525508,18.010347
3.461306,18.007311,3.491547,18.009449
3.461306,18.007311,3.457643,18.008968
3.461306,18.007311,3.423707,18.009035
3.361316,18.006620,3.389663,18.009762
3.361316,18.006620,3.355453,18.011257
3.361316,18.006620,3.322752,18.013388
3.261328,18.005875,3.294608,18.015349
3.261328,18.005875,3.268921,18.017174
3.261328,18.005875,3.244447,18.018855
3.261328,18.005875,3.220531,18.020419
3.161340,18.005091,3.196815,18.021887
3.161340,18.005091,3.173080,18.023069
3.161340,18.005091,3.149194,18.023730
3.161340,18.005091,3.125076,18.023852
3.061352,18.004282,3.100671,18.023355
3.061352,18.004282,3.076027,18.022201
3.061352,18.004282,3.051314,18.020480
3.061352,18.004282,3.026637,18.018269
2.961364,18.003464,2.999401,18.015269
2.961364,18.003464,2.968408,18.011659
2.961364,18.003464,2.935805,18.007884
2.861376,18.002651,2.902568,18.004217
2.861376,18.002651,2.869087,18.000876
2.861376,18.002651,2.835479,17.997975
2.761388,18.001860,2.801797,17.995434
2.761388,18.001860,2.768062,17.993139
2.761388,18.001860,2.734284,17.991028
2.661400,18.001104,2.700465,17.989090
2.661400,18.001104,2.666614,17.987283
2.661400,18.001104,2.632738,17.985577
2.561410,18.000401,2.598837,17.984090
2.561410,18.000401,2.564888,17.982983
2.561410,18.000401,2.530887,17.982344
2.461420,17.999763,2.496857,17.982060
2.461420,17.999763,2.462813,17.982069
2.461420,17.999763,2.428764,17.982332
2.361428,17.999199,2.394715,17.982808
2.361428,17.999199,2.360668,17.983463
2.361428,17.999199,2.326625,17.984278
2.261436,17.998705,2.292586,17.985231
2.261436,17.998705,2.258554,17.986302
2.261436,17.998705,2.224527,17.987483
2.161442,17.998281,2.190506,17.988759
2.161442,17.998281,2.156492,17.990122
2.161442,17.998281,2.122483,17.991566
2.061448,17.997921,2.088481,17.993084
2.061448,17.997921,2.054483,17.994672
2.061448,17.997921,2.020496,17.996309
1.961452,17.997625,1.986531,17.997777
1.961452,17.997625,1.952554,17.998905
1.961452,17.997625,1.918503,17.999544
1.861456,17.997387,1.884362,17.999624
1.861456,17.997387,1.850266,17.999452
1.861456,17.997387,1.816239,17.999263
1.761459,17.997206,1.782237,17.999268
1.761459,17.997206,1.748229,17.999563
1.761459,17.997206,1.714241,17.999880
1.661460,17.997078,1.680255,18.000027
1.661460,17.997078,1.646263,17.999987
1.661460,17.997078,1.612267,17.999828
1.561462,17.997000,1.578273,17.999620
1.561462,17.997000,1.544276,17.999586
1.461462,17.996969,1.510229,17.999897
1.461462,17.996969,1.476068,18.000712
1.461462,17.996969,1.441846,18.002016
1.361462,17.996983,1.407709,18.003503
1.361462,17.996983,1.373667,18.004935
1.361462,17.996983,1.339667,18.006123
1.261461,17.997038,1.305684,18.007081
1.261461,17.997038,1.271706,18.008094
1.261461,17.997038,1.237679,18.009363
1.161460,17.997131,1.203538,18.011063
1.161460,17.997131,1.169300,18.013259
1.161460,17.997131,1.135047,18.015861
1.061458,17.997259,1.100816,18.018811
1.061458,17.997259,1.066624,18.022061
